GEOID,STATE,COUNTY,TRACT,BLOCK,P1_Total(001),P1_White(003),P1_Black(004),P1_AIAN(005),P1_Asian(006),P1_NHPI(007),P1_Other(008),P1_TwoPlus(009),P2_Total(001),P2_Hispanic(002),P2_NotHispanic(003),P2_NH_White(005),P2_NH_Black(006),P2_NH_AIAN(007),P2_NH_Asian(008),P2_NH_NHPI(009),P2_NH_Other(010),P2_NH_TwoPlus(011),H1_TotalUnits(001),H1_Occupied(002),H1_Vacant(003),P5_GQTotal(001),P5_Inst(002),P5_Correctional(003),P5_Juvenile(004),P5_Nursing(005),P5_OtherInst(006),P5_NonInst(007),P5_College(008),P5_Military(009),P5_OtherNonInst(010),ad_old,ad_new
361190109034008,36,119,010903,4008,0,0,0,0,0,0,0,0,0,0,0,0,0,0,0,0,0,0,0,0,0,0,0,0,0,0,0,0,0,0,0,092,092
361190119021005,36,119,011902,1005,23,14,0,0,0,0,3,6,23,4,19,14,0,0,0,0,3,2,6,6,0,0,0,0,0,0,0,0,0,0,0,092,092
361190120002029,36,119,012000,2029,55,43,0,0,4,0,6,2,55,8,47,43,0,0,4,0,0,0,20,18,2,0,0,0,0,0,0,0,0,0,0,092,092
361190121022019,36,119,012102,2019,30,26,0,0,0,0,1,3,30,3,27,25,0,0,0,0,0,2,12,8,4,0,0,0,0,0,0,0,0,0,0,092,092
361190021042001,36,119,002104,2001,17,6,0,0,2,0,3,6,17,5,12,6,0,0,2,0,0,4,3,1,2,0,0,0,0,0,0,0,0,0,0,090,090
361190021071004,36,119,002107,1004,54,25,2,1,5,0,9,12,54,22,32,17,2,1,5,0,0,7,20,20,0,0,0,0,0,0,0,0,0,0,0,090,090
361190021041001,36,119,002104,1001,36,24,2,0,1,0,9,0,36,17,19,18,0,0,1,0,0,0,13,11,2,0,0,0,0,0,0,0,0,0,0,090,090
361190021041008,36,119,002104,1008,26,24,0,0,0,0,0,2,26,1,25,24,0,0,0,0,0,1,9,4,5,0,0,0,0,0,0,0,0,0,0,090,090
361190021041013,36,119,002104,1013,59,44,3,0,7,0,1,4,59,17,42,28,3,0,7,0,0,4,14,14,0,0,0,0,0,0,0,0,0,0,0,090,090
361190022041007,36,119,002204,1007,22,18,0,0,1,0,3,0,22,3,19,18,0,0,1,0,0,0,8,8,0,0,0,0,0,0,0,0,0,0,0,090,090
361190022011010,36,119,002201,1010,26,17,0,0,5,0,3,1,26,7,19,14,0,0,5,0,0,0,4,4,0,0,0,0,0,0,0,0,0,0,0,090,090
361190022011023,36,119,002201,1023,23,20,0,0,0,0,1,2,23,1,22,20,0,0,0,0,0,2,13,13,0,0,0,0,0,0,0,0,0,0,0,090,090
361190022011017,36,119,002201,1017,28,22,1,0,0,0,0,5,28,4,24,22,1,0,0,0,0,1,10,10,0,0,0,0,0,0,0,0,0,0,0,090,090
361190022023007,36,119,002202,3007,72,36,14,0,5,0,4,13,72,19,53,32,14,0,5,0,0,2,27,27,0,0,0,0,0,0,0,0,0,0,0,090,090
361190022023000,36,119,002202,3000,0,0,0,0,0,0,0,0,0,0,0,0,0,0,0,0,0,0,0,0,0,0,0,0,0,0,0,0,0,0,0,090,090
361190022023012,36,119,002202,3012,28,23,2,0,2,0,0,1,28,1,27,23,2,0,2,0,0,0,14,14,0,0,0,0,0,0,0,0,0,0,0,090,090
361190009001012,36,119,000900,1012,85,38,6,0,1,0,23,17,85,35,50,38,6,0,1,0,2,3,28,28,0,0,0,0,0,0,0,0,0,0,0,092,090
361190021051013,36,119,002105,1013,118,48,6,0,60,0,0,4,118,2,116,48,6,0,60,0,0,2,38,38,0,0,0,0,0,0,0,0,0,0,0,090,090
361190021062001,36,119,002106,2001,182,50,44,0,34,0,15,39,182,60,122,35,33,0,34,0,3,17,87,74,13,0,0,0,0,0,0,0,0,0,0,090,090
361190021071018,36,119,002107,1018,46,30,1,0,6,0,1,8,46,8,38,30,0,0,6,0,1,1,12,12,0,0,0,0,0,0,0,0,0,0,0,090,090
361190021052018,36,119,002105,2018,23,19,0,0,0,0,1,3,23,1,22,19,0,0,0,0,0,3,9,9,0,0,0,0,0,0,0,0,0,0,0,090,090
361190021031017,36,119,002103,1017,38,29,0,0,6,0,0,3,38,4,34,28,0,0,6,0,0,0,12,12,0,0,0,0,0,0,0,0,0,0,0,090,090
361190120001002,36,119,012000,1002,0,0,0,0,0,0,0,0,0,0,0,0,0,0,0,0,0,0,0,0,0,0,0,0,0,0,0,0,0,0,0,092,092
361190116021006,36,119,011602,1006,0,0,0,0,0,0,0,0,0,0,0,0,0,0,0,0,0,0,0,0,0,0,0,0,0,0,0,0,0,0,0,092,092
361190118003035,36,119,011800,3035,7,6,0,0,0,0,0,1,7,4,3,3,0,0,0,0,0,0,4,4,0,0,0,0,0,0,0,0,0,0,0,092,092
361190121013032,36,119,012101,3032,78,71,0,0,0,0,2,5,78,3,75,71,0,0,0,0,0,4,28,28,0,0,0,0,0,0,0,0,0,0,0,092,092
361190121013029,36,119,012101,3029,32,26,0,0,4,0,0,2,32,2,30,26,0,0,4,0,0,0,9,9,0,0,0,0,0,0,0,0,0,0,0,092,092
361190121013011,36,119,012101,3011,86,80,0,0,0,0,0,6,86,7,79,79,0,0,0,0,0,0,25,25,0,0,0,0,0,0,0,0,0,0,0,092,092
361190121013034,36,119,012101,3034,0,0,0,0,0,0,0,0,0,0,0,0,0,0,0,0,0,0,0,0,0,0,0,0,0,0,0,0,0,0,0,092,092
361190119021028,36,119,011902,1028,0,0,0,0,0,0,0,0,0,0,0,0,0,0,0,0,0,0,0,0,0,0,0,0,0,0,0,0,0,0,0,092,092
361190119021038,36,119,011902,1038,77,66,1,1,0,0,2,7,77,4,73,66,1,1,0,0,0,5,25,25,0,0,0,0,0,0,0,0,0,0,0,092,092
361190119021044,36,119,011902,1044,26,14,4,0,5,0,0,3,26,0,26,14,4,0,5,0,0,3,8,8,0,0,0,0,0,0,0,0,0,0,0,092,092
361190119021042,36,119,011902,1042,21,17,0,0,0,0,2,2,21,3,18,17,0,0,0,0,0,1,11,11,0,0,0,0,0,0,0,0,0,0,0,092,092
361190119021040,36,119,011902,1040,27,21,4,1,0,0,1,0,27,2,25,21,4,0,0,0,0,0,14,14,0,0,0,0,0,0,0,0,0,0,0,092,092
361190119021041,36,119,011902,1041,29,23,3,0,0,0,1,2,29,5,24,22,2,0,0,0,0,0,9,9,0,0,0,0,0,0,0,0,0,0,0,092,092
361190119023000,36,119,011902,3000,29,23,5,0,0,0,1,0,29,9,20,19,1,0,0,0,0,0,11,11,0,0,0,0,0,0,0,0,0,0,0,092,092
361190021062006,36,119,002106,2006,234,27,92,3,57,0,32,23,234,43,191,26,92,0,57,0,0,16,108,108,0,0,0,0,0,0,0,0,0,0,0,090,090
361190112003011,36,119,011200,3011,0,0,0,0,0,0,0,0,0,0,0,0,0,0,0,0,0,0,0,0,0,0,0,0,0,0,0,0,0,0,0,092,092
361190021013009,36,119,002101,3009,316,175,34,1,18,0,46,42,316,82,234,156,34,1,18,0,8,17,167,166,1,0,0,0,0,0,0,0,0,0,0,090,090
361190021042019,36,119,002104,2019,38,19,2,0,10,0,2,5,38,4,34,18,2,0,10,0,2,2,12,12,0,0,0,0,0,0,0,0,0,0,0,090,090
361190021042002,36,119,002104,2002,49,12,6,0,14,0,14,3,49,16,33,12,4,0,14,0,2,1,22,22,0,0,0,0,0,0,0,0,0,0,0,090,090
361190119022007,36,119,011902,2007,31,22,0,1,2,0,0,6,31,2,29,22,0,0,2,0,0,5,11,11,0,0,0,0,0,0,0,0,0,0,0,092,092
361190119022008,36,119,011902,2008,37,14,2,0,5,0,10,6,37,15,22,14,1,0,5,0,2,0,8,8,0,0,0,0,0,0,0,0,0,0,0,092,092
361190119023003,36,119,011902,3003,392,262,33,7,19,0,17,54,392,65,327,253,27,3,19,0,4,21,142,137,5,31,31,31,0,0,0,0,0,0,0,092,092
361190109034002,36,119,010903,4002,47,3,17,0,2,0,17,8,47,20,27,3,17,0,2,0,2,3,18,18,0,0,0,0,0,0,0,0,0,0,0,092,092
361190109011019,36,119,010901,1019,48,39,0,0,1,0,0,8,48,6,42,39,0,0,1,0,0,2,18,18,0,0,0,0,0,0,0,0,0,0,0,092,092
361190109021000,36,119,010902,1000,193,134,23,0,15,0,14,7,193,18,175,134,23,0,15,0,0,3,106,105,1,0,0,0,0,0,0,0,0,0,0,092,092
361190119023009,36,119,011902,3009,89,82,0,0,5,0,0,2,89,4,85,79,0,0,5,0,0,1,39,39,0,0,0,0,0,0,0,0,0,0,0,092,092
361190119023007,36,119,011902,3007,54,41,0,0,2,0,4,7,54,9,45,41,0,0,2,0,0,2,20,20,0,0,0,0,0,0,0,0,0,0,0,092,092
361190021042008,36,119,002104,2008,43,22,0,0,7,0,11,3,43,14,29,22,0,0,7,0,0,0,11,11,0,0,0,0,0,0,0,0,0,0,0,090,090
361190021042033,36,119,002104,2033,64,34,3,0,7,0,1,19,64,17,47,31,3,0,7,0,0,6,20,18,2,0,0,0,0,0,0,0,0,0,0,090,090
361190021042020,36,119,002104,2020,26,9,11,0,3,0,2,1,26,4,22,9,8,0,3,0,1,1,3,3,0,0,0,0,0,0,0,0,0,0,0,090,090
361190021042038,36,119,002104,2038,43,15,4,0,8,0,3,13,43,20,23,12,0,0,8,0,2,1,11,11,0,0,0,0,0,0,0,0,0,0,0,090,090
361190022011012,36,119,002201,1012,23,4,0,0,15,0,2,2,23,4,19,4,0,0,15,0,0,0,7,7,0,0,0,0,0,0,0,0,0,0,0,090,090
361190021042026,36,119,002104,2026,26,6,0,0,0,0,7,13,26,19,7,6,0,0,0,0,0,1,9,6,3,0,0,0,0,0,0,0,0,0,0,090,090
361190021042018,36,119,002104,2018,93,59,5,0,7,0,5,17,93,31,62,52,2,0,7,0,0,1,31,31,0,0,0,0,0,0,0,0,0,0,0,090,090
361190021042021,36,119,002104,2021,36,21,1,0,8,0,0,6,36,4,32,21,1,0,8,0,0,2,11,11,0,0,0,0,0,0,0,0,0,0,0,090,090
361190021042025,36,119,002104,2025,37,21,5,0,6,0,0,5,37,5,32,21,4,0,6,0,0,1,12,12,0,0,0,0,0,0,0,0,0,0,0,090,090
361190022011011,36,119,002201,1011,29,19,6,0,0,0,3,1,29,6,23,17,6,0,0,0,0,0,10,9,1,0,0,0,0,0,0,0,0,0,0,090,090
361190021041014,36,119,002104,1014,49,35,0,0,6,0,6,2,49,6,43,35,0,0,6,0,2,0,16,16,0,0,0,0,0,0,0,0,0,0,0,090,090
361190021041011,36,119,002104,1011,75,61,0,0,1,0,2,11,75,15,60,58,0,0,1,0,0,1,26,26,0,0,0,0,0,0,0,0,0,0,0,090,090
361190021042000,36,119,002104,2000,45,30,2,0,0,0,11,2,45,14,31,28,2,0,0,0,1,0,16,16,0,0,0,0,0,0,0,0,0,0,0,090,090
361190021071012,36,119,002107,1012,53,30,2,0,5,0,1,15,53,26,27,21,0,0,4,0,0,2,12,12,0,0,0,0,0,0,0,0,0,0,0,090,090
361190021042031,36,119,002104,2031,48,31,0,1,4,0,0,12,48,17,31,25,0,0,2,0,0,4,10,10,0,0,0,0,0,0,0,0,0,0,0,090,090
361190021041000,36,119,002104,1000,386,256,34,2,41,0,36,17,386,65,321,246,34,0,41,0,0,0,135,135,0,0,0,0,0,0,0,0,0,0,0,090,090
361190021041005,36,119,002104,1005,27,18,0,1,0,0,5,3,27,9,18,17,0,0,0,0,1,0,8,8,0,0,0,0,0,0,0,0,0,0,0,090,090
361190021071005,36,119,002107,1005,31,9,1,1,8,0,9,3,31,12,19,8,1,1,8,0,1,0,5,5,0,0,0,0,0,0,0,0,0,0,0,090,090
361190021041006,36,119,002104,1006,43,36,3,0,3,0,0,1,43,2,41,35,3,0,3,0,0,0,21,21,0,0,0,0,0,0,0,0,0,0,0,090,090
361190021071017,36,119,002107,1017,58,48,1,2,5,0,0,2,58,5,53,48,0,0,5,0,0,0,22,22,0,0,0,0,0,0,0,0,0,0,0,090,090
361190021041016,36,119,002104,1016,50,41,0,0,2,0,0,7,50,9,41,37,0,0,2,0,0,2,11,11,0,0,0,0,0,0,0,0,0,0,0,090,090
361190021041002,36,119,002104,1002,67,39,0,0,22,0,0,6,67,7,60,37,0,0,22,0,0,1,18,18,0,0,0,0,0,0,0,0,0,0,0,090,090
361190021041007,36,119,002104,1007,152,110,8,0,21,0,11,2,152,11,141,110,8,0,21,0,0,2,53,53,0,0,0,0,0,0,0,0,0,0,0,090,090
361190021041004,36,119,002104,1004,41,30,2,0,0,0,0,9,41,10,31,30,0,0,0,0,0,1,15,15,0,0,0,0,0,0,0,0,0,0,0,090,090
361190118003043,36,119,011800,3043,94,87,0,0,1,0,0,6,94,0,94,87,0,0,1,0,0,6,67,67,0,0,0,0,0,0,0,0,0,0,0,092,092
361190117002002,36,119,011700,2002,51,43,0,0,1,0,0,7,51,0,51,43,0,0,1,0,0,7,12,12,0,0,0,0,0,0,0,0,0,0,0,092,092
361190118003033,36,119,011800,3033,22,18,1,0,3,0,0,0,22,0,22,18,1,0,3,0,0,0,6,6,0,0,0,0,0,0,0,0,0,0,0,092,092
361190107011030,36,119,010701,1030,467,341,13,0,75,0,13,25,467,44,423,326,13,0,75,0,5,4,210,202,8,0,0,0,0,0,0,0,0,0,0,092,092
361190014021000,36,119,001402,1000,207,123,14,0,9,0,42,19,207,73,134,109,14,0,9,0,2,0,74,74,0,0,0,0,0,0,0,0,0,0,0,090,090
361190112003010,36,119,011200,3010,0,0,0,0,0,0,0,0,0,0,0,0,0,0,0,0,0,0,0,0,0,0,0,0,0,0,0,0,0,0,0,092,092
361190020004008,36,119,002000,4008,0,0,0,0,0,0,0,0,0,0,0,0,0,0,0,0,0,0,0,0,0,0,0,0,0,0,0,0,0,0,0,090,090
361190020004017,36,119,002000,4017,0,0,0,0,0,0,0,0,0,0,0,0,0,0,0,0,0,0,0,0,0,0,0,0,0,0,0,0,0,0,0,090,090
361190020004016,36,119,002000,4016,0,0,0,0,0,0,0,0,0,0,0,0,0,0,0,0,0,0,0,0,0,0,0,0,0,0,0,0,0,0,0,090,090
361190020004009,36,119,002000,4009,0,0,0,0,0,0,0,0,0,0,0,0,0,0,0,0,0,0,0,0,0,0,0,0,0,0,0,0,0,0,0,090,090
361190020004022,36,119,002000,4022,14,2,0,0,6,0,1,5,14,4,10,2,0,0,6,0,0,2,1,0,1,0,0,0,0,0,0,0,0,0,0,090,090
361190020004013,36,119,002000,4013,0,0,0,0,0,0,0,0,0,0,0,0,0,0,0,0,0,0,0,0,0,0,0,0,0,0,0,0,0,0,0,090,090
361190024022002,36,119,002402,2002,39,20,1,0,3,0,6,9,39,9,30,20,1,0,2,0,3,4,15,15,0,3,0,0,0,0,0,3,0,0,3,090,090
361190106003012,36,119,010600,3012,0,0,0,0,0,0,0,0,0,0,0,0,0,0,0,0,0,0,0,0,0,0,0,0,0,0,0,0,0,0,0,092,092
361190002022003,36,119,000202,2003,0,0,0,0,0,0,0,0,0,0,0,0,0,0,0,0,0,0,0,0,0,0,0,0,0,0,0,0,0,0,0,089,089
361190103002011,36,119,010300,2011,0,0,0,0,0,0,0,0,0,0,0,0,0,0,0,0,0,0,0,0,0,0,0,0,0,0,0,0,0,0,0,092,092
361190151004009,36,119,015100,4009,123,65,43,3,0,0,6,6,123,12,111,64,43,0,0,0,0,4,7,7,0,104,104,0,0,104,0,0,0,0,0,089,089
361190105005005,36,119,010500,5005,153,130,3,0,3,0,0,17,153,13,140,129,3,0,3,0,0,5,56,51,5,0,0,0,0,0,0,0,0,0,0,092,092
361190121012009,36,119,012101,2009,10,2,0,0,1,0,0,7,10,7,3,2,0,0,1,0,0,0,1,1,0,0,0,0,0,0,0,0,0,0,0,092,092
361190104002003,36,119,010400,2003,44,37,1,1,0,0,2,3,44,7,37,33,1,1,0,0,2,0,16,16,0,0,0,0,0,0,0,0,0,0,0,092,092
361190021031001,36,119,002103,1001,74,66,0,0,0,0,0,8,74,7,67,65,0,0,0,0,0,2,33,31,2,0,0,0,0,0,0,0,0,0,0,090,090
361190015022001,36,119,001502,2001,121,78,17,1,7,0,10,8,121,15,106,78,17,1,6,0,0,4,40,40,0,0,0,0,0,0,0,0,0,0,0,089,089
361190015031012,36,119,001503,1012,11,5,0,0,0,0,0,6,11,1,10,5,0,0,0,0,0,5,3,3,0,0,0,0,0,0,0,0,0,0,0,089,089
361190015022000,36,119,001502,2000,156,91,12,2,5,0,33,13,156,45,111,84,12,0,5,0,3,7,51,51,0,0,0,0,0,0,0,0,0,0,0,089,089
361190015021003,36,119,001502,1003,144,34,44,0,4,0,24,38,144,46,98,34,41,0,3,0,3,17,82,78,4,0,0,0,0,0,0,0,0,0,0,089,089
361190030002010,36,119,003000,2010,0,0,0,0,0,0,0,0,0,0,0,0,0,0,0,0,0,0,0,0,0,0,0,0,0,0,0,0,0,0,0,089,089
361190030002009,36,119,003000,2009,42,1,25,2,0,0,8,6,42,11,31,1,23,0,0,0,5,2,17,17,0,0,0,0,0,0,0,0,0,0,0,089,089
361190030002014,36,119,003000,2014,66,5,43,0,5,0,4,9,66,8,58,5,42,0,5,0,2,4,19,13,6,0,0,0,0,0,0,0,0,0,0,089,089
361190030002013,36,119,003000,2013,93,5,76,0,5,0,5,2,93,10,83,2,72,0,5,0,3,1,35,35,0,0,0,0,0,0,0,0,0,0,0,089,089
361190029002005,36,119,002900,2005,275,3,245,0,0,0,2,25,275,13,262,3,243,0,0,0,0,16,106,96,10,0,0,0,0,0,0,0,0,0,0,089,089
361190029002008,36,119,002900,2008,46,2,22,0,1,0,11,10,46,19,27,2,18,0,0,0,3,4,13,9,4,0,0,0,0,0,0,0,0,0,0,089,089
361190029002010,36,119,002900,2010,154,0,135,2,1,0,9,7,154,18,136,0,127,2,1,0,0,6,60,60,0,0,0,0,0,0,0,0,0,0,0,089,089
361190029001006,36,119,002900,1006,0,0,0,0,0,0,0,0,0,0,0,0,0,0,0,0,0,0,0,0,0,0,0,0,0,0,0,0,0,0,0,089,089
361190029002012,36,119,002900,2012,105,1,97,0,0,0,1,6,105,5,100,0,97,0,0,0,0,3,43,38,5,0,0,0,0,0,0,0,0,0,0,089,089
361190028002002,36,119,002800,2002,158,2,133,2,11,0,2,8,158,8,150,2,130,0,11,0,2,5,51,46,5,0,0,0,0,0,0,0,0,0,0,089,089
361190028002001,36,119,002800,2001,223,3,200,0,0,0,4,16,223,14,209,3,198,0,0,0,0,8,76,76,0,0,0,0,0,0,0,0,0,0,0,089,089
361190028001001,36,119,002800,1001,242,2,199,1,0,0,30,10,242,32,210,2,191,0,0,0,7,10,86,75,11,0,0,0,0,0,0,0,0,0,0,089,089
361190028001002,36,119,002800,1002,264,4,226,7,3,0,14,10,264,22,242,4,226,5,3,0,1,3,97,97,0,0,0,0,0,0,0,0,0,0,0,089,089
361190026002002,36,119,002600,2002,7,0,0,1,0,0,3,3,7,3,4,0,0,1,0,0,2,1,1,1,0,0,0,0,0,0,0,0,0,0,0,089,089
361190034004006,36,119,003400,4006,131,8,110,0,0,0,10,3,131,12,119,8,103,0,0,0,5,3,43,43,0,0,0,0,0,0,0,0,0,0,0,089,089
361190034004002,36,119,003400,4002,110,0,88,0,2,0,16,4,110,15,95,0,88,0,2,0,4,1,45,45,0,0,0,0,0,0,0,0,0,0,0,089,089
361190034004003,36,119,003400,4003,110,1,87,0,0,0,12,10,110,17,93,1,84,0,0,0,0,8,41,41,0,0,0,0,0,0,0,0,0,0,0,089,089
361190026002033,36,119,002600,2033,0,0,0,0,0,0,0,0,0,0,0,0,0,0,0,0,0,0,0,0,0,0,0,0,0,0,0,0,0,0,0,089,089
361190026002030,36,119,002600,2030,0,0,0,0,0,0,0,0,0,0,0,0,0,0,0,0,0,0,0,0,0,0,0,0,0,0,0,0,0,0,0,089,089
361190026002026,36,119,002600,2026,0,0,0,0,0,0,0,0,0,0,0,0,0,0,0,0,0,0,0,0,0,0,0,0,0,0,0,0,0,0,0,089,089
361190034002001,36,119,003400,2001,222,14,181,0,0,1,10,16,222,35,187,13,171,0,0,1,0,2,110,100,10,0,0,0,0,0,0,0,0,0,0,089,089
361190034002004,36,119,003400,2004,86,5,70,0,0,0,0,11,86,15,71,1,66,0,0,0,0,4,39,20,19,0,0,0,0,0,0,0,0,0,0,089,089
361190016003006,36,119,001600,3006,50,8,8,1,2,0,14,17,50,28,22,8,7,0,2,0,1,4,18,18,0,0,0,0,0,0,0,0,0,0,0,090,090
361190017012005,36,119,001701,2005,75,51,4,0,6,0,5,9,75,16,59,47,4,0,6,0,0,2,26,26,0,0,0,0,0,0,0,0,0,0,0,090,090
361190016003008,36,119,001600,3008,13,2,1,0,3,0,0,7,13,8,5,0,1,0,3,0,0,1,2,0,2,0,0,0,0,0,0,0,0,0,0,090,090
361190017013008,36,119,001701,3008,101,39,7,0,7,0,28,20,101,64,37,17,7,0,7,0,0,6,28,28,0,0,0,0,0,0,0,0,0,0,0,090,090
361190023001018,36,119,002300,1018,0,0,0,0,0,0,0,0,0,0,0,0,0,0,0,0,0,0,0,0,0,0,0,0,0,0,0,0,0,0,0,090,090
361190109034029,36,119,010903,4029,33,3,23,0,3,0,1,3,33,4,29,3,23,0,3,0,0,0,8,8,0,0,0,0,0,0,0,0,0,0,0,092,092
361190108011000,36,119,010801,1000,9,4,1,1,2,0,0,1,9,2,7,4,1,0,2,0,0,0,1,1,0,0,0,0,0,0,0,0,0,0,0,092,092
361190108011029,36,119,010801,1029,46,35,5,0,6,0,0,0,46,7,39,33,4,0,2,0,0,0,21,21,0,0,0,0,0,0,0,0,0,0,0,092,092
361190111022001,36,119,011102,2001,46,20,2,0,12,0,10,2,46,12,34,20,2,0,12,0,0,0,16,16,0,0,0,0,0,0,0,0,0,0,0,092,092
361190108011010,36,119,010801,1010,61,25,11,0,11,0,5,9,61,11,50,25,8,0,11,0,5,1,19,19,0,0,0,0,0,0,0,0,0,0,0,092,092
361190108011005,36,119,010801,1005,32,12,11,0,0,0,8,1,32,7,25,12,11,0,0,0,1,1,6,6,0,0,0,0,0,0,0,0,0,0,0,092,092
361190108011034,36,119,010801,1034,48,23,4,0,12,0,3,6,48,8,40,23,4,0,12,0,0,1,16,10,6,0,0,0,0,0,0,0,0,0,0,092,092
361190108042007,36,119,010804,2007,37,11,1,0,4,0,9,12,37,19,18,11,1,0,4,0,1,1,14,14,0,4,0,0,0,0,0,4,0,0,4,092,092
361190013011013,36,119,001301,1013,70,41,5,0,14,0,1,9,70,17,53,33,5,0,14,0,0,1,30,30,0,0,0,0,0,0,0,0,0,0,0,090,090
361190013011020,36,119,001301,1020,157,45,27,0,4,0,58,23,157,79,78,37,27,0,4,0,7,3,57,57,0,0,0,0,0,0,0,0,0,0,0,089,089
361190013022002,36,119,001302,2002,495,54,99,8,6,0,247,81,495,366,129,48,71,1,6,0,0,3,187,178,9,0,0,0,0,0,0,0,0,0,0,089,089
361190013011023,36,119,001301,1023,90,45,16,0,2,0,5,22,90,24,66,42,15,0,2,0,0,7,27,18,9,0,0,0,0,0,0,0,0,0,0,089,089
361190009002019,36,119,000900,2019,0,0,0,0,0,0,0,0,0,0,0,0,0,0,0,0,0,0,0,0,0,0,0,0,0,0,0,0,0,0,0,092,092
361190008014003,36,119,000801,4003,237,99,8,2,27,0,58,43,237,111,126,87,7,0,27,0,2,3,132,132,0,0,0,0,0,0,0,0,0,0,0,090,090
361190114021019,36,119,011402,1019,133,103,3,0,19,0,0,8,133,6,127,103,3,0,19,0,0,2,42,42,0,0,0,0,0,0,0,0,0,0,0,092,092
361190008012001,36,119,000801,2001,68,40,3,1,6,0,10,8,68,22,46,35,3,1,6,0,0,1,23,21,2,0,0,0,0,0,0,0,0,0,0,090,090
361190113004005,36,119,011300,4005,312,283,0,0,15,0,1,13,312,7,305,279,0,0,15,0,0,11,136,129,7,0,0,0,0,0,0,0,0,0,0,092,092
361190114021009,36,119,011402,1009,32,23,2,1,6,0,0,0,32,0,32,23,2,1,6,0,0,0,11,11,0,0,0,0,0,0,0,0,0,0,0,092,092
361190021044002,36,119,002104,4002,0,0,0,0,0,0,0,0,0,0,0,0,0,0,0,0,0,0,0,0,0,0,0,0,0,0,0,0,0,0,0,090,090
361190109033020,36,119,010903,3020,36,15,0,0,4,0,15,2,36,17,19,13,0,0,4,0,1,1,11,11,0,0,0,0,0,0,0,0,0,0,0,092,092
361190013051000,36,119,001305,1000,35,9,1,3,1,0,2,19,35,21,14,4,1,2,1,0,0,6,2,0,2,0,0,0,0,0,0,0,0,0,0,089,089
361190002031001,36,119,000203,1001,125,28,29,1,10,0,28,29,125,61,64,23,21,1,10,0,0,9,61,61,0,0,0,0,0,0,0,0,0,0,0,089,089
361190002031003,36,119,000203,1003,188,41,23,4,1,0,96,23,188,127,61,32,23,0,0,0,0,6,91,91,0,0,0,0,0,0,0,0,0,0,0,089,089
361190013052003,36,119,001305,2003,354,66,45,9,19,0,151,64,354,243,111,46,34,2,19,0,5,5,130,112,18,8,8,0,0,0,8,0,0,0,0,089,089
361190011023001,36,119,001102,3001,146,17,53,1,5,1,41,28,146,75,71,9,52,1,5,1,1,2,55,43,12,0,0,0,0,0,0,0,0,0,0,090,090
361190013012011,36,119,001301,2011,19,9,2,0,4,0,0,4,19,8,11,6,0,0,4,0,0,1,1,1,0,0,0,0,0,0,0,0,0,0,0,090,090
361190013012014,36,119,001301,2014,62,44,1,1,0,0,15,1,62,19,43,40,1,0,0,0,2,0,25,25,0,0,0,0,0,0,0,0,0,0,0,090,090
361190112003005,36,119,011200,3005,18,0,8,0,2,0,6,2,18,7,11,0,8,0,2,0,0,1,3,3,0,0,0,0,0,0,0,0,0,0,0,092,092
361190112004026,36,119,011200,4026,32,6,11,0,1,0,4,10,32,14,18,6,11,0,1,0,0,0,14,14,0,0,0,0,0,0,0,0,0,0,0,092,092
361190112004033,36,119,011200,4033,41,4,3,7,0,0,23,4,41,36,5,2,2,0,0,0,1,0,14,8,6,0,0,0,0,0,0,0,0,0,0,092,092
361190109033010,36,119,010903,3010,29,10,10,0,7,0,0,2,29,2,27,10,10,0,7,0,0,0,13,13,0,0,0,0,0,0,0,0,0,0,0,092,092
361190112001011,36,119,011200,1011,49,18,5,2,5,0,5,14,49,23,26,14,5,0,5,0,0,2,14,10,4,0,0,0,0,0,0,0,0,0,0,092,092
361190034003007,36,119,003400,3007,68,2,56,0,0,0,6,4,68,8,60,2,54,0,0,0,2,2,23,23,0,0,0,0,0,0,0,0,0,0,0,089,089
361190151001015,36,119,015100,1015,49,16,21,0,5,0,4,3,49,7,42,16,19,0,5,0,0,2,13,13,0,0,0,0,0,0,0,0,0,0,0,089,089
361190041003023,36,119,004100,3023,114,6,101,0,3,0,4,0,114,13,101,6,92,0,3,0,0,0,31,31,0,0,0,0,0,0,0,0,0,0,0,089,089
361190022012003,36,119,002201,2003,31,17,0,0,2,1,10,1,31,13,18,15,0,0,2,1,0,0,12,12,0,0,0,0,0,0,0,0,0,0,0,090,090
361190033001007,36,119,003300,1007,206,0,202,0,2,0,1,1,206,5,201,0,198,0,2,0,1,0,81,67,14,0,0,0,0,0,0,0,0,0,0,089,089
361190151002012,36,119,015100,2012,62,49,8,0,0,0,1,4,62,4,58,46,8,0,0,0,0,4,27,27,0,0,0,0,0,0,0,0,0,0,0,089,089
361190042002007,36,119,004200,2007,28,8,11,0,1,0,1,7,28,8,20,6,8,0,0,0,1,5,3,3,0,0,0,0,0,0,0,0,0,0,0,089,089
361190042001021,36,119,004200,1021,59,8,30,0,0,0,14,7,59,16,43,8,30,0,0,0,3,2,16,10,6,0,0,0,0,0,0,0,0,0,0,089,089
361190042001013,36,119,004200,1013,66,6,49,1,0,0,0,10,66,3,63,6,49,1,0,0,0,7,15,15,0,0,0,0,0,0,0,0,0,0,0,089,089
361190107013002,36,119,010701,3002,18,1,1,0,8,0,0,8,18,7,11,1,1,0,8,0,0,1,1,1,0,0,0,0,0,0,0,0,0,0,0,092,092
361190111013018,36,119,011101,3018,4,0,0,0,0,0,1,3,4,1,3,0,0,0,0,0,0,3,1,1,0,0,0,0,0,0,0,0,0,0,0,092,092
361190107011025,36,119,010701,1025,0,0,0,0,0,0,0,0,0,0,0,0,0,0,0,0,0,0,0,0,0,0,0,0,0,0,0,0,0,0,0,092,092
361190113001013,36,119,011300,1013,19,10,0,0,7,0,0,2,19,0,19,10,0,0,7,0,0,2,6,6,0,0,0,0,0,0,0,0,0,0,0,092,092
361190119023011,36,119,011902,3011,33,28,0,0,0,0,3,2,33,5,28,28,0,0,0,0,0,0,13,13,0,0,0,0,0,0,0,0,0,0,0,092,092
361190118002011,36,119,011800,2011,0,0,0,0,0,0,0,0,0,0,0,0,0,0,0,0,0,0,0,0,0,0,0,0,0,0,0,0,0,0,0,092,092
361190041003007,36,119,004100,3007,57,4,27,1,3,0,3,19,57,21,36,0,27,0,3,0,0,6,14,14,0,0,0,0,0,0,0,0,0,0,0,089,089
361190104003008,36,119,010400,3008,27,12,1,0,2,0,0,12,27,20,7,1,1,0,2,0,0,3,1,1,0,0,0,0,0,0,0,0,0,0,0,092,092
361190118002022,36,119,011800,2022,0,0,0,0,0,0,0,0,0,0,0,0,0,0,0,0,0,0,0,0,0,0,0,0,0,0,0,0,0,0,0,092,092
361190003001000,36,119,000300,1000,81,8,2,5,0,0,48,18,81,77,4,0,1,0,0,0,0,3,23,10,13,0,0,0,0,0,0,0,0,0,0,090,090
361190103002008,36,119,010300,2008,0,0,0,0,0,0,0,0,0,0,0,0,0,0,0,0,0,0,0,0,0,0,0,0,0,0,0,0,0,0,0,092,092
361190103002009,36,119,010300,2009,68,39,9,2,3,0,3,12,68,10,58,34,9,2,3,0,2,8,15,15,0,8,8,0,8,0,0,0,0,0,0,092,092
361190009002003,36,119,000900,2003,12,0,2,0,4,0,3,3,12,4,8,0,1,0,4,0,1,2,1,1,0,0,0,0,0,0,0,0,0,0,0,092,092
361190122013000,36,119,012201,3000,26,18,0,0,2,0,1,5,26,6,20,18,0,0,2,0,0,0,6,6,0,0,0,0,0,0,0,0,0,0,0,092,092
361190122013014,36,119,012201,3014,14,7,0,0,3,0,0,4,14,2,12,7,0,0,3,0,0,2,4,4,0,0,0,0,0,0,0,0,0,0,0,092,092
361190122013016,36,119,012201,3016,21,17,0,1,2,0,0,1,21,2,19,17,0,0,2,0,0,0,6,6,0,0,0,0,0,0,0,0,0,0,0,092,092
361190118004014,36,119,011800,4014,41,32,0,0,7,0,1,1,41,1,40,32,0,0,7,0,1,0,16,16,0,0,0,0,0,0,0,0,0,0,0,092,092
361190118005020,36,119,011800,5020,16,9,0,0,2,0,0,5,16,1,15,8,0,0,2,0,0,5,1,0,1,0,0,0,0,0,0,0,0,0,0,092,092
361190013011006,36,119,001301,1006,20,1,5,3,4,0,5,2,20,15,5,1,0,0,4,0,0,0,2,0,2,0,0,0,0,0,0,0,0,0,0,090,090
361190119021023,36,119,011902,1023,0,0,0,0,0,0,0,0,0,0,0,0,0,0,0,0,0,0,0,0,0,0,0,0,0,0,0,0,0,0,0,092,092
361190103002002,36,119,010300,2002,104,78,0,0,2,0,4,20,104,20,84,76,0,0,2,0,0,6,50,50,0,0,0,0,0,0,0,0,0,0,0,092,092
361190103001010,36,119,010300,1010,55,41,0,0,9,0,1,4,55,2,53,41,0,0,9,0,0,3,15,15,0,0,0,0,0,0,0,0,0,0,0,092,092
361190151004016,36,119,015100,4016,0,0,0,0,0,0,0,0,0,0,0,0,0,0,0,0,0,0,0,0,0,0,0,0,0,0,0,0,0,0,0,089,089
361190118005002,36,119,011800,5002,26,17,0,0,0,0,0,9,26,2,24,17,0,0,0,0,0,7,7,7,0,0,0,0,0,0,0,0,0,0,0,092,092
361190037003005,36,119,003700,3005,0,0,0,0,0,0,0,0,0,0,0,0,0,0,0,0,0,0,0,0,0,0,0,0,0,0,0,0,0,0,0,089,089
361190009002004,36,119,000900,2004,6,1,2,0,0,0,3,0,6,3,3,1,2,0,0,0,0,0,0,0,0,6,0,0,0,0,0,6,0,0,6,092,092
361190009001001,36,119,000900,1001,696,278,95,1,79,0,136,107,696,268,428,243,80,1,79,0,0,25,227,222,5,32,32,0,0,0,32,0,0,0,0,090,090
361190120001050,36,119,012000,1050,130,113,1,0,16,0,0,0,130,1,129,112,1,0,16,0,0,0,44,44,0,0,0,0,0,0,0,0,0,0,0,092,092
361190121021024,36,119,012102,1024,23,17,0,0,0,0,6,0,23,8,15,15,0,0,0,0,0,0,10,2,8,0,0,0,0,0,0,0,0,0,0,092,092
361190121021022,36,119,012102,1022,36,26,0,0,0,0,2,8,36,9,27,26,0,0,0,0,0,1,10,4,6,0,0,0,0,0,0,0,0,0,0,092,092
361190120001011,36,119,012000,1011,0,0,0,0,0,0,0,0,0,0,0,0,0,0,0,0,0,0,0,0,0,0,0,0,0,0,0,0,0,0,0,092,092
361190121023026,36,119,012102,3026,19,6,2,1,1,0,0,9,19,8,11,5,2,1,1,0,0,2,2,1,1,0,0,0,0,0,0,0,0,0,0,092,092
361190109022018,36,119,010902,2018,39,6,15,0,3,0,13,2,39,14,25,5,15,0,3,0,2,0,16,12,4,0,0,0,0,0,0,0,0,0,0,092,092
361190022042010,36,119,002204,2010,262,198,26,0,5,0,29,4,262,34,228,191,26,0,5,0,3,3,167,151,16,0,0,0,0,0,0,0,0,0,0,090,090
361190045001010,36,119,004500,1010,0,0,0,0,0,0,0,0,0,0,0,0,0,0,0,0,0,0,0,0,0,0,0,0,0,0,0,0,0,0,0,089,089
361190121023014,36,119,012102,3014,18,16,0,0,0,0,0,2,18,0,18,16,0,0,0,0,0,2,7,7,0,0,0,0,0,0,0,0,0,0,0,092,092
361190121023011,36,119,012102,3011,19,13,0,0,5,0,0,1,19,1,18,13,0,0,5,0,0,0,6,6,0,0,0,0,0,0,0,0,0,0,0,092,092
361190121012040,36,119,012101,2040,53,40,0,0,6,0,0,7,53,4,49,38,0,0,6,0,0,5,16,7,9,0,0,0,0,0,0,0,0,0,0,092,092
361190121022003,36,119,012102,2003,19,10,1,0,2,0,3,3,19,5,14,10,1,0,2,0,0,1,7,6,1,0,0,0,0,0,0,0,0,0,0,092,092
361190121013008,36,119,012101,3008,279,250,0,0,9,0,8,12,279,18,261,247,0,0,9,0,0,5,86,86,0,0,0,0,0,0,0,0,0,0,0,092,092
361190121013026,36,119,012101,3026,371,315,0,0,26,0,0,30,371,27,344,312,0,0,26,0,0,6,132,132,0,0,0,0,0,0,0,0,0,0,0,092,092
361190119022015,36,119,011902,2015,34,29,1,0,0,0,0,4,34,1,33,28,1,0,0,0,0,4,11,11,0,0,0,0,0,0,0,0,0,0,0,092,092
361190016004004,36,119,001600,4004,304,105,50,0,0,0,89,60,304,157,147,89,49,0,0,0,3,6,115,104,11,10,0,0,0,0,0,10,0,0,10,090,090
361190109031004,36,119,010903,1004,188,18,125,0,10,0,25,10,188,51,137,5,121,0,10,0,0,1,64,64,0,0,0,0,0,0,0,0,0,0,0,092,092
361190021051011,36,119,002105,1011,0,0,0,0,0,0,0,0,0,0,0,0,0,0,0,0,0,0,0,0,0,0,0,0,0,0,0,0,0,0,0,090,090
361190021051015,36,119,002105,1015,50,20,8,0,11,0,1,10,50,10,40,20,7,0,11,0,0,2,18,18,0,0,0,0,0,0,0,0,0,0,0,090,090
361190021062003,36,119,002106,2003,202,32,38,2,65,0,26,39,202,66,136,23,38,0,65,0,1,9,89,89,0,0,0,0,0,0,0,0,0,0,0,090,090
361190021062000,36,119,002106,2000,465,51,179,4,104,0,69,58,465,147,318,30,168,0,104,0,4,12,167,164,3,0,0,0,0,0,0,0,0,0,0,090,090
361190021071010,36,119,002107,1010,37,18,1,1,14,0,1,2,37,5,32,17,1,0,14,0,0,0,10,10,0,0,0,0,0,0,0,0,0,0,0,090,090
361190021042014,36,119,002104,2014,0,0,0,0,0,0,0,0,0,0,0,0,0,0,0,0,0,0,0,0,0,0,0,0,0,0,0,0,0,0,0,090,090
361190021062005,36,119,002106,2005,207,33,80,2,51,0,23,18,207,45,162,26,77,2,51,0,3,3,99,91,8,0,0,0,0,0,0,0,0,0,0,090,090
361190116011005,36,119,011601,1005,83,41,2,2,0,0,12,26,83,49,34,29,2,0,0,0,2,1,20,20,0,0,0,0,0,0,0,0,0,0,0,092,092
361190021042003,36,119,002104,2003,0,0,0,0,0,0,0,0,0,0,0,0,0,0,0,0,0,0,0,0,0,0,0,0,0,0,0,0,0,0,0,090,090
361190003001003,36,119,000300,1003,0,0,0,0,0,0,0,0,0,0,0,0,0,0,0,0,0,0,0,0,0,0,0,0,0,0,0,0,0,0,0,090,090
361190015032007,36,119,001503,2007,60,39,3,1,2,0,14,1,60,20,40,35,3,0,2,0,0,0,31,31,0,0,0,0,0,0,0,0,0,0,0,089,089
361190121023013,36,119,012102,3013,183,148,0,0,8,0,19,8,183,24,159,146,0,0,8,0,0,5,68,68,0,0,0,0,0,0,0,0,0,0,0,092,092
361190007022004,36,119,000702,2004,51,10,0,0,9,0,7,25,51,19,32,7,0,0,9,0,3,13,2,2,0,0,0,0,0,0,0,0,0,0,0,092,092
361190117001007,36,119,011700,1007,8,2,1,0,0,0,0,5,8,6,2,1,0,0,0,0,0,1,1,0,1,0,0,0,0,0,0,0,0,0,0,092,092
361190109033021,36,119,010903,3021,23,13,0,0,1,0,5,4,23,8,15,10,0,0,1,0,0,4,12,12,0,0,0,0,0,0,0,0,0,0,0,092,092
361190040011002,36,119,004001,1002,197,15,92,1,4,0,50,35,197,65,132,8,90,0,4,0,16,14,85,83,2,0,0,0,0,0,0,0,0,0,0,089,089
361190122023037,36,119,012202,3037,0,0,0,0,0,0,0,0,0,0,0,0,0,0,0,0,0,0,0,0,0,0,0,0,0,0,0,0,0,0,0,092,092
361190122021013,36,119,012202,1013,26,13,0,0,7,0,0,6,26,7,19,12,0,0,7,0,0,0,3,3,0,0,0,0,0,0,0,0,0,0,0,092,092
361190036002006,36,119,003600,2006,149,24,60,0,0,0,40,25,149,70,79,9,60,0,0,0,6,4,45,45,0,0,0,0,0,0,0,0,0,0,0,089,089
361190118003007,36,119,011800,3007,0,0,0,0,0,0,0,0,0,0,0,0,0,0,0,0,0,0,0,0,0,0,0,0,0,0,0,0,0,0,0,092,092
361190118001010,36,119,011800,1010,39,30,2,0,7,0,0,0,39,1,38,29,2,0,7,0,0,0,12,12,0,0,0,0,0,0,0,0,0,0,0,092,092
361190041003008,36,119,004100,3008,31,3,20,0,0,0,4,4,31,8,23,3,19,0,0,0,0,1,6,3,3,0,0,0,0,0,0,0,0,0,0,089,089
361190102004011,36,119,010200,4011,0,0,0,0,0,0,0,0,0,0,0,0,0,0,0,0,0,0,0,0,0,0,0,0,0,0,0,0,0,0,0,092,092
361190122021017,36,119,012202,1017,0,0,0,0,0,0,0,0,0,0,0,0,0,0,0,0,0,0,0,0,0,0,0,0,0,0,0,0,0,0,0,092,092
361190021042015,36,119,002104,2015,0,0,0,0,0,0,0,0,0,0,0,0,0,0,0,0,0,0,0,0,0,0,0,0,0,0,0,0,0,0,0,090,090
361190111011026,36,119,011101,1026,0,0,0,0,0,0,0,0,0,0,0,0,0,0,0,0,0,0,0,0,0,0,0,0,0,0,0,0,0,0,0,092,092
361190021042028,36,119,002104,2028,94,42,9,0,22,0,4,17,94,17,77,41,7,0,22,0,0,7,27,24,3,0,0,0,0,0,0,0,0,0,0,090,090
361190111012002,36,119,011101,2002,38,14,5,0,10,0,3,6,38,12,26,10,5,0,10,0,0,1,21,21,0,0,0,0,0,0,0,0,0,0,0,092,092
361190121022008,36,119,012102,2008,35,30,0,0,0,0,0,5,35,3,32,30,0,0,0,0,0,2,27,27,0,0,0,0,0,0,0,0,0,0,0,092,092
361190121022011,36,119,012102,2011,55,53,0,0,1,0,0,1,55,1,54,53,0,0,1,0,0,0,22,22,0,0,0,0,0,0,0,0,0,0,0,092,092
361190021012001,36,119,002101,2001,250,174,14,7,23,0,4,28,250,55,195,159,9,0,23,0,0,4,87,73,14,0,0,0,0,0,0,0,0,0,0,090,090
361190021013006,36,119,002101,3006,604,323,94,0,32,0,86,69,604,177,427,289,88,0,32,0,6,12,292,284,8,0,0,0,0,0,0,0,0,0,0,090,090
361190021011003,36,119,002101,1003,138,80,11,1,26,0,8,12,138,31,107,69,11,0,26,0,0,1,36,36,0,0,0,0,0,0,0,0,0,0,0,090,090
361190117002008,36,119,011700,2008,0,0,0,0,0,0,0,0,0,0,0,0,0,0,0,0,0,0,0,0,0,0,0,0,0,0,0,0,0,0,0,092,092
361190117002010,36,119,011700,2010,0,0,0,0,0,0,0,0,0,0,0,0,0,0,0,0,0,0,0,0,0,0,0,0,0,0,0,0,0,0,0,092,092
361190028001000,36,119,002800,1000,157,3,120,2,11,0,15,6,157,20,137,3,110,0,11,0,8,5,64,47,17,0,0,0,0,0,0,0,0,0,0,089,089
361190028002005,36,119,002800,2005,309,2,269,1,9,0,2,26,309,30,279,0,261,0,9,0,0,9,114,112,2,0,0,0,0,0,0,0,0,0,0,089,089
361190028001003,36,119,002800,1003,174,3,144,1,2,0,20,4,174,24,150,3,140,1,2,0,0,4,65,65,0,0,0,0,0,0,0,0,0,0,0,089,089
361190028001004,36,119,002800,1004,203,2,145,3,6,0,31,16,203,21,182,2,145,3,6,0,12,14,80,73,7,0,0,0,0,0,0,0,0,0,0,089,089
361190028002004,36,119,002800,2004,247,10,219,1,0,0,10,7,247,21,226,9,208,0,0,0,6,3,85,77,8,0,0,0,0,0,0,0,0,0,0,089,089
361190026001004,36,119,002600,1004,130,1,109,0,0,0,5,15,130,11,119,1,109,0,0,0,0,9,51,51,0,0,0,0,0,0,0,0,0,0,0,089,089
361190041002002,36,119,004100,2002,97,10,51,0,0,0,9,27,97,21,76,4,48,0,0,0,5,19,31,28,3,0,0,0,0,0,0,0,0,0,0,089,089
361190109022025,36,119,010902,2025,13,4,0,0,0,0,6,3,13,7,6,3,0,0,0,0,0,3,5,5,0,0,0,0,0,0,0,0,0,0,0,092,092
361190109022020,36,119,010902,2020,14,6,4,0,0,0,2,2,14,0,14,6,4,0,0,0,2,2,4,4,0,0,0,0,0,0,0,0,0,0,0,092,092
361190113004002,36,119,011300,4002,0,0,0,0,0,0,0,0,0,0,0,0,0,0,0,0,0,0,0,0,0,0,0,0,0,0,0,0,0,0,0,092,092
361190113003009,36,119,011300,3009,121,107,3,0,9,0,0,2,121,0,121,107,3,0,9,0,0,2,85,84,1,0,0,0,0,0,0,0,0,0,0,092,092
361190113001024,36,119,011300,1024,0,0,0,0,0,0,0,0,0,0,0,0,0,0,0,0,0,0,0,0,0,0,0,0,0,0,0,0,0,0,0,092,092
361190105001014,36,119,010500,1014,64,45,1,0,8,0,1,9,64,1,63,45,1,0,8,0,0,9,23,20,3,0,0,0,0,0,0,0,0,0,0,092,092
361190105002004,36,119,010500,2004,13,5,0,1,1,0,0,6,13,1,12,5,0,0,1,0,0,6,2,0,2,0,0,0,0,0,0,0,0,0,0,092,092
361190105002005,36,119,010500,2005,99,73,2,0,13,0,0,11,99,6,93,69,2,0,13,0,0,9,31,31,0,0,0,0,0,0,0,0,0,0,0,092,092
361190113001007,36,119,011300,1007,0,0,0,0,0,0,0,0,0,0,0,0,0,0,0,0,0,0,0,0,0,0,0,0,0,0,0,0,0,0,0,092,092
361190113001003,36,119,011300,1003,0,0,0,0,0,0,0,0,0,0,0,0,0,0,0,0,0,0,0,0,0,0,0,0,0,0,0,0,0,0,0,092,092
361190111014011,36,119,011101,4011,0,0,0,0,0,0,0,0,0,0,0,0,0,0,0,0,0,0,0,0,0,0,0,0,0,0,0,0,0,0,0,092,092
361190111021016,36,119,011102,1016,0,0,0,0,0,0,0,0,0,0,0,0,0,0,0,0,0,0,0,0,0,0,0,0,0,0,0,0,0,0,0,092,092
361190111021011,36,119,011102,1011,20,9,2,0,1,0,4,4,20,5,15,8,2,0,1,0,0,4,5,5,0,0,0,0,0,0,0,0,0,0,0,092,092
361190111011035,36,119,011101,1035,275,239,5,0,16,0,3,12,275,4,271,238,5,0,16,0,3,9,94,87,7,0,0,0,0,0,0,0,0,0,0,092,092
361190109033013,36,119,010903,3013,0,0,0,0,0,0,0,0,0,0,0,0,0,0,0,0,0,0,0,0,0,0,0,0,0,0,0,0,0,0,0,092,092
361190111013021,36,119,011101,3021,26,11,0,0,5,0,0,10,26,9,17,9,0,0,4,0,0,4,6,6,0,0,0,0,0,0,0,0,0,0,0,092,092
361190111013006,36,119,011101,3006,7,1,0,0,2,0,1,3,7,1,6,1,0,0,2,0,1,2,2,2,0,0,0,0,0,0,0,0,0,0,0,092,092
361190109033000,36,119,010903,3000,21,0,11,0,0,0,0,10,21,7,14,0,11,0,0,0,0,3,5,5,0,0,0,0,0,0,0,0,0,0,0,092,092
361190109033006,36,119,010903,3006,28,9,2,1,6,0,2,8,28,9,19,9,1,0,6,0,0,3,10,10,0,0,0,0,0,0,0,0,0,0,0,092,092
361190106001001,36,119,010600,1001,80,50,5,0,23,0,0,2,80,4,76,48,5,0,23,0,0,0,30,30,0,0,0,0,0,0,0,0,0,0,0,092,092
361190121013000,36,119,012101,3000,0,0,0,0,0,0,0,0,0,0,0,0,0,0,0,0,0,0,0,0,0,0,0,0,0,0,0,0,0,0,0,092,092
361190112004013,36,119,011200,4013,0,0,0,0,0,0,0,0,0,0,0,0,0,0,0,0,0,0,0,0,0,0,0,0,0,0,0,0,0,0,0,092,092
361190112004016,36,119,011200,4016,0,0,0,0,0,0,0,0,0,0,0,0,0,0,0,0,0,0,0,0,0,0,0,0,0,0,0,0,0,0,0,092,092
361190111012003,36,119,011101,2003,0,0,0,0,0,0,0,0,0,0,0,0,0,0,0,0,0,0,0,0,0,0,0,0,0,0,0,0,0,0,0,092,092
361190111012005,36,119,011101,2005,57,6,6,0,35,0,4,6,57,11,46,3,6,0,35,0,0,2,20,20,0,0,0,0,0,0,0,0,0,0,0,092,092
361190001033005,36,119,000103,3005,0,0,0,0,0,0,0,0,0,0,0,0,0,0,0,0,0,0,0,0,0,0,0,0,0,0,0,0,0,0,0,089,089
361199810001010,36,119,981000,1010,18,5,0,0,2,0,8,3,18,10,8,5,0,0,2,0,0,1,7,7,0,0,0,0,0,0,0,0,0,0,0,092,092
361190117002009,36,119,011700,2009,18,12,0,0,1,0,3,2,18,5,13,12,0,0,1,0,0,0,14,14,0,0,0,0,0,0,0,0,0,0,0,092,092
361190045001011,36,119,004500,1011,0,0,0,0,0,0,0,0,0,0,0,0,0,0,0,0,0,0,0,0,0,0,0,0,0,0,0,0,0,0,0,089,089
361190014031004,36,119,001403,1004,0,0,0,0,0,0,0,0,0,0,0,0,0,0,0,0,0,0,0,0,0,0,0,0,0,0,0,0,0,0,0,090,090
361190021071015,36,119,002107,1015,26,8,5,0,3,0,5,5,26,14,12,6,2,0,3,0,0,1,3,0,3,0,0,0,0,0,0,0,0,0,0,090,090
361190111011033,36,119,011101,1033,169,126,4,0,16,0,12,11,169,15,154,117,4,0,16,0,6,11,50,43,7,0,0,0,0,0,0,0,0,0,0,092,092
361190021071000,36,119,002107,1000,6,0,2,0,2,0,2,0,6,0,6,0,2,0,2,0,2,0,2,2,0,0,0,0,0,0,0,0,0,0,0,090,090
361190113001004,36,119,011300,1004,0,0,0,0,0,0,0,0,0,0,0,0,0,0,0,0,0,0,0,0,0,0,0,0,0,0,0,0,0,0,0,092,092
361190111011007,36,119,011101,1007,526,368,36,1,60,0,15,46,526,74,452,354,31,1,60,0,0,6,204,202,2,89,89,0,0,89,0,0,0,0,0,092,092
361190112004007,36,119,011200,4007,0,0,0,0,0,0,0,0,0,0,0,0,0,0,0,0,0,0,0,0,0,0,0,0,0,0,0,0,0,0,0,092,092
361190113001008,36,119,011300,1008,342,276,7,0,23,0,9,27,342,22,320,272,7,0,23,0,1,17,108,104,4,11,0,0,0,0,0,11,0,0,11,092,092
361190111011025,36,119,011101,1025,20,11,0,0,3,0,3,3,20,13,7,4,0,0,1,0,0,2,1,0,1,0,0,0,0,0,0,0,0,0,0,092,092
361190111011024,36,119,011101,1024,0,0,0,0,0,0,0,0,0,0,0,0,0,0,0,0,0,0,0,0,0,0,0,0,0,0,0,0,0,0,0,092,092
361190111012004,36,119,011101,2004,130,31,45,0,32,0,8,14,130,24,106,30,43,0,32,0,1,0,67,67,0,0,0,0,0,0,0,0,0,0,0,092,092
361190111011038,36,119,011101,1038,0,0,0,0,0,0,0,0,0,0,0,0,0,0,0,0,0,0,0,0,0,0,0,0,0,0,0,0,0,0,0,092,092
361190111014014,36,119,011101,4014,102,46,8,0,39,0,0,9,102,8,94,44,8,0,39,0,0,3,31,31,0,0,0,0,0,0,0,0,0,0,0,092,092
361190008031007,36,119,000803,1007,69,24,8,1,9,0,17,10,69,31,38,24,4,0,9,0,0,1,24,18,6,0,0,0,0,0,0,0,0,0,0,090,090
361190008012003,36,119,000801,2003,123,61,13,1,11,0,21,16,123,37,86,61,13,1,5,0,2,4,29,29,0,0,0,0,0,0,0,0,0,0,0,090,090
361190008031012,36,119,000803,1012,200,71,29,0,5,0,56,39,200,103,97,67,18,0,5,0,3,4,85,79,6,0,0,0,0,0,0,0,0,0,0,090,090
361190008013002,36,119,000801,3002,219,66,23,0,12,0,82,36,219,116,103,62,19,0,12,0,1,9,75,74,1,0,0,0,0,0,0,0,0,0,0,090,090
361190008021002,36,119,000802,1002,436,155,81,3,12,1,131,53,436,263,173,99,55,1,12,1,0,5,154,142,12,0,0,0,0,0,0,0,0,0,0,090,090
361190008033005,36,119,000803,3005,252,71,26,10,8,0,102,35,252,158,94,53,26,0,8,0,0,7,99,98,1,0,0,0,0,0,0,0,0,0,0,090,090
361190008021001,36,119,000802,1001,392,128,73,9,3,0,95,84,392,226,166,88,64,0,3,0,1,10,140,132,8,0,0,0,0,0,0,0,0,0,0,090,090
361190006012000,36,119,000601,2000,189,56,52,1,4,0,41,35,189,77,112,52,47,1,4,0,5,3,158,152,6,0,0,0,0,0,0,0,0,0,0,090,090
361190151002015,36,119,015100,2015,88,21,50,0,6,0,2,9,88,7,81,21,50,0,6,0,1,3,34,34,0,0,0,0,0,0,0,0,0,0,0,089,089
361190006011003,36,119,000601,1003,369,59,100,21,0,1,126,62,369,245,124,13,89,0,0,0,12,10,121,113,8,0,0,0,0,0,0,0,0,0,0,090,090
361190008021005,36,119,000802,1005,151,29,25,0,7,1,45,44,151,87,64,27,25,0,6,1,0,5,70,66,4,0,0,0,0,0,0,0,0,0,0,090,090
361190006011001,36,119,000601,1001,0,0,0,0,0,0,0,0,0,0,0,0,0,0,0,0,0,0,0,0,0,0,0,0,0,0,0,0,0,0,0,090,090
361190006011002,36,119,000601,1002,465,135,80,1,3,2,159,85,465,296,169,88,71,0,3,0,0,7,294,268,26,0,0,0,0,0,0,0,0,0,0,090,090
361190006021000,36,119,000602,1000,410,72,103,4,4,0,181,46,410,271,139,38,91,0,4,0,2,4,175,166,9,0,0,0,0,0,0,0,0,0,0,090,090
361190117002028,36,119,011700,2028,28,25,0,0,1,0,0,2,28,1,27,25,0,0,1,0,0,1,8,8,0,0,0,0,0,0,0,0,0,0,0,092,092
361190117002025,36,119,011700,2025,42,39,0,0,0,0,0,3,42,4,38,37,0,0,0,0,0,1,13,13,0,0,0,0,0,0,0,0,0,0,0,092,092
361190117002030,36,119,011700,2030,53,44,0,0,5,0,0,4,53,0,53,44,0,0,5,0,0,4,16,16,0,0,0,0,0,0,0,0,0,0,0,092,092
361190116011003,36,119,011601,1003,312,116,1,5,10,0,129,51,312,191,121,109,0,0,10,0,2,0,123,115,8,0,0,0,0,0,0,0,0,0,0,092,092
361190117001011,36,119,011700,1011,83,66,1,0,3,0,9,4,83,9,74,66,1,0,3,0,0,4,48,38,10,0,0,0,0,0,0,0,0,0,0,092,092
361190117001012,36,119,011700,1012,55,38,2,0,0,0,2,13,55,19,36,34,2,0,0,0,0,0,20,11,9,0,0,0,0,0,0,0,0,0,0,092,092
361190117001016,36,119,011700,1016,127,92,0,0,5,0,9,21,127,22,105,92,0,0,5,0,1,7,54,54,0,0,0,0,0,0,0,0,0,0,0,092,092
361190117001014,36,119,011700,1014,48,30,0,0,5,0,3,10,48,15,33,26,0,0,5,0,0,2,19,19,0,0,0,0,0,0,0,0,0,0,0,092,092
361190116022005,36,119,011602,2005,28,2,5,0,2,0,5,14,28,18,10,2,5,0,2,0,0,1,9,9,0,0,0,0,0,0,0,0,0,0,0,092,092
361190041003016,36,119,004100,3016,72,5,65,0,0,0,0,2,72,4,68,4,64,0,0,0,0,0,31,31,0,0,0,0,0,0,0,0,0,0,0,089,089
361190151001000,36,119,015100,1000,0,0,0,0,0,0,0,0,0,0,0,0,0,0,0,0,0,0,0,0,0,0,0,0,0,0,0,0,0,0,0,089,089
361190151004000,36,119,015100,4000,51,22,10,0,5,0,4,10,51,13,38,22,10,0,5,0,0,1,17,17,0,0,0,0,0,0,0,0,0,0,0,089,089
361190117001004,36,119,011700,1004,108,88,1,0,5,0,4,10,108,16,92,86,1,0,5,0,0,0,46,46,0,0,0,0,0,0,0,0,0,0,0,092,092
361190115001004,36,119,011500,1004,56,18,0,0,1,0,32,5,56,41,15,12,0,0,1,0,0,2,16,12,4,0,0,0,0,0,0,0,0,0,0,092,092
361190114012005,36,119,011401,2005,50,42,3,0,0,0,0,5,50,4,46,42,3,0,0,0,0,1,17,17,0,0,0,0,0,0,0,0,0,0,0,092,092
361190115001003,36,119,011500,1003,0,0,0,0,0,0,0,0,0,0,0,0,0,0,0,0,0,0,0,0,0,0,0,0,0,0,0,0,0,0,0,092,092
361190116021004,36,119,011602,1004,189,67,2,1,0,0,66,53,189,122,67,52,2,0,0,0,0,13,83,79,4,0,0,0,0,0,0,0,0,0,0,092,092
361190116021001,36,119,011602,1001,185,47,0,3,4,0,96,35,185,139,46,38,0,0,2,0,6,0,70,68,2,0,0,0,0,0,0,0,0,0,0,092,092
361190116021010,36,119,011602,1010,180,33,9,0,0,0,103,35,180,149,31,21,5,0,0,0,0,5,70,70,0,0,0,0,0,0,0,0,0,0,0,092,092
361190116012005,36,119,011601,2005,424,48,55,1,0,0,238,82,424,375,49,10,34,0,0,0,0,5,166,155,11,0,0,0,0,0,0,0,0,0,0,092,092
361190116021008,36,119,011602,1008,236,71,13,3,1,0,91,57,236,172,64,46,13,0,1,0,0,4,73,73,0,0,0,0,0,0,0,0,0,0,0,092,092
361190116012001,36,119,011601,2001,184,8,16,0,0,0,116,44,184,170,14,1,12,0,0,0,1,0,53,48,5,0,0,0,0,0,0,0,0,0,0,092,092
361190116012004,36,119,011601,2004,182,21,8,0,0,0,97,56,182,174,8,2,2,0,0,0,0,4,60,60,0,0,0,0,0,0,0,0,0,0,0,092,092
361190115004001,36,119,011500,4001,206,122,19,1,0,0,49,15,206,82,124,104,17,1,0,0,0,2,45,39,6,91,91,0,0,91,0,0,0,0,0,092,092
361190111021009,36,119,011102,1009,66,34,3,0,15,0,5,9,66,18,48,29,2,0,15,0,0,2,17,17,0,0,0,0,0,0,0,0,0,0,0,092,092
361190111021008,36,119,011102,1008,114,55,8,0,39,1,1,10,114,8,106,52,7,0,39,1,1,6,33,33,0,7,0,0,0,0,0,7,0,0,7,092,092
361190111014000,36,119,011101,4000,45,16,5,0,3,0,17,4,45,28,17,9,5,0,2,0,0,1,14,9,5,0,0,0,0,0,0,0,0,0,0,092,092
361190112001004,36,119,011200,1004,35,3,0,2,0,0,15,15,35,32,3,2,0,0,0,0,0,1,15,15,0,0,0,0,0,0,0,0,0,0,0,092,092
361190008031011,36,119,000803,1011,116,63,10,2,8,0,13,20,116,37,79,60,10,0,7,0,0,2,40,40,0,0,0,0,0,0,0,0,0,0,0,090,090
361190006022006,36,119,000602,2006,206,43,25,4,13,0,87,34,206,137,69,31,24,0,13,0,0,1,65,51,14,0,0,0,0,0,0,0,0,0,0,090,090
361190006012002,36,119,000601,2002,422,94,102,1,12,0,165,48,422,247,175,66,91,0,12,0,0,6,128,115,13,0,0,0,0,0,0,0,0,0,0,090,090
361190008014005,36,119,000801,4005,34,8,8,1,7,0,1,9,34,8,26,7,8,0,7,0,0,4,5,5,0,0,0,0,0,0,0,0,0,0,0,090,090
361190008031000,36,119,000803,1000,48,22,5,1,3,0,5,12,48,17,31,20,4,0,3,0,2,2,9,8,1,0,0,0,0,0,0,0,0,0,0,090,090
361190008012009,36,119,000801,2009,287,153,29,3,15,0,66,21,287,91,196,139,26,3,15,0,13,0,111,111,0,0,0,0,0,0,0,0,0,0,0,090,090
361190008031005,36,119,000803,1005,87,50,3,0,8,0,7,19,87,29,58,40,3,0,8,0,1,6,30,30,0,0,0,0,0,0,0,0,0,0,0,090,090
361190008031009,36,119,000803,1009,471,195,62,1,24,0,120,69,471,192,279,189,56,0,24,0,0,10,188,171,17,0,0,0,0,0,0,0,0,0,0,090,090
361190117002003,36,119,011700,2003,101,90,0,0,0,0,0,11,101,7,94,88,0,0,0,0,0,6,35,30,5,0,0,0,0,0,0,0,0,0,0,092,092
361190109011018,36,119,010901,1018,169,97,11,0,25,0,6,30,169,22,147,97,9,0,25,0,3,13,59,59,0,2,0,0,0,0,0,2,0,0,2,092,092
361190109011014,36,119,010901,1014,33,17,5,0,6,0,5,0,33,5,28,16,5,0,6,0,1,0,10,10,0,0,0,0,0,0,0,0,0,0,0,092,092
361190109011005,36,119,010901,1005,48,35,7,0,0,0,2,4,48,9,39,30,5,0,0,0,0,4,10,10,0,0,0,0,0,0,0,0,0,0,0,092,092
361190109011009,36,119,010901,1009,72,51,1,0,3,0,9,8,72,11,61,47,1,0,3,0,3,7,22,22,0,0,0,0,0,0,0,0,0,0,0,092,092
361190109011004,36,119,010901,1004,264,210,16,0,8,0,5,25,264,13,251,210,16,0,8,0,5,12,90,90,0,0,0,0,0,0,0,0,0,0,0,092,092
361190109011006,36,119,010901,1006,60,56,1,0,1,0,0,2,60,2,58,55,0,0,1,0,0,2,21,21,0,0,0,0,0,0,0,0,0,0,0,092,092
361190119022031,36,119,011902,2031,0,0,0,0,0,0,0,0,0,0,0,0,0,0,0,0,0,0,0,0,0,0,0,0,0,0,0,0,0,0,0,092,092
361190109011017,36,119,010901,1017,7,2,0,0,1,0,0,4,7,4,3,2,0,0,1,0,0,0,1,1,0,0,0,0,0,0,0,0,0,0,0,092,092
361190119021037,36,119,011902,1037,0,0,0,0,0,0,0,0,0,0,0,0,0,0,0,0,0,0,0,0,0,0,0,0,0,0,0,0,0,0,0,092,092
361190009002012,36,119,000900,2012,0,0,0,0,0,0,0,0,0,0,0,0,0,0,0,0,0,0,0,0,0,0,0,0,0,0,0,0,0,0,0,092,092
361190026002025,36,119,002600,2025,20,0,14,0,0,0,6,0,20,6,14,0,14,0,0,0,0,0,0,0,0,20,0,0,0,0,0,20,0,0,20,089,089
361190121011000,36,119,012101,1000,0,0,0,0,0,0,0,0,0,0,0,0,0,0,0,0,0,0,0,0,0,0,0,0,0,0,0,0,0,0,0,092,092
361190029002001,36,119,002900,2001,162,1,127,8,1,0,7,18,162,31,131,1,118,1,1,0,0,10,52,52,0,0,0,0,0,0,0,0,0,0,0,089,089
361190036001015,36,119,003600,1015,25,4,1,8,0,0,3,9,25,13,12,2,1,0,0,0,0,9,1,1,0,0,0,0,0,0,0,0,0,0,0,089,089
361190040012004,36,119,004001,2004,0,0,0,0,0,0,0,0,0,0,0,0,0,0,0,0,0,0,0,0,0,0,0,0,0,0,0,0,0,0,0,089,089
361190031001008,36,119,003100,1008,217,3,178,0,0,0,22,14,217,30,187,3,173,0,0,0,1,10,161,150,11,0,0,0,0,0,0,0,0,0,0,089,089
361190039003005,36,119,003900,3005,202,48,69,1,1,0,51,32,202,53,149,43,66,0,1,0,20,19,74,67,7,0,0,0,0,0,0,0,0,0,0,089,089
361190040022003,36,119,004002,2003,106,18,22,0,1,0,53,12,106,51,55,10,22,0,1,0,10,12,42,42,0,0,0,0,0,0,0,0,0,0,0,089,089
361190040021003,36,119,004002,1003,207,52,80,3,3,0,36,33,207,43,164,50,78,0,3,0,15,18,91,84,7,0,0,0,0,0,0,0,0,0,0,089,089
361190045001009,36,119,004500,1009,0,0,0,0,0,0,0,0,0,0,0,0,0,0,0,0,0,0,0,0,0,0,0,0,0,0,0,0,0,0,0,089,089
361190038001004,36,119,003800,1004,92,25,47,2,1,0,4,13,92,7,85,24,47,2,1,0,2,9,41,38,3,0,0,0,0,0,0,0,0,0,0,089,089
361190038003009,36,119,003800,3009,44,5,8,1,3,0,4,23,44,19,25,4,7,1,3,0,1,9,10,0,10,0,0,0,0,0,0,0,0,0,0,089,089
361190038001001,36,119,003800,1001,257,140,69,5,1,0,19,23,257,55,202,124,63,5,1,0,0,9,165,157,8,0,0,0,0,0,0,0,0,0,0,089,089
361190024022001,36,119,002402,2001,1421,772,194,8,67,1,190,189,1421,392,1029,727,170,0,61,0,19,52,839,812,27,0,0,0,0,0,0,0,0,0,0,090,090
361190021043000,36,119,002104,3000,902,377,150,3,79,0,186,107,902,362,540,328,129,0,79,0,0,4,467,463,4,0,0,0,0,0,0,0,0,0,0,090,090
361190045001003,36,119,004500,1003,110,54,40,0,1,0,7,8,110,16,94,51,36,0,0,0,2,5,33,33,0,0,0,0,0,0,0,0,0,0,0,089,089
361190042001000,36,119,004200,1000,0,0,0,0,0,0,0,0,0,0,0,0,0,0,0,0,0,0,0,0,0,0,0,0,0,0,0,0,0,0,0,089,089
361190042002010,36,119,004200,2010,146,62,62,2,0,0,4,16,146,17,129,57,62,0,0,0,2,8,87,86,1,0,0,0,0,0,0,0,0,0,0,089,089
361190121012023,36,119,012101,2023,122,104,3,0,0,0,5,10,122,6,116,104,3,0,0,0,1,8,34,34,0,3,0,0,0,0,0,3,0,0,3,092,092
361190121012035,36,119,012101,2035,85,75,0,0,0,0,0,10,85,1,84,75,0,0,0,0,0,9,22,22,0,0,0,0,0,0,0,0,0,0,0,092,092
361190105001013,36,119,010500,1013,8,0,0,2,0,0,3,3,8,3,5,0,0,2,0,0,2,1,2,2,0,0,0,0,0,0,0,0,0,0,0,092,092
361190022012015,36,119,002201,2015,0,0,0,0,0,0,0,0,0,0,0,0,0,0,0,0,0,0,0,0,0,0,0,0,0,0,0,0,0,0,0,090,090
361190113002005,36,119,011300,2005,35,20,0,0,6,0,0,9,35,4,31,19,0,0,6,0,0,6,11,11,0,0,0,0,0,0,0,0,0,0,0,092,092
361190109022010,36,119,010902,2010,22,0,15,0,0,0,2,5,22,6,16,0,14,0,0,0,1,1,8,8,0,0,0,0,0,0,0,0,0,0,0,092,092
361190014022011,36,119,001402,2011,0,0,0,0,0,0,0,0,0,0,0,0,0,0,0,0,0,0,0,0,0,0,0,0,0,0,0,0,0,0,0,089,089
361190109034018,36,119,010903,4018,47,9,20,0,4,0,7,7,47,6,41,9,18,0,4,0,3,7,13,13,0,0,0,0,0,0,0,0,0,0,0,092,092
361190116021002,36,119,011602,1002,95,38,3,7,0,0,28,19,95,72,23,22,1,0,0,0,0,0,25,20,5,0,0,0,0,0,0,0,0,0,0,092,092
361190121021030,36,119,012102,1030,25,13,0,0,1,0,7,4,25,8,17,12,0,0,1,0,4,0,8,8,0,0,0,0,0,0,0,0,0,0,0,092,092
361190120002032,36,119,012000,2032,18,10,0,0,0,0,0,8,18,9,9,5,0,0,0,0,0,4,4,4,0,0,0,0,0,0,0,0,0,0,0,092,092
361190120001039,36,119,012000,1039,31,22,0,0,5,0,1,3,31,3,28,22,0,0,5,0,1,0,10,10,0,0,0,0,0,0,0,0,0,0,0,092,092
361190121022017,36,119,012102,2017,490,431,13,1,12,0,15,18,490,48,442,416,8,1,11,0,1,5,140,140,0,60,30,0,0,30,0,30,0,0,30,092,092
361190118003046,36,119,011800,3046,0,0,0,0,0,0,0,0,0,0,0,0,0,0,0,0,0,0,0,0,0,0,0,0,0,0,0,0,0,0,0,092,092
361190109033005,36,119,010903,3005,23,9,9,0,2,0,0,3,23,5,18,9,7,0,2,0,0,0,3,3,0,0,0,0,0,0,0,0,0,0,0,092,092
361190119022012,36,119,011902,2012,174,114,7,0,27,0,9,17,174,29,145,109,7,0,27,0,2,0,70,64,6,0,0,0,0,0,0,0,0,0,0,092,092
361190120001040,36,119,012000,1040,45,37,0,0,0,0,4,4,45,7,38,37,0,0,0,0,1,0,14,14,0,0,0,0,0,0,0,0,0,0,0,092,092
361190021052001,36,119,002105,2001,0,0,0,0,0,0,0,0,0,0,0,0,0,0,0,0,0,0,0,0,0,0,0,0,0,0,0,0,0,0,0,090,090
361190122021001,36,119,012202,1001,0,0,0,0,0,0,0,0,0,0,0,0,0,0,0,0,0,0,0,0,0,0,0,0,0,0,0,0,0,0,0,092,092
361190103002004,36,119,010300,2004,42,35,0,0,0,0,5,2,42,9,33,31,0,0,0,0,0,2,21,21,0,0,0,0,0,0,0,0,0,0,0,092,092
361190122022002,36,119,012202,2002,116,107,0,0,1,0,2,6,116,6,110,107,0,0,1,0,0,2,43,39,4,0,0,0,0,0,0,0,0,0,0,092,092
361190113003007,36,119,011300,3007,0,0,0,0,0,0,0,0,0,0,0,0,0,0,0,0,0,0,0,0,0,0,0,0,0,0,0,0,0,0,0,092,092
361190104003000,36,119,010400,3000,0,0,0,0,0,0,0,0,0,0,0,0,0,0,0,0,0,0,0,0,0,0,0,0,0,0,0,0,0,0,0,092,092
361190021032020,36,119,002103,2020,0,0,0,0,0,0,0,0,0,0,0,0,0,0,0,0,0,0,0,0,0,0,0,0,0,0,0,0,0,0,0,090,090
361190117001022,36,119,011700,1022,13,12,0,0,0,0,0,1,13,3,10,10,0,0,0,0,0,0,6,6,0,0,0,0,0,0,0,0,0,0,0,092,092
361190004012003,36,119,000401,2003,327,41,98,17,6,0,147,18,327,201,126,23,96,0,5,0,0,2,137,116,21,19,0,0,0,0,0,19,0,0,19,090,090
361190017022003,36,119,001702,2003,0,0,0,0,0,0,0,0,0,0,0,0,0,0,0,0,0,0,0,0,0,0,0,0,0,0,0,0,0,0,0,090,090
361190112004011,36,119,011200,4011,0,0,0,0,0,0,0,0,0,0,0,0,0,0,0,0,0,0,0,0,0,0,0,0,0,0,0,0,0,0,0,092,092
361190118004005,36,119,011800,4005,0,0,0,0,0,0,0,0,0,0,0,0,0,0,0,0,0,0,0,0,0,0,0,0,0,0,0,0,0,0,0,092,092
361190107013012,36,119,010701,3012,0,0,0,0,0,0,0,0,0,0,0,0,0,0,0,0,0,0,0,0,0,0,0,0,0,0,0,0,0,0,0,092,092
361190013012000,36,119,001301,2000,0,0,0,0,0,0,0,0,0,0,0,0,0,0,0,0,0,0,0,0,0,0,0,0,0,0,0,0,0,0,0,090,090
361190022011013,36,119,002201,1013,0,0,0,0,0,0,0,0,0,0,0,0,0,0,0,0,0,0,0,0,0,0,0,0,0,0,0,0,0,0,0,090,090
361190037003010,36,119,003700,3010,0,0,0,0,0,0,0,0,0,0,0,0,0,0,0,0,0,0,0,0,0,0,0,0,0,0,0,0,0,0,0,089,089
361190115001015,36,119,011500,1015,0,0,0,0,0,0,0,0,0,0,0,0,0,0,0,0,0,0,0,0,0,0,0,0,0,0,0,0,0,0,0,092,092
361190118003013,36,119,011800,3013,0,0,0,0,0,0,0,0,0,0,0,0,0,0,0,0,0,0,0,0,0,0,0,0,0,0,0,0,0,0,0,092,092
361190111011008,36,119,011101,1008,0,0,0,0,0,0,0,0,0,0,0,0,0,0,0,0,0,0,0,0,0,0,0,0,0,0,0,0,0,0,0,092,092
361190111011020,36,119,011101,1020,0,0,0,0,0,0,0,0,0,0,0,0,0,0,0,0,0,0,0,0,0,0,0,0,0,0,0,0,0,0,0,092,092
361190110001005,36,119,011000,1005,51,32,10,0,9,0,0,0,51,4,47,28,10,0,9,0,0,0,25,23,2,0,0,0,0,0,0,0,0,0,0,092,092
361190109032005,36,119,010903,2005,100,5,3,0,1,0,74,17,100,97,3,1,0,0,1,0,0,1,16,16,0,0,0,0,0,0,0,0,0,0,0,092,092
361190022024000,36,119,002202,4000,0,0,0,0,0,0,0,0,0,0,0,0,0,0,0,0,0,0,0,0,0,0,0,0,0,0,0,0,0,0,0,090,090
361190004012010,36,119,000401,2010,5,5,0,0,0,0,0,0,5,4,1,1,0,0,0,0,0,0,0,0,0,5,0,0,0,0,0,5,0,0,5,089,089
361190009001013,36,119,000900,1013,0,0,0,0,0,0,0,0,0,0,0,0,0,0,0,0,0,0,0,0,0,0,0,0,0,0,0,0,0,0,0,092,090
361190107023002,36,119,010702,3002,21,3,2,0,1,0,2,13,21,12,9,0,0,0,1,0,2,6,3,0,3,0,0,0,0,0,0,0,0,0,0,092,092
361190039001002,36,119,003900,1002,44,8,22,0,0,0,1,13,44,15,29,8,17,0,0,0,1,3,14,14,0,0,0,0,0,0,0,0,0,0,0,089,089
361190105001017,36,119,010500,1017,123,104,0,0,13,0,1,5,123,8,115,100,0,0,13,0,1,1,39,39,0,0,0,0,0,0,0,0,0,0,0,092,092
361190122023014,36,119,012202,3014,38,36,0,0,0,0,0,2,38,4,34,33,0,0,0,0,0,1,18,18,0,0,0,0,0,0,0,0,0,0,0,092,092
361190119021026,36,119,011902,1026,181,125,5,0,14,0,19,18,181,36,145,122,5,0,13,0,0,5,77,77,0,0,0,0,0,0,0,0,0,0,0,092,092
361190038001003,36,119,003800,1003,231,105,77,0,4,0,13,32,231,34,197,100,76,0,4,0,0,17,102,97,5,8,0,0,0,0,0,8,0,0,8,089,089
361190102005019,36,119,010200,5019,14,6,0,0,7,0,0,1,14,1,13,6,0,0,7,0,0,0,2,2,0,0,0,0,0,0,0,0,0,0,0,092,092
361190102005009,36,119,010200,5009,49,41,0,0,1,0,0,7,49,3,46,41,0,0,1,0,0,4,14,10,4,0,0,0,0,0,0,0,0,0,0,092,092
361190102005008,36,119,010200,5008,51,38,0,0,0,0,5,8,51,8,43,38,0,0,0,0,5,0,15,13,2,0,0,0,0,0,0,0,0,0,0,092,092
361190102005028,36,119,010200,5028,38,25,3,0,3,0,0,7,38,3,35,25,3,0,3,0,0,4,15,15,0,0,0,0,0,0,0,0,0,0,0,092,092
361190102005003,36,119,010200,5003,40,29,2,0,1,0,5,3,40,1,39,29,2,0,1,0,5,2,12,12,0,0,0,0,0,0,0,0,0,0,0,092,092
361190102002000,36,119,010200,2000,29,24,0,0,3,0,0,2,29,3,26,23,0,0,3,0,0,0,13,13,0,0,0,0,0,0,0,0,0,0,0,092,092
361190102002001,36,119,010200,2001,37,29,0,0,3,0,1,4,37,0,37,29,0,0,3,0,1,4,12,8,4,0,0,0,0,0,0,0,0,0,0,092,092
361190102002007,36,119,010200,2007,38,22,1,0,1,0,0,14,38,10,28,22,1,0,0,0,0,5,12,12,0,0,0,0,0,0,0,0,0,0,0,092,092
361190106003000,36,119,010600,3000,81,19,17,0,12,0,17,16,81,23,58,14,17,0,12,0,3,12,33,33,0,0,0,0,0,0,0,0,0,0,0,092,092
361190107011033,36,119,010701,1033,73,46,3,0,15,0,0,9,73,6,67,46,3,0,15,0,0,3,18,17,1,0,0,0,0,0,0,0,0,0,0,092,092
361190102005000,36,119,010200,5000,13,5,0,0,0,0,2,6,13,4,9,2,0,0,0,0,2,5,2,2,0,0,0,0,0,0,0,0,0,0,0,092,092
361190107011031,36,119,010701,1031,39,24,0,0,2,0,1,12,39,14,25,21,0,0,2,0,0,2,9,9,0,0,0,0,0,0,0,0,0,0,0,092,092
361190106003038,36,119,010600,3038,9,7,0,0,0,0,1,1,9,3,6,5,0,0,0,0,0,1,4,4,0,0,0,0,0,0,0,0,0,0,0,092,092
361190107011013,36,119,010701,1013,56,41,2,0,8,0,2,3,56,5,51,41,2,0,8,0,0,0,23,23,0,0,0,0,0,0,0,0,0,0,0,092,092
361190107011028,36,119,010701,1028,0,0,0,0,0,0,0,0,0,0,0,0,0,0,0,0,0,0,0,0,0,0,0,0,0,0,0,0,0,0,0,092,092
361199810001006,36,119,981000,1006,0,0,0,0,0,0,0,0,0,0,0,0,0,0,0,0,0,0,0,0,0,0,0,0,0,0,0,0,0,0,0,092,092
361190020001003,36,119,002000,1003,60,33,0,2,10,0,12,3,60,18,42,26,0,0,10,0,6,0,14,14,0,0,0,0,0,0,0,0,0,0,0,090,090
361190020004005,36,119,002000,4005,0,0,0,0,0,0,0,0,0,0,0,0,0,0,0,0,0,0,0,0,0,0,0,0,0,0,0,0,0,0,0,090,090
361190121012012,36,119,012101,2012,0,0,0,0,0,0,0,0,0,0,0,0,0,0,0,0,0,0,0,0,0,0,0,0,0,0,0,0,0,0,0,092,092
361190121012004,36,119,012101,2004,4,3,1,0,0,0,0,0,4,0,4,3,1,0,0,0,0,0,1,1,0,0,0,0,0,0,0,0,0,0,0,092,092
361190121012000,36,119,012101,2000,13,6,0,0,4,0,0,3,13,0,13,6,0,0,4,0,0,3,1,0,1,0,0,0,0,0,0,0,0,0,0,092,092
361190122011002,36,119,012201,1002,13,2,0,0,7,0,3,1,13,3,10,2,0,0,7,0,0,1,1,1,0,0,0,0,0,0,0,0,0,0,0,092,092
361190122011009,36,119,012201,1009,62,45,0,0,7,0,3,7,62,8,54,45,0,0,7,0,0,2,24,24,0,0,0,0,0,0,0,0,0,0,0,092,092
361190122011008,36,119,012201,1008,15,9,0,0,0,0,3,3,15,6,9,7,0,0,0,0,0,2,1,1,0,0,0,0,0,0,0,0,0,0,0,092,092
361190037001004,36,119,003700,1004,359,25,270,7,4,0,25,28,359,62,297,22,264,0,4,0,3,4,127,127,0,0,0,0,0,0,0,0,0,0,0,089,089
361190118002027,36,119,011800,2027,58,53,0,0,1,0,0,4,58,4,54,53,0,0,1,0,0,0,16,16,0,0,0,0,0,0,0,0,0,0,0,092,092
361190017014002,36,119,001701,4002,0,0,0,0,0,0,0,0,0,0,0,0,0,0,0,0,0,0,0,0,0,0,0,0,0,0,0,0,0,0,0,090,090
361190151002001,36,119,015100,2001,40,27,2,0,3,0,1,7,40,7,33,27,0,0,3,0,1,2,14,14,0,0,0,0,0,0,0,0,0,0,0,089,089
361190042001011,36,119,004200,1011,65,15,37,0,2,0,9,2,65,7,58,15,36,0,2,0,5,0,21,17,4,0,0,0,0,0,0,0,0,0,0,089,089
361190042001015,36,119,004200,1015,52,1,31,0,5,0,12,3,52,19,33,1,27,0,5,0,0,0,18,10,8,0,0,0,0,0,0,0,0,0,0,089,089
361190021012003,36,119,002101,2003,96,50,8,0,8,0,14,16,96,33,63,48,7,0,8,0,0,0,38,38,0,0,0,0,0,0,0,0,0,0,0,090,090
361190020003008,36,119,002000,3008,74,39,6,0,15,0,9,5,74,16,58,37,6,0,15,0,0,0,28,28,0,0,0,0,0,0,0,0,0,0,0,090,090
361190020003001,36,119,002000,3001,66,40,2,1,5,0,14,4,66,20,46,39,2,0,5,0,0,0,23,23,0,0,0,0,0,0,0,0,0,0,0,090,090
361190020003003,36,119,002000,3003,107,70,1,0,0,0,35,1,107,32,75,70,1,0,0,0,3,1,41,41,0,0,0,0,0,0,0,0,0,0,0,090,090
361190020002001,36,119,002000,2001,73,39,11,0,10,0,6,7,73,19,54,31,11,0,10,0,2,0,25,25,0,0,0,0,0,0,0,0,0,0,0,090,090
361190020003002,36,119,002000,3002,86,46,2,0,12,0,9,17,86,27,59,42,1,0,9,0,2,5,34,34,0,0,0,0,0,0,0,0,0,0,0,090,090
361190020001005,36,119,002000,1005,87,65,0,1,4,0,8,9,87,18,69,65,0,0,4,0,0,0,36,36,0,0,0,0,0,0,0,0,0,0,0,090,090
361190020002002,36,119,002000,2002,115,72,0,0,23,0,10,10,115,17,98,72,0,0,23,0,2,1,34,34,0,0,0,0,0,0,0,0,0,0,0,090,090
361190020001002,36,119,002000,1002,53,40,0,1,3,0,6,3,53,9,44,40,0,0,3,0,0,1,17,16,1,0,0,0,0,0,0,0,0,0,0,090,090
361190020001009,36,119,002000,1009,96,59,3,0,11,0,11,12,96,29,67,50,3,0,11,0,1,2,39,34,5,0,0,0,0,0,0,0,0,0,0,090,090
361190020003005,36,119,002000,3005,96,58,6,0,11,0,16,5,96,20,76,57,5,0,11,0,1,2,34,34,0,0,0,0,0,0,0,0,0,0,0,090,090
361190020003006,36,119,002000,3006,132,73,12,0,33,0,6,8,132,18,114,67,12,0,33,0,2,0,43,43,0,0,0,0,0,0,0,0,0,0,0,090,090
361190021013001,36,119,002101,3001,94,48,19,0,18,0,5,4,94,17,77,42,14,0,18,0,0,3,23,23,0,0,0,0,0,0,0,0,0,0,0,090,090
361190122011005,36,119,012201,1005,0,0,0,0,0,0,0,0,0,0,0,0,0,0,0,0,0,0,0,0,0,0,0,0,0,0,0,0,0,0,0,092,092
361190131022028,36,119,013102,2028,3,0,1,0,0,0,0,2,3,0,3,0,1,0,0,0,0,2,1,1,0,0,0,0,0,0,0,0,0,0,0,092,
361190131022027,36,119,013102,2027,0,0,0,0,0,0,0,0,0,0,0,0,0,0,0,0,0,0,0,0,0,0,0,0,0,0,0,0,0,0,0,092,
361190122011014,36,119,012201,1014,14,10,0,0,0,0,1,3,14,2,12,8,0,0,0,0,1,3,3,3,0,0,0,0,0,0,0,0,0,0,0,092,092
361190118005005,36,119,011800,5005,42,35,0,0,2,0,1,4,42,1,41,35,0,0,2,0,1,3,15,15,0,0,0,0,0,0,0,0,0,0,0,092,092
361190122021006,36,119,012202,1006,0,0,0,0,0,0,0,0,0,0,0,0,0,0,0,0,0,0,0,0,0,0,0,0,0,0,0,0,0,0,0,092,092
361190118005001,36,119,011800,5001,9,5,0,0,1,0,1,2,9,1,8,5,0,0,1,0,1,1,1,1,0,0,0,0,0,0,0,0,0,0,0,092,092
361190024033008,36,119,002403,3008,81,52,5,5,0,0,11,8,81,25,56,52,2,0,0,0,1,1,25,25,0,0,0,0,0,0,0,0,0,0,0,090,090
361190022042003,36,119,002204,2003,42,33,3,0,0,0,0,6,42,2,40,32,3,0,0,0,0,5,12,12,0,0,0,0,0,0,0,0,0,0,0,090,090
361190024035008,36,119,002403,5008,381,216,54,2,20,0,44,45,381,107,274,195,50,0,20,0,3,6,221,212,9,0,0,0,0,0,0,0,0,0,0,090,090
361190024031001,36,119,002403,1001,26,6,4,1,1,0,3,11,26,14,12,6,4,0,1,0,1,0,5,5,0,0,0,0,0,0,0,0,0,0,0,090,090
361190037003013,36,119,003700,3013,0,0,0,0,0,0,0,0,0,0,0,0,0,0,0,0,0,0,0,0,0,0,0,0,0,0,0,0,0,0,0,089,089
361190151001009,36,119,015100,1009,24,16,5,0,0,0,0,3,24,0,24,16,5,0,0,0,0,3,8,7,1,0,0,0,0,0,0,0,0,0,0,089,089
361190151001019,36,119,015100,1019,49,3,41,0,4,0,0,1,49,3,46,0,41,0,4,0,0,1,15,15,0,0,0,0,0,0,0,0,0,0,0,089,089
361190151002020,36,119,015100,2020,184,138,33,2,8,0,2,1,184,10,174,133,30,2,8,0,1,0,134,99,35,0,0,0,0,0,0,0,0,0,0,089,089
361190118004030,36,119,011800,4030,0,0,0,0,0,0,0,0,0,0,0,0,0,0,0,0,0,0,0,0,0,0,0,0,0,0,0,0,0,0,0,092,092
361190107011021,36,119,010701,1021,0,0,0,0,0,0,0,0,0,0,0,0,0,0,0,0,0,0,0,0,0,0,0,0,0,0,0,0,0,0,0,092,092
361190109022021,36,119,010902,2021,0,0,0,0,0,0,0,0,0,0,0,0,0,0,0,0,0,0,0,0,0,0,0,0,0,0,0,0,0,0,0,092,092
361190114011017,36,119,011401,1017,195,175,0,0,13,0,2,5,195,12,183,170,0,0,12,0,0,1,67,67,0,0,0,0,0,0,0,0,0,0,0,092,092
361190035002003,36,119,003500,2003,33,5,8,3,3,0,9,5,33,20,13,5,5,0,3,0,0,0,5,0,5,0,0,0,0,0,0,0,0,0,0,089,089
361190109031001,36,119,010903,1001,52,3,27,0,0,0,17,5,52,19,33,3,26,0,0,0,2,2,9,9,0,0,0,0,0,0,0,0,0,0,0,092,092
361190112004010,36,119,011200,4010,0,0,0,0,0,0,0,0,0,0,0,0,0,0,0,0,0,0,0,0,0,0,0,0,0,0,0,0,0,0,0,092,092
361190020004026,36,119,002000,4026,94,50,9,0,2,0,19,14,94,40,54,41,9,0,2,0,2,0,32,32,0,0,0,0,0,0,0,0,0,0,0,090,090
361190021013000,36,119,002101,3000,92,49,10,0,13,0,12,8,92,18,74,49,9,0,13,0,0,3,33,33,0,0,0,0,0,0,0,0,0,0,0,090,090
361190021012005,36,119,002101,2005,128,77,4,1,24,0,7,15,128,27,101,64,4,0,24,0,3,6,45,45,0,0,0,0,0,0,0,0,0,0,0,090,090
361190020004025,36,119,002000,4025,103,64,1,0,6,0,23,9,103,40,63,54,1,0,6,0,1,1,34,34,0,0,0,0,0,0,0,0,0,0,0,090,090
361190020004001,36,119,002000,4001,83,57,1,0,4,0,5,16,83,25,58,53,1,0,4,0,0,0,36,36,0,0,0,0,0,0,0,0,0,0,0,090,090
361190021011005,36,119,002101,1005,82,49,12,0,2,0,11,8,82,24,58,49,2,0,2,0,0,5,28,28,0,0,0,0,0,0,0,0,0,0,0,090,090
361190021012007,36,119,002101,2007,90,52,5,0,7,1,10,15,90,26,64,52,5,0,6,0,0,1,24,24,0,0,0,0,0,0,0,0,0,0,0,090,090
361190021012004,36,119,002101,2004,112,69,10,1,8,0,9,15,112,30,82,62,10,0,8,0,0,2,42,42,0,0,0,0,0,0,0,0,0,0,0,090,090
361190111014006,36,119,011101,4006,48,7,19,0,12,0,2,8,48,6,42,7,19,0,12,0,2,2,12,12,0,0,0,0,0,0,0,0,0,0,0,092,092
361190111011039,36,119,011101,1039,697,357,139,7,114,0,46,34,697,91,606,335,133,0,114,0,10,14,320,316,4,0,0,0,0,0,0,0,0,0,0,092,092
361190106003003,36,119,010600,3003,0,0,0,0,0,0,0,0,0,0,0,0,0,0,0,0,0,0,0,0,0,0,0,0,0,0,0,0,0,0,0,092,092
361190113001025,36,119,011300,1025,0,0,0,0,0,0,0,0,0,0,0,0,0,0,0,0,0,0,0,0,0,0,0,0,0,0,0,0,0,0,0,092,092
361190111014009,36,119,011101,4009,24,14,1,0,2,0,3,4,24,2,22,14,1,0,2,0,1,4,13,13,0,0,0,0,0,0,0,0,0,0,0,092,092
361190111022006,36,119,011102,2006,64,55,1,0,7,0,1,0,64,6,58,50,1,0,7,0,0,0,21,21,0,0,0,0,0,0,0,0,0,0,0,092,092
361190118003045,36,119,011800,3045,0,0,0,0,0,0,0,0,0,0,0,0,0,0,0,0,0,0,0,0,0,0,0,0,0,0,0,0,0,0,0,092,092
361190014013016,36,119,001401,3016,0,0,0,0,0,0,0,0,0,0,0,0,0,0,0,0,0,0,0,0,0,0,0,0,0,0,0,0,0,0,0,090,090
361190014012015,36,119,001401,2015,0,0,0,0,0,0,0,0,0,0,0,0,0,0,0,0,0,0,0,0,0,0,0,0,0,0,0,0,0,0,0,090,090
361190014012014,36,119,001401,2014,0,0,0,0,0,0,0,0,0,0,0,0,0,0,0,0,0,0,0,0,0,0,0,0,0,0,0,0,0,0,0,090,090
361190014012013,36,119,001401,2013,0,0,0,0,0,0,0,0,0,0,0,0,0,0,0,0,0,0,0,0,0,0,0,0,0,0,0,0,0,0,0,090,090
361190118002026,36,119,011800,2026,64,64,0,0,0,0,0,0,64,0,64,64,0,0,0,0,0,0,20,20,0,0,0,0,0,0,0,0,0,0,0,092,092
361190118004017,36,119,011800,4017,0,0,0,0,0,0,0,0,0,0,0,0,0,0,0,0,0,0,0,0,0,0,0,0,0,0,0,0,0,0,0,092,092
361190118004021,36,119,011800,4021,0,0,0,0,0,0,0,0,0,0,0,0,0,0,0,0,0,0,0,0,0,0,0,0,0,0,0,0,0,0,0,092,092
361190118004015,36,119,011800,4015,0,0,0,0,0,0,0,0,0,0,0,0,0,0,0,0,0,0,0,0,0,0,0,0,0,0,0,0,0,0,0,092,092
361190118004020,36,119,011800,4020,0,0,0,0,0,0,0,0,0,0,0,0,0,0,0,0,0,0,0,0,0,0,0,0,0,0,0,0,0,0,0,092,092
361190118004019,36,119,011800,4019,0,0,0,0,0,0,0,0,0,0,0,0,0,0,0,0,0,0,0,0,0,0,0,0,0,0,0,0,0,0,0,092,092
361190024035004,36,119,002403,5004,145,47,10,0,13,0,63,12,145,80,65,42,6,0,13,0,0,4,56,56,0,0,0,0,0,0,0,0,0,0,0,090,090
361190024035002,36,119,002403,5002,105,42,15,0,3,0,32,13,105,61,44,27,9,0,3,0,3,2,43,43,0,0,0,0,0,0,0,0,0,0,0,090,090
361190024034013,36,119,002403,4013,0,0,0,0,0,0,0,0,0,0,0,0,0,0,0,0,0,0,0,0,0,0,0,0,0,0,0,0,0,0,0,089,089
361190120002021,36,119,012000,2021,0,0,0,0,0,0,0,0,0,0,0,0,0,0,0,0,0,0,0,0,0,0,0,0,0,0,0,0,0,0,0,092,092
361190120003010,36,119,012000,3010,23,17,0,0,3,0,0,3,23,3,20,17,0,0,3,0,0,0,10,10,0,0,0,0,0,0,0,0,0,0,0,092,092
361190120002018,36,119,012000,2018,26,24,0,0,0,0,0,2,26,2,24,24,0,0,0,0,0,0,9,9,0,0,0,0,0,0,0,0,0,0,0,092,092
361190020004019,36,119,002000,4019,0,0,0,0,0,0,0,0,0,0,0,0,0,0,0,0,0,0,0,0,0,0,0,0,0,0,0,0,0,0,0,090,090
361190040021005,36,119,004002,1005,101,28,25,2,2,0,17,27,101,29,72,23,22,1,2,0,8,16,35,29,6,0,0,0,0,0,0,0,0,0,0,089,089
361190002021006,36,119,000202,1006,0,0,0,0,0,0,0,0,0,0,0,0,0,0,0,0,0,0,0,0,0,0,0,0,0,0,0,0,0,0,0,089,089
361190111014007,36,119,011101,4007,32,18,0,0,6,0,6,2,32,6,26,18,0,0,6,0,0,2,9,9,0,0,0,0,0,0,0,0,0,0,0,092,092
361190111013019,36,119,011101,3019,0,0,0,0,0,0,0,0,0,0,0,0,0,0,0,0,0,0,0,0,0,0,0,0,0,0,0,0,0,0,0,092,092
361190111014015,36,119,011101,4015,76,45,14,0,11,0,4,2,76,13,63,41,11,0,11,0,0,0,27,27,0,0,0,0,0,0,0,0,0,0,0,092,092
361190111014016,36,119,011101,4016,17,9,0,0,5,0,2,1,17,4,13,8,0,0,5,0,0,0,3,3,0,0,0,0,0,0,0,0,0,0,0,092,092
361190111013016,36,119,011101,3016,60,28,12,0,14,0,2,4,60,12,48,22,12,0,14,0,0,0,15,15,0,0,0,0,0,0,0,0,0,0,0,092,092
361190113001022,36,119,011300,1022,0,0,0,0,0,0,0,0,0,0,0,0,0,0,0,0,0,0,0,0,0,0,0,0,0,0,0,0,0,0,0,092,092
361190105001007,36,119,010500,1007,62,50,5,0,2,0,4,1,62,5,57,48,5,0,2,0,1,1,25,25,0,0,0,0,0,0,0,0,0,0,0,092,092
361190105001002,36,119,010500,1002,0,0,0,0,0,0,0,0,0,0,0,0,0,0,0,0,0,0,0,0,0,0,0,0,0,0,0,0,0,0,0,092,092
361190105001005,36,119,010500,1005,202,133,8,0,26,0,19,16,202,31,171,130,8,0,26,0,0,7,70,70,0,0,0,0,0,0,0,0,0,0,0,092,092
361190105001009,36,119,010500,1009,27,16,3,0,4,0,0,4,27,2,25,15,3,0,4,0,0,3,8,8,0,0,0,0,0,0,0,0,0,0,0,092,092
361190021061002,36,119,002106,1002,0,0,0,0,0,0,0,0,0,0,0,0,0,0,0,0,0,0,0,0,0,0,0,0,0,0,0,0,0,0,0,090,090
361190020004010,36,119,002000,4010,0,0,0,0,0,0,0,0,0,0,0,0,0,0,0,0,0,0,0,0,0,0,0,0,0,0,0,0,0,0,0,090,090
361190020004015,36,119,002000,4015,0,0,0,0,0,0,0,0,0,0,0,0,0,0,0,0,0,0,0,0,0,0,0,0,0,0,0,0,0,0,0,090,090
361190020004014,36,119,002000,4014,0,0,0,0,0,0,0,0,0,0,0,0,0,0,0,0,0,0,0,0,0,0,0,0,0,0,0,0,0,0,0,090,090
361199810001022,36,119,981000,1022,5,2,0,0,3,0,0,0,5,0,5,2,0,0,3,0,0,0,2,0,2,0,0,0,0,0,0,0,0,0,0,092,092
361190021012006,36,119,002101,2006,122,61,12,2,20,0,9,18,122,32,90,57,12,0,20,0,0,1,47,45,2,0,0,0,0,0,0,0,0,0,0,090,090
361190111014010,36,119,011101,4010,0,0,0,0,0,0,0,0,0,0,0,0,0,0,0,0,0,0,0,0,0,0,0,0,0,0,0,0,0,0,0,092,092
361190005021000,36,119,000502,1000,766,81,142,8,275,0,184,76,766,291,475,52,139,0,272,0,3,9,438,422,16,12,0,0,0,0,0,12,0,0,12,090,090
361190115001013,36,119,011500,1013,0,0,0,0,0,0,0,0,0,0,0,0,0,0,0,0,0,0,0,0,0,0,0,0,0,0,0,0,0,0,0,092,092
361190015031001,36,119,001503,1001,64,53,0,0,2,0,1,8,64,7,57,51,0,0,2,0,0,4,28,26,2,0,0,0,0,0,0,0,0,0,0,089,089
361190015021007,36,119,001502,1007,728,417,72,5,42,0,122,70,728,226,502,390,54,1,42,0,12,3,368,350,18,0,0,0,0,0,0,0,0,0,0,089,089
361190015021001,36,119,001502,1001,0,0,0,0,0,0,0,0,0,0,0,0,0,0,0,0,0,0,0,0,0,0,0,0,0,0,0,0,0,0,0,089,089
361190029002013,36,119,002900,2013,143,5,123,0,0,0,5,10,143,8,135,3,123,0,0,0,0,9,38,37,1,0,0,0,0,0,0,0,0,0,0,089,089
361190026001003,36,119,002600,1003,135,5,123,2,0,0,2,3,135,7,128,2,122,2,0,0,0,2,48,48,0,0,0,0,0,0,0,0,0,0,0,089,089
361190027001009,36,119,002700,1009,390,4,361,0,0,0,13,12,390,28,362,4,344,0,0,0,3,11,154,148,6,0,0,0,0,0,0,0,0,0,0,089,089
361190107023003,36,119,010702,3003,0,0,0,0,0,0,0,0,0,0,0,0,0,0,0,0,0,0,0,0,0,0,0,0,0,0,0,0,0,0,0,092,092
361190105002016,36,119,010500,2016,0,0,0,0,0,0,0,0,0,0,0,0,0,0,0,0,0,0,0,0,0,0,0,0,0,0,0,0,0,0,0,092,092
361190106003005,36,119,010600,3005,14,1,2,0,4,0,2,5,14,3,11,1,0,0,3,0,2,5,2,2,0,0,0,0,0,0,0,0,0,0,0,092,092
361190106003004,36,119,010600,3004,0,0,0,0,0,0,0,0,0,0,0,0,0,0,0,0,0,0,0,0,0,0,0,0,0,0,0,0,0,0,0,092,092
361190106003010,36,119,010600,3010,26,4,10,0,5,0,0,7,26,6,20,1,10,0,5,0,0,4,9,9,0,0,0,0,0,0,0,0,0,0,0,092,092
361190106003014,36,119,010600,3014,28,14,2,2,7,0,0,3,28,5,23,14,2,0,7,0,0,0,8,8,0,0,0,0,0,0,0,0,0,0,0,092,092
361190003001012,36,119,000300,1012,462,31,79,13,0,0,297,42,462,393,69,0,57,1,0,0,8,3,202,157,45,0,0,0,0,0,0,0,0,0,0,090,090
361190024035005,36,119,002403,5005,314,126,46,0,24,1,70,47,314,102,212,124,44,0,23,0,17,4,124,110,14,0,0,0,0,0,0,0,0,0,0,090,090
361190026002016,36,119,002600,2016,137,14,111,0,0,0,4,8,137,3,134,14,111,0,0,0,1,8,41,41,0,0,0,0,0,0,0,0,0,0,0,089,089
361190026002024,36,119,002600,2024,42,0,30,0,0,0,10,2,42,8,34,0,30,0,0,0,4,0,15,13,2,0,0,0,0,0,0,0,0,0,0,089,089
361190121021002,36,119,012102,1002,32,22,0,1,4,0,0,5,32,9,23,18,0,1,4,0,0,0,10,10,0,0,0,0,0,0,0,0,0,0,0,092,092
361199810001035,36,119,981000,1035,0,0,0,0,0,0,0,0,0,0,0,0,0,0,0,0,0,0,0,0,0,0,0,0,0,0,0,0,0,0,0,092,092
361190120001042,36,119,012000,1042,43,38,0,0,0,0,0,5,43,9,34,34,0,0,0,0,0,0,10,10,0,0,0,0,0,0,0,0,0,0,0,092,092
361190120001051,36,119,012000,1051,59,57,0,0,0,0,0,2,59,2,57,57,0,0,0,0,0,0,22,22,0,0,0,0,0,0,0,0,0,0,0,092,092
361190120001005,36,119,012000,1005,0,0,0,0,0,0,0,0,0,0,0,0,0,0,0,0,0,0,0,0,0,0,0,0,0,0,0,0,0,0,0,092,092
361190106002002,36,119,010600,2002,693,460,7,1,152,0,9,64,693,77,616,448,7,1,152,0,0,8,238,238,0,0,0,0,0,0,0,0,0,0,0,092,092
361190106003017,36,119,010600,3017,167,117,3,0,40,0,2,5,167,8,159,113,3,0,40,0,1,2,57,57,0,0,0,0,0,0,0,0,0,0,0,092,092
361190106001016,36,119,010600,1016,40,24,1,0,5,0,0,10,40,7,33,24,0,0,5,0,0,4,11,4,7,0,0,0,0,0,0,0,0,0,0,092,092
361190111021004,36,119,011102,1004,55,40,1,0,0,0,7,7,55,12,43,40,1,0,0,0,0,2,30,30,0,0,0,0,0,0,0,0,0,0,0,092,092
361190111021003,36,119,011102,1003,17,5,8,0,0,0,2,2,17,1,16,5,8,0,0,0,2,1,3,3,0,0,0,0,0,0,0,0,0,0,0,092,092
361190111022005,36,119,011102,2005,134,102,0,0,29,0,1,2,134,1,133,102,0,0,29,0,0,2,50,50,0,0,0,0,0,0,0,0,0,0,0,092,092
361190111021027,36,119,011102,1027,59,46,0,0,4,0,0,9,59,5,54,46,0,0,4,0,0,4,16,16,0,0,0,0,0,0,0,0,0,0,0,092,092
361190111021028,36,119,011102,1028,38,32,0,0,4,0,0,2,38,0,38,32,0,0,4,0,0,2,17,17,0,0,0,0,0,0,0,0,0,0,0,092,092
361190111021023,36,119,011102,1023,30,16,2,0,4,0,7,1,30,7,23,16,2,0,4,0,0,1,9,9,0,0,0,0,0,0,0,0,0,0,0,092,092
361190111022016,36,119,011102,2016,44,36,0,0,3,0,3,2,44,4,40,35,0,0,3,0,0,2,14,9,5,0,0,0,0,0,0,0,0,0,0,092,092
361190111022033,36,119,011102,2033,36,31,2,0,1,0,1,1,36,1,35,31,2,0,1,0,0,1,14,14,0,0,0,0,0,0,0,0,0,0,0,092,092
361190111022015,36,119,011102,2015,33,27,0,0,4,0,0,2,33,2,31,27,0,0,4,0,0,0,9,9,0,0,0,0,0,0,0,0,0,0,0,092,092
361190103003012,36,119,010300,3012,79,19,22,0,0,0,10,28,79,34,45,15,15,0,0,0,0,15,28,28,0,0,0,0,0,0,0,0,0,0,0,092,092
361190024041003,36,119,002404,1003,0,0,0,0,0,0,0,0,0,0,0,0,0,0,0,0,0,0,0,0,0,0,0,0,0,0,0,0,0,0,0,090,090
361190112003001,36,119,011200,3001,200,16,86,0,7,0,52,39,200,77,123,15,83,0,7,0,0,18,61,61,0,0,0,0,0,0,0,0,0,0,0,092,092
361190107013008,36,119,010701,3008,0,0,0,0,0,0,0,0,0,0,0,0,0,0,0,0,0,0,0,0,0,0,0,0,0,0,0,0,0,0,0,092,092
361190041001004,36,119,004100,1004,1141,163,689,9,33,0,137,110,1141,274,867,129,665,0,33,0,12,28,653,626,27,0,0,0,0,0,0,0,0,0,0,089,089
361190111022009,36,119,011102,2009,119,56,43,0,11,0,7,2,119,7,112,56,43,0,11,0,0,2,39,39,0,0,0,0,0,0,0,0,0,0,0,092,092
361190105001006,36,119,010500,1006,369,263,3,1,73,0,7,22,369,25,344,262,2,0,73,0,4,3,118,108,10,0,0,0,0,0,0,0,0,0,0,092,092
361190118005004,36,119,011800,5004,149,100,4,0,31,0,11,3,149,11,138,99,4,0,31,0,3,1,51,51,0,14,0,0,0,0,0,14,0,0,14,092,092
361190118005000,36,119,011800,5000,308,264,0,0,43,0,0,1,308,0,308,264,0,0,43,0,0,1,92,92,0,0,0,0,0,0,0,0,0,0,0,092,092
361190111021007,36,119,011102,1007,26,6,4,0,10,0,0,6,26,5,21,5,4,0,10,0,0,2,9,9,0,0,0,0,0,0,0,0,0,0,0,092,092
361190111021005,36,119,011102,1005,45,20,9,0,8,0,1,7,45,8,37,13,9,0,8,0,1,6,10,10,0,0,0,0,0,0,0,0,0,0,0,092,092
361190111022036,36,119,011102,2036,49,42,3,0,0,0,0,4,49,8,41,37,3,0,0,0,0,1,12,12,0,0,0,0,0,0,0,0,0,0,0,092,092
361190111022022,36,119,011102,2022,35,32,0,0,0,0,0,3,35,0,35,32,0,0,0,0,0,3,14,14,0,0,0,0,0,0,0,0,0,0,0,092,092
361190106001013,36,119,010600,1013,42,25,0,0,11,0,0,6,42,3,39,24,0,0,9,0,0,6,15,15,0,0,0,0,0,0,0,0,0,0,0,092,092
361190111022027,36,119,011102,2027,0,0,0,0,0,0,0,0,0,0,0,0,0,0,0,0,0,0,0,0,0,0,0,0,0,0,0,0,0,0,0,092,092
361190111022014,36,119,011102,2014,31,16,0,0,12,0,0,3,31,1,30,15,0,0,12,0,0,3,8,7,1,0,0,0,0,0,0,0,0,0,0,092,092
361190106001012,36,119,010600,1012,65,53,0,0,11,0,0,1,65,2,63,51,0,0,11,0,0,1,23,23,0,0,0,0,0,0,0,0,0,0,0,092,092
361190108031003,36,119,010803,1003,123,64,16,0,9,0,17,17,123,37,86,59,16,0,9,0,0,2,73,67,6,0,0,0,0,0,0,0,0,0,0,092,092
361190108032002,36,119,010803,2002,173,81,38,0,17,0,12,25,173,23,150,80,38,0,17,0,0,15,83,83,0,0,0,0,0,0,0,0,0,0,0,092,092
361190108032004,36,119,010803,2004,100,29,30,0,23,0,10,8,100,15,85,22,30,0,23,0,3,7,36,28,8,0,0,0,0,0,0,0,0,0,0,092,092
361190108032007,36,119,010803,2007,149,96,12,1,12,0,16,12,149,33,116,85,12,0,12,0,5,2,94,94,0,0,0,0,0,0,0,0,0,0,0,092,092
361190102003005,36,119,010200,3005,12,4,2,0,3,0,0,3,12,7,5,0,0,0,3,0,0,2,2,1,1,0,0,0,0,0,0,0,0,0,0,092,092
361190118005003,36,119,011800,5003,40,33,1,0,0,0,0,6,40,6,34,29,1,0,0,0,0,4,10,10,0,0,0,0,0,0,0,0,0,0,0,092,092
361190008032000,36,119,000803,2000,80,26,12,0,6,0,17,19,80,30,50,25,9,0,6,0,0,10,31,31,0,0,0,0,0,0,0,0,0,0,0,090,090
361190121012010,36,119,012101,2010,107,86,1,0,14,0,1,5,107,3,104,86,1,0,14,0,1,2,38,38,0,0,0,0,0,0,0,0,0,0,0,092,092
361190005012005,36,119,000501,2005,163,30,9,7,1,0,78,38,163,140,23,11,8,0,1,0,1,2,55,47,8,0,0,0,0,0,0,0,0,0,0,090,090
361190006021004,36,119,000602,1004,570,118,241,3,7,0,148,53,570,240,330,93,218,0,7,0,2,10,179,175,4,209,209,0,0,209,0,0,0,0,0,089,089
361190003001004,36,119,000300,1004,69,6,15,5,3,0,26,14,69,41,28,6,14,0,2,0,0,6,13,13,0,8,0,0,0,0,0,8,0,0,8,090,090
361190109034033,36,119,010903,4033,3,1,0,0,0,0,2,0,3,3,0,0,0,0,0,0,0,0,1,1,0,0,0,0,0,0,0,0,0,0,0,092,092
361190118004028,36,119,011800,4028,0,0,0,0,0,0,0,0,0,0,0,0,0,0,0,0,0,0,0,0,0,0,0,0,0,0,0,0,0,0,0,092,092
361190116021000,36,119,011602,1000,233,58,2,1,3,0,87,82,233,183,50,38,2,0,3,0,0,7,72,63,9,0,0,0,0,0,0,0,0,0,0,092,092
361190117002006,36,119,011700,2006,33,32,0,0,0,0,0,1,33,0,33,32,0,0,0,0,0,1,15,15,0,0,0,0,0,0,0,0,0,0,0,092,092
361190117002014,36,119,011700,2014,34,31,0,0,0,0,2,1,34,2,32,31,0,0,0,0,1,0,12,12,0,9,0,0,0,0,0,9,0,0,9,092,092
361190117002016,36,119,011700,2016,72,67,0,0,3,0,0,2,72,1,71,67,0,0,3,0,0,1,24,24,0,0,0,0,0,0,0,0,0,0,0,092,092
361190117002012,36,119,011700,2012,76,73,0,0,3,0,0,0,76,2,74,71,0,0,3,0,0,0,29,29,0,0,0,0,0,0,0,0,0,0,0,092,092
361190117002015,36,119,011700,2015,51,41,0,0,3,0,1,6,51,2,49,41,0,0,3,0,1,4,14,14,0,0,0,0,0,0,0,0,0,0,0,092,092
361190117002020,36,119,011700,2020,45,37,0,0,3,0,0,5,45,4,41,37,0,0,3,0,0,1,14,14,0,0,0,0,0,0,0,0,0,0,0,092,092
361190117002021,36,119,011700,2021,44,33,0,0,4,0,2,5,44,4,40,33,0,0,4,0,0,3,13,13,0,0,0,0,0,0,0,0,0,0,0,092,092
361190117002027,36,119,011700,2027,43,38,0,0,1,0,0,4,43,2,41,38,0,0,1,0,0,2,15,15,0,0,0,0,0,0,0,0,0,0,0,092,092
361190117002026,36,119,011700,2026,46,44,2,0,0,0,0,0,46,0,46,44,2,0,0,0,0,0,13,13,0,0,0,0,0,0,0,0,0,0,0,092,092
361190118003056,36,119,011800,3056,0,0,0,0,0,0,0,0,0,0,0,0,0,0,0,0,0,0,0,0,0,0,0,0,0,0,0,0,0,0,0,092,092
361190117002034,36,119,011700,2034,19,16,0,0,1,0,0,2,19,2,17,16,0,0,1,0,0,0,9,7,2,0,0,0,0,0,0,0,0,0,0,092,092
361190117002036,36,119,011700,2036,31,22,0,0,3,0,0,6,31,5,26,22,0,0,3,0,0,1,8,8,0,0,0,0,0,0,0,0,0,0,0,092,092
361190117002038,36,119,011700,2038,21,17,1,0,2,0,0,1,21,0,21,17,1,0,2,0,0,1,6,6,0,0,0,0,0,0,0,0,0,0,0,092,092
361190024034007,36,119,002403,4007,372,96,130,0,15,0,99,32,372,160,212,71,112,0,15,0,3,11,150,143,7,0,0,0,0,0,0,0,0,0,0,090,090
361190106001005,36,119,010600,1005,72,56,0,0,7,0,0,9,72,5,67,56,0,0,7,0,0,4,22,22,0,0,0,0,0,0,0,0,0,0,0,092,092
361190108032000,36,119,010803,2000,327,208,37,0,21,0,21,40,327,68,259,192,34,0,21,0,5,7,208,207,1,6,0,0,0,0,0,6,0,0,6,092,092
361190151004005,36,119,015100,4005,113,43,42,0,3,1,11,13,113,16,97,41,42,0,3,1,1,9,41,40,1,0,0,0,0,0,0,0,0,0,0,089,089
361190151004002,36,119,015100,4002,108,47,33,0,3,0,1,24,108,27,81,43,30,0,3,0,1,4,37,37,0,0,0,0,0,0,0,0,0,0,0,089,089
361190113002011,36,119,011300,2011,40,34,0,0,3,0,0,3,40,0,40,34,0,0,3,0,0,3,11,11,0,0,0,0,0,0,0,0,0,0,0,092,092
361190113002012,36,119,011300,2012,33,20,0,0,6,0,3,4,33,4,29,18,0,0,6,0,1,4,6,6,0,0,0,0,0,0,0,0,0,0,0,092,092
361190104003004,36,119,010400,3004,253,195,4,0,18,0,10,26,253,34,219,190,4,0,18,0,2,5,136,126,10,0,0,0,0,0,0,0,0,0,0,092,092
361190104002010,36,119,010400,2010,19,14,0,0,0,0,0,5,19,3,16,14,0,0,0,0,0,2,8,8,0,0,0,0,0,0,0,0,0,0,0,092,092
361190104002000,36,119,010400,2000,26,8,8,1,5,0,1,3,26,7,19,4,6,1,5,0,1,2,0,0,0,26,0,0,0,0,0,26,26,0,0,092,092
361190104003010,36,119,010400,3010,198,149,1,0,17,0,15,16,198,25,173,148,1,0,16,0,0,8,103,103,0,0,0,0,0,0,0,0,0,0,0,092,092
361190104002011,36,119,010400,2011,42,30,1,0,2,0,4,5,42,15,27,22,1,0,2,0,2,0,21,21,0,0,0,0,0,0,0,0,0,0,0,092,092
361190104002008,36,119,010400,2008,41,12,0,9,0,0,7,13,41,22,19,10,0,0,0,0,0,9,19,0,19,0,0,0,0,0,0,0,0,0,0,092,092
361190104002009,36,119,010400,2009,19,10,0,0,0,0,3,6,19,9,10,7,0,0,0,0,0,3,8,8,0,0,0,0,0,0,0,0,0,0,0,092,092
361190105005000,36,119,010500,5000,55,43,1,0,7,0,1,3,55,3,52,43,1,0,5,0,0,3,24,24,0,0,0,0,0,0,0,0,0,0,0,092,092
361190105005003,36,119,010500,5003,122,99,5,0,11,0,0,7,122,8,114,95,5,0,11,0,0,3,48,48,0,0,0,0,0,0,0,0,0,0,0,092,092
361190109011020,36,119,010901,1020,290,23,136,2,32,1,50,46,290,105,185,17,127,0,32,0,0,9,119,119,0,3,0,0,0,0,0,3,0,0,3,092,092
361190112002003,36,119,011200,2003,0,0,0,0,0,0,0,0,0,0,0,0,0,0,0,0,0,0,0,0,0,0,0,0,0,0,0,0,0,0,0,092,092
361190109011021,36,119,010901,1021,523,138,219,3,57,0,42,64,523,103,420,123,205,1,57,0,13,21,267,247,20,1,0,0,0,0,0,1,0,0,1,092,092
361190110001006,36,119,011000,1006,38,27,6,0,3,0,1,1,38,1,37,27,6,0,3,0,0,1,11,11,0,0,0,0,0,0,0,0,0,0,0,092,092
361190118002000,36,119,011800,2000,0,0,0,0,0,0,0,0,0,0,0,0,0,0,0,0,0,0,0,0,0,0,0,0,0,0,0,0,0,0,0,092,092
361190109021004,36,119,010902,1004,61,33,7,2,8,0,3,8,61,14,47,28,7,1,8,0,3,0,14,13,1,0,0,0,0,0,0,0,0,0,0,092,092
361190109024008,36,119,010902,4008,63,19,24,0,1,0,7,12,63,18,45,14,24,0,1,0,0,6,19,19,0,0,0,0,0,0,0,0,0,0,0,092,092
361190109024010,36,119,010902,4010,28,4,11,0,4,0,3,6,28,9,19,2,11,0,4,0,0,2,7,7,0,0,0,0,0,0,0,0,0,0,0,092,092
361190109024009,36,119,010902,4009,43,8,22,0,0,0,6,7,43,12,31,8,22,0,0,0,1,0,14,14,0,0,0,0,0,0,0,0,0,0,0,092,092
361190109022028,36,119,010902,2028,42,1,29,0,1,0,6,5,42,7,35,1,29,0,1,0,3,1,10,10,0,0,0,0,0,0,0,0,0,0,0,092,092
361190109024011,36,119,010902,4011,39,5,15,0,5,0,5,9,39,9,30,5,14,0,5,0,0,6,21,21,0,0,0,0,0,0,0,0,0,0,0,092,092
361190109023029,36,119,010902,3029,75,13,12,7,0,0,36,7,75,49,26,12,12,0,0,0,2,0,24,22,2,0,0,0,0,0,0,0,0,0,0,092,092
361190108031000,36,119,010803,1000,57,5,14,0,0,0,37,1,57,40,17,3,14,0,0,0,0,0,15,7,8,0,0,0,0,0,0,0,0,0,0,092,092
361190109023009,36,119,010902,3009,34,11,3,0,0,0,11,9,34,16,18,11,0,0,0,0,4,3,14,14,0,0,0,0,0,0,0,0,0,0,0,092,092
361190109023017,36,119,010902,3017,0,0,0,0,0,0,0,0,0,0,0,0,0,0,0,0,0,0,0,0,0,0,0,0,0,0,0,0,0,0,0,092,092
361190111021024,36,119,011102,1024,65,37,5,0,20,0,0,3,65,4,61,37,4,0,20,0,0,0,16,16,0,0,0,0,0,0,0,0,0,0,0,092,092
361190042004001,36,119,004200,4001,209,19,139,0,4,0,9,38,209,43,166,19,134,0,4,0,2,7,110,106,4,0,0,0,0,0,0,0,0,0,0,089,089
361190040021000,36,119,004002,1000,26,10,7,1,0,0,0,8,26,14,12,1,7,0,0,0,0,4,5,1,4,0,0,0,0,0,0,0,0,0,0,089,089
361190041003022,36,119,004100,3022,40,9,27,0,1,0,1,2,40,3,37,7,27,0,1,0,0,2,15,7,8,0,0,0,0,0,0,0,0,0,0,089,089
361190042003000,36,119,004200,3000,1160,204,723,3,32,0,117,81,1160,214,946,179,705,0,32,0,21,9,746,711,35,0,0,0,0,0,0,0,0,0,0,089,089
361190041003005,36,119,004100,3005,57,13,34,0,0,0,0,10,57,15,42,10,30,0,0,0,0,2,14,14,0,0,0,0,0,0,0,0,0,0,0,089,089
361190034004007,36,119,003400,4007,20,0,15,0,1,0,1,3,20,3,17,0,15,0,1,0,0,1,6,6,0,0,0,0,0,0,0,0,0,0,0,089,089
361190151004004,36,119,015100,4004,189,81,77,0,10,0,4,17,189,18,171,79,75,0,10,0,0,7,75,75,0,0,0,0,0,0,0,0,0,0,0,089,089
361190122013008,36,119,012201,3008,94,71,0,0,12,0,2,9,94,10,84,71,0,0,12,0,0,1,28,28,0,0,0,0,0,0,0,0,0,0,0,092,092
361190118004022,36,119,011800,4022,14,4,0,0,0,0,0,10,14,6,8,3,0,0,0,0,0,5,2,2,0,0,0,0,0,0,0,0,0,0,0,092,092
361190121021014,36,119,012102,1014,9,7,0,0,2,0,0,0,9,0,9,7,0,0,2,0,0,0,7,7,0,0,0,0,0,0,0,0,0,0,0,092,092
361190121022015,36,119,012102,2015,44,37,0,0,1,0,3,3,44,4,40,37,0,0,1,0,0,2,18,17,1,0,0,0,0,0,0,0,0,0,0,092,092
361199810001012,36,119,981000,1012,0,0,0,0,0,0,0,0,0,0,0,0,0,0,0,0,0,0,0,0,0,0,0,0,0,0,0,0,0,0,0,092,092
361190118003021,36,119,011800,3021,0,0,0,0,0,0,0,0,0,0,0,0,0,0,0,0,0,0,0,0,0,0,0,0,0,0,0,0,0,0,0,092,092
361190118003039,36,119,011800,3039,11,0,0,0,4,0,4,3,11,6,5,0,0,0,4,0,0,1,3,3,0,0,0,0,0,0,0,0,0,0,0,092,092
361190035002004,36,119,003500,2004,0,0,0,0,0,0,0,0,0,0,0,0,0,0,0,0,0,0,0,0,0,0,0,0,0,0,0,0,0,0,0,089,089
361190037003004,36,119,003700,3004,229,42,92,5,5,0,45,40,229,56,173,40,89,0,5,0,22,17,84,77,7,0,0,0,0,0,0,0,0,0,0,089,089
361190022011006,36,119,002201,1006,0,0,0,0,0,0,0,0,0,0,0,0,0,0,0,0,0,0,0,0,0,0,0,0,0,0,0,0,0,0,0,090,090
361190118002014,36,119,011800,2014,28,20,0,0,6,0,1,1,28,0,28,20,0,0,6,0,1,1,7,7,0,0,0,0,0,0,0,0,0,0,0,092,092
361190118001011,36,119,011800,1011,47,30,0,1,9,0,0,7,47,0,47,30,0,1,9,0,0,7,19,19,0,0,0,0,0,0,0,0,0,0,0,092,092
361190118003012,36,119,011800,3012,0,0,0,0,0,0,0,0,0,0,0,0,0,0,0,0,0,0,0,0,0,0,0,0,0,0,0,0,0,0,0,092,092
361190118004016,36,119,011800,4016,0,0,0,0,0,0,0,0,0,0,0,0,0,0,0,0,0,0,0,0,0,0,0,0,0,0,0,0,0,0,0,092,092
361190024032001,36,119,002403,2001,36,2,4,0,4,0,22,4,36,19,17,1,4,0,4,0,4,4,16,16,0,0,0,0,0,0,0,0,0,0,0,090,090
361190024034008,36,119,002403,4008,154,53,23,1,13,0,34,30,154,70,84,45,21,1,13,0,0,4,56,56,0,0,0,0,0,0,0,0,0,0,0,089,090
361190024034010,36,119,002403,4010,60,18,13,0,4,0,12,13,60,22,38,18,13,0,4,0,2,1,22,22,0,0,0,0,0,0,0,0,0,0,0,089,089
361190119021010,36,119,011902,1010,0,0,0,0,0,0,0,0,0,0,0,0,0,0,0,0,0,0,0,0,0,0,0,0,0,0,0,0,0,0,0,092,092
361190121012033,36,119,012101,2033,80,66,3,0,2,0,1,8,80,3,77,66,3,0,2,0,1,5,26,23,3,0,0,0,0,0,0,0,0,0,0,092,092
361190121012037,36,119,012101,2037,22,8,0,0,10,0,0,4,22,1,21,8,0,0,10,0,0,3,3,3,0,0,0,0,0,0,0,0,0,0,0,092,092
361190020004020,36,119,002000,4020,21,3,7,0,0,0,0,11,21,11,10,1,7,0,0,0,0,2,3,3,0,0,0,0,0,0,0,0,0,0,0,090,090
361190017022004,36,119,001702,2004,938,673,29,1,72,0,98,65,938,193,745,634,27,0,72,0,3,9,337,321,16,0,0,0,0,0,0,0,0,0,0,090,090
361190020004007,36,119,002000,4007,268,122,18,0,51,0,51,26,268,86,182,112,17,0,51,0,0,2,84,84,0,0,0,0,0,0,0,0,0,0,0,090,090
361190104002004,36,119,010400,2004,53,35,1,0,3,0,6,8,53,11,42,35,1,0,3,0,2,1,19,18,1,0,0,0,0,0,0,0,0,0,0,092,092
361190008011005,36,119,000801,1005,0,0,0,0,0,0,0,0,0,0,0,0,0,0,0,0,0,0,0,0,0,0,0,0,0,0,0,0,0,0,0,090,090
361190109034011,36,119,010903,4011,33,7,8,0,16,0,1,1,33,5,28,7,5,0,16,0,0,0,12,12,0,0,0,0,0,0,0,0,0,0,0,092,092
361190111014013,36,119,011101,4013,75,39,1,0,27,0,4,4,75,6,69,39,0,0,27,0,1,2,27,27,0,0,0,0,0,0,0,0,0,0,0,092,092
361190120002030,36,119,012000,2030,24,22,0,0,2,0,0,0,24,0,24,22,0,0,2,0,0,0,13,13,0,0,0,0,0,0,0,0,0,0,0,092,092
361190017013001,36,119,001701,3001,55,32,3,0,3,0,11,6,55,14,41,32,3,0,3,0,0,3,20,12,8,0,0,0,0,0,0,0,0,0,0,090,090
361190017022014,36,119,001702,2014,85,61,6,0,4,0,11,3,85,27,58,52,0,0,4,0,2,0,25,25,0,0,0,0,0,0,0,0,0,0,0,090,090
361190017013000,36,119,001701,3000,85,68,7,3,0,0,5,2,85,5,80,67,7,3,0,0,2,1,25,24,1,0,0,0,0,0,0,0,0,0,0,090,090
361190017013003,36,119,001701,3003,62,35,5,0,0,0,16,6,62,24,38,35,3,0,0,0,0,0,19,19,0,0,0,0,0,0,0,0,0,0,0,090,090
361190017021006,36,119,001702,1006,85,49,11,4,0,0,10,11,85,30,55,44,11,0,0,0,0,0,35,33,2,0,0,0,0,0,0,0,0,0,0,090,090
361190017021005,36,119,001702,1005,93,46,3,0,9,0,25,10,93,33,60,39,3,0,9,0,5,4,38,38,0,0,0,0,0,0,0,0,0,0,0,090,090
361190017021004,36,119,001702,1004,79,52,6,0,10,0,3,8,79,12,67,50,6,0,10,0,0,1,26,24,2,0,0,0,0,0,0,0,0,0,0,090,090
361190017022007,36,119,001702,2007,15,11,0,0,0,0,2,2,15,8,7,6,0,0,0,0,0,1,8,8,0,0,0,0,0,0,0,0,0,0,0,090,090
361190017022011,36,119,001702,2011,39,31,1,0,4,0,0,3,39,2,37,29,1,0,4,0,0,3,14,14,0,0,0,0,0,0,0,0,0,0,0,090,090
361190017022012,36,119,001702,2012,20,7,0,1,0,0,0,12,20,11,9,7,0,0,0,0,0,2,6,6,0,0,0,0,0,0,0,0,0,0,0,090,090
361190020004011,36,119,002000,4011,285,122,51,0,27,0,55,30,285,98,187,106,48,0,27,0,0,6,162,137,25,0,0,0,0,0,0,0,0,0,0,090,090
361190023001006,36,119,002300,1006,29,17,0,0,1,0,3,8,29,12,17,12,0,0,1,0,0,4,3,3,0,0,0,0,0,0,0,0,0,0,0,090,090
361190020004023,36,119,002000,4023,0,0,0,0,0,0,0,0,0,0,0,0,0,0,0,0,0,0,0,0,0,0,0,0,0,0,0,0,0,0,0,090,090
361190020003007,36,119,002000,3007,95,55,5,1,12,0,11,11,95,25,70,52,1,0,12,0,0,5,26,25,1,0,0,0,0,0,0,0,0,0,0,090,090
361190017021008,36,119,001702,1008,98,68,0,0,0,0,9,21,98,25,73,62,0,0,0,0,0,11,33,33,0,0,0,0,0,0,0,0,0,0,0,090,090
361190017021001,36,119,001702,1001,167,96,8,6,14,0,15,28,167,44,123,95,8,0,14,0,3,3,52,52,0,0,0,0,0,0,0,0,0,0,0,090,090
361190017022009,36,119,001702,2009,31,19,2,0,0,0,3,7,31,2,29,19,1,0,0,0,3,6,11,11,0,0,0,0,0,0,0,0,0,0,0,090,090
361190017021003,36,119,001702,1003,149,98,5,0,16,0,12,18,149,29,120,96,3,0,16,0,0,5,66,66,0,0,0,0,0,0,0,0,0,0,0,090,090
361190017021010,36,119,001702,1010,161,104,12,0,16,0,16,13,161,36,125,100,9,0,16,0,0,0,62,62,0,0,0,0,0,0,0,0,0,0,0,090,090
361190023001012,36,119,002300,1012,62,27,5,0,3,0,14,13,62,25,37,27,5,0,3,0,0,2,19,19,0,0,0,0,0,0,0,0,0,0,0,090,090
361190023001001,36,119,002300,1001,66,50,4,0,1,0,7,4,66,14,52,49,2,0,0,0,0,1,24,24,0,0,0,0,0,0,0,0,0,0,0,090,090
361190017021002,36,119,001702,1002,92,57,5,0,10,0,8,12,92,17,75,55,2,0,10,0,1,7,41,41,0,0,0,0,0,0,0,0,0,0,0,090,090
361190023001023,36,119,002300,1023,61,47,1,0,5,0,5,3,61,9,52,46,1,0,5,0,0,0,31,31,0,0,0,0,0,0,0,0,0,0,0,090,090
361190023001015,36,119,002300,1015,45,34,0,0,1,0,1,9,45,9,36,34,0,0,1,0,0,1,10,10,0,0,0,0,0,0,0,0,0,0,0,090,090
361190023001011,36,119,002300,1011,87,58,1,0,3,0,21,4,87,25,62,58,1,0,3,0,0,0,31,31,0,0,0,0,0,0,0,0,0,0,0,090,090
361190023002015,36,119,002300,2015,56,37,7,2,0,0,6,4,56,11,45,37,7,0,0,0,1,0,16,16,0,0,0,0,0,0,0,0,0,0,0,090,090
361190023002013,36,119,002300,2013,63,39,4,0,9,0,6,5,63,13,50,35,3,0,9,0,0,3,17,8,9,0,0,0,0,0,0,0,0,0,0,090,090
361190023002012,36,119,002300,2012,83,62,1,0,2,0,8,10,83,19,64,61,1,0,2,0,0,0,32,28,4,0,0,0,0,0,0,0,0,0,0,090,090
361190037003012,36,119,003700,3012,0,0,0,0,0,0,0,0,0,0,0,0,0,0,0,0,0,0,0,0,0,0,0,0,0,0,0,0,0,0,0,089,089
361190023002022,36,119,002300,2022,30,17,6,0,0,0,4,3,30,6,24,17,5,0,0,0,0,2,13,13,0,0,0,0,0,0,0,0,0,0,0,090,090
361190023001017,36,119,002300,1017,42,32,3,0,4,0,1,2,42,8,34,27,2,0,4,0,0,1,18,18,0,0,0,0,0,0,0,0,0,0,0,090,090
361190017021000,36,119,001702,1000,18,2,1,0,6,0,9,0,18,11,7,0,1,0,6,0,0,0,2,2,0,0,0,0,0,0,0,0,0,0,0,090,090
361190004011000,36,119,000401,1000,1028,23,593,6,12,0,308,86,1028,417,611,11,564,0,12,0,10,14,393,393,0,16,0,0,0,0,0,16,0,0,16,090,090
361190004014001,36,119,000401,4001,1107,65,355,17,15,0,547,108,1107,688,419,30,347,0,15,0,12,15,415,390,25,0,0,0,0,0,0,0,0,0,0,090,090
361190005022001,36,119,000502,2001,1122,92,338,5,3,0,575,109,1122,770,352,23,296,0,3,0,1,29,391,380,11,50,0,0,0,0,0,50,0,0,50,090,090
361190011012003,36,119,001101,2003,0,0,0,0,0,0,0,0,0,0,0,0,0,0,0,0,0,0,0,0,0,0,0,0,0,0,0,0,0,0,0,090,090
361190007012010,36,119,000701,2010,50,35,0,0,0,0,8,7,50,13,37,34,0,0,0,0,0,3,20,20,0,0,0,0,0,0,0,0,0,0,0,090,090
361190007012011,36,119,000701,2011,31,17,3,0,4,0,3,4,31,5,26,17,2,0,4,0,1,2,10,6,4,0,0,0,0,0,0,0,0,0,0,090,090
361190007012014,36,119,000701,2014,21,9,1,0,5,0,3,3,21,5,16,9,1,0,5,0,0,1,5,5,0,0,0,0,0,0,0,0,0,0,0,090,090
361190007012015,36,119,000701,2015,24,12,1,0,1,0,7,3,24,7,17,12,1,0,1,0,0,3,8,7,1,0,0,0,0,0,0,0,0,0,0,090,090
361190007011005,36,119,000701,1005,47,31,2,0,4,0,7,3,47,7,40,27,1,0,4,0,7,1,14,11,3,0,0,0,0,0,0,0,0,0,0,090,090
361190008032002,36,119,000803,2002,51,25,3,0,5,0,5,13,51,17,34,23,1,0,5,0,2,3,14,14,0,0,0,0,0,0,0,0,0,0,0,090,090
361190008032001,36,119,000803,2001,45,18,2,0,9,0,7,9,45,16,29,16,0,0,9,0,0,4,10,10,0,0,0,0,0,0,0,0,0,0,0,090,090
361190008031002,36,119,000803,1002,82,53,3,1,0,0,20,5,82,27,55,48,3,0,0,0,3,1,24,24,0,0,0,0,0,0,0,0,0,0,0,090,090
361190008032005,36,119,000803,2005,96,54,5,2,4,0,19,12,96,38,58,46,5,1,4,0,1,1,28,17,11,0,0,0,0,0,0,0,0,0,0,090,090
361190007011008,36,119,000701,1008,316,84,102,0,3,1,82,44,316,136,180,65,97,0,3,0,1,14,147,146,1,0,0,0,0,0,0,0,0,0,0,089,089
361190008032012,36,119,000803,2012,265,72,116,0,11,0,29,37,265,85,180,62,106,0,11,0,0,1,133,124,9,0,0,0,0,0,0,0,0,0,0,089,089
361190008032013,36,119,000803,2013,0,0,0,0,0,0,0,0,0,0,0,0,0,0,0,0,0,0,0,0,0,0,0,0,0,0,0,0,0,0,0,090,090
361190008032014,36,119,000803,2014,97,19,10,1,10,0,19,38,97,56,41,18,10,0,10,0,3,0,30,30,0,0,0,0,0,0,0,0,0,0,0,090,090
361190008032016,36,119,000803,2016,98,44,5,0,25,0,13,11,98,33,65,35,0,0,24,0,4,2,34,34,0,0,0,0,0,0,0,0,0,0,0,090,090
361190008031010,36,119,000803,1010,76,33,11,2,8,0,8,14,76,24,52,31,11,0,7,0,2,1,28,27,1,0,0,0,0,0,0,0,0,0,0,090,090
361190121011002,36,119,012101,1002,130,117,1,2,5,0,0,5,130,2,128,117,1,0,5,0,0,5,51,51,0,0,0,0,0,0,0,0,0,0,0,092,092
361190121023000,36,119,012102,3000,281,260,0,0,7,0,6,8,281,14,267,258,0,0,7,0,0,2,99,96,3,0,0,0,0,0,0,0,0,0,0,092,092
361190122013010,36,119,012201,3010,74,72,0,0,0,0,0,2,74,2,72,72,0,0,0,0,0,0,20,19,1,0,0,0,0,0,0,0,0,0,0,092,092
361190121023004,36,119,012102,3004,25,13,0,0,7,0,1,4,25,0,25,13,0,0,7,0,1,4,5,5,0,0,0,0,0,0,0,0,0,0,0,092,092
361190022011000,36,119,002201,1000,0,0,0,0,0,0,0,0,0,0,0,0,0,0,0,0,0,0,0,0,0,0,0,0,0,0,0,0,0,0,0,090,090
361190039001011,36,119,003900,1011,37,12,19,0,0,0,3,3,37,4,33,12,18,0,0,0,1,2,11,11,0,0,0,0,0,0,0,0,0,0,0,089,089
361190151003002,36,119,015100,3002,75,58,5,0,4,0,7,1,75,2,73,57,5,0,4,0,7,0,33,25,8,0,0,0,0,0,0,0,0,0,0,089,089
361190151003001,36,119,015100,3001,21,13,0,0,2,0,3,3,21,3,18,13,0,0,2,0,0,3,7,3,4,0,0,0,0,0,0,0,0,0,0,089,089
361190151002008,36,119,015100,2008,76,63,4,0,0,0,3,6,76,9,67,62,4,0,0,0,0,1,19,19,0,0,0,0,0,0,0,0,0,0,0,089,089
361190151003006,36,119,015100,3006,36,23,0,0,0,0,0,13,36,12,24,19,0,0,0,0,0,5,14,14,0,0,0,0,0,0,0,0,0,0,0,089,089
361190151003003,36,119,015100,3003,74,46,13,0,1,0,4,10,74,18,56,41,11,0,1,0,0,3,26,21,5,0,0,0,0,0,0,0,0,0,0,089,089
361190151003008,36,119,015100,3008,122,73,17,2,3,0,14,13,122,12,110,71,16,0,3,0,9,11,66,64,2,0,0,0,0,0,0,0,0,0,0,089,089
361190151003009,36,119,015100,3009,142,63,29,2,1,0,34,13,142,57,85,53,24,0,1,0,0,7,51,35,16,0,0,0,0,0,0,0,0,0,0,089,089
361190151003007,36,119,015100,3007,69,30,22,2,3,0,5,7,69,16,53,30,20,0,3,0,0,0,28,28,0,0,0,0,0,0,0,0,0,0,0,089,089
361190151003013,36,119,015100,3013,349,175,98,0,13,0,23,40,349,60,289,156,95,0,13,0,4,21,188,188,0,0,0,0,0,0,0,0,0,0,0,089,089
361190151003004,36,119,015100,3004,39,26,3,2,0,0,3,5,39,10,29,22,3,0,0,0,3,1,9,9,0,0,0,0,0,0,0,0,0,0,0,089,089
361190151002010,36,119,015100,2010,32,27,2,0,0,0,3,0,32,7,25,25,0,0,0,0,0,0,11,11,0,0,0,0,0,0,0,0,0,0,0,089,089
361190151002014,36,119,015100,2014,71,45,16,0,6,0,0,4,71,2,69,45,16,0,6,0,0,2,30,30,0,0,0,0,0,0,0,0,0,0,0,089,089
361190039001005,36,119,003900,1005,29,11,5,0,6,0,1,6,29,2,27,11,4,0,6,0,1,5,6,5,1,0,0,0,0,0,0,0,0,0,0,089,089
361190151003016,36,119,015100,3016,0,0,0,0,0,0,0,0,0,0,0,0,0,0,0,0,0,0,0,0,0,0,0,0,0,0,0,0,0,0,0,089,089
361190039003002,36,119,003900,3002,193,84,31,2,6,0,23,47,193,38,155,72,28,0,6,0,9,40,74,74,0,0,0,0,0,0,0,0,0,0,0,089,089
361190039001010,36,119,003900,1010,34,3,14,0,1,0,5,11,34,7,27,3,14,0,1,0,5,4,10,10,0,0,0,0,0,0,0,0,0,0,0,089,089
361190151002013,36,119,015100,2013,91,74,8,0,0,0,0,9,91,6,85,73,8,0,0,0,0,4,37,37,0,0,0,0,0,0,0,0,0,0,0,089,089
361190021031004,36,119,002103,1004,35,26,0,0,1,0,0,8,35,4,31,26,0,0,1,0,0,4,14,14,0,0,0,0,0,0,0,0,0,0,0,090,090
361190015042000,36,119,001504,2000,210,117,7,2,20,0,41,23,210,62,148,117,1,0,20,0,8,2,78,75,3,0,0,0,0,0,0,0,0,0,0,090,090
361190024043005,36,119,002404,3005,99,70,9,0,1,0,13,6,99,26,73,62,6,0,1,0,0,4,28,15,13,0,0,0,0,0,0,0,0,0,0,090,090
361190024034004,36,119,002403,4004,103,61,6,0,16,0,5,15,103,26,77,52,5,0,16,0,0,4,36,29,7,0,0,0,0,0,0,0,0,0,0,090,090
361190119021034,36,119,011902,1034,0,0,0,0,0,0,0,0,0,0,0,0,0,0,0,0,0,0,0,0,0,0,0,0,0,0,0,0,0,0,0,092,092
361199810001029,36,119,981000,1029,0,0,0,0,0,0,0,0,0,0,0,0,0,0,0,0,0,0,0,0,0,0,0,0,0,0,0,0,0,0,0,092,092
361190120002056,36,119,012000,2056,18,9,0,0,0,0,6,3,18,13,5,4,0,0,0,0,0,1,7,0,7,0,0,0,0,0,0,0,0,0,0,092,092
361190119021020,36,119,011902,1020,0,0,0,0,0,0,0,0,0,0,0,0,0,0,0,0,0,0,0,0,0,0,0,0,0,0,0,0,0,0,0,092,092
361190120002013,36,119,012000,2013,65,60,0,0,0,0,1,4,65,8,57,57,0,0,0,0,0,0,28,28,0,0,0,0,0,0,0,0,0,0,0,092,092
361190120002003,36,119,012000,2003,24,23,0,0,0,0,0,1,24,1,23,23,0,0,0,0,0,0,8,8,0,0,0,0,0,0,0,0,0,0,0,092,092
361190120002008,36,119,012000,2008,64,57,0,0,4,0,0,3,64,3,61,57,0,0,4,0,0,0,21,21,0,0,0,0,0,0,0,0,0,0,0,092,092
361190120002012,36,119,012000,2012,52,34,5,0,0,0,7,6,52,10,42,34,5,0,0,0,2,1,17,17,0,0,0,0,0,0,0,0,0,0,0,092,092
361190120002037,36,119,012000,2037,48,41,0,0,7,0,0,0,48,0,48,41,0,0,7,0,0,0,17,17,0,0,0,0,0,0,0,0,0,0,0,092,092
361190015042003,36,119,001504,2003,144,73,15,0,5,0,25,26,144,45,99,68,15,0,5,0,0,11,41,32,9,0,0,0,0,0,0,0,0,0,0,089,089
361190015042006,36,119,001504,2006,92,67,0,0,5,0,17,3,92,23,69,64,0,0,5,0,0,0,30,30,0,0,0,0,0,0,0,0,0,0,0,089,089
361190015041001,36,119,001504,1001,74,42,9,0,0,0,6,17,74,20,54,36,9,0,0,0,2,7,25,25,0,0,0,0,0,0,0,0,0,0,0,089,089
361190015043005,36,119,001504,3005,163,97,16,0,5,0,29,16,163,49,114,90,12,0,5,0,2,5,65,63,2,0,0,0,0,0,0,0,0,0,0,089,089
361190039001006,36,119,003900,1006,48,10,29,0,4,0,3,2,48,2,46,10,29,0,4,0,2,1,16,15,1,0,0,0,0,0,0,0,0,0,0,089,089
361190039001007,36,119,003900,1007,196,71,63,9,0,0,21,32,196,50,146,71,59,0,0,0,5,11,63,62,1,0,0,0,0,0,0,0,0,0,0,089,089
361190042002001,36,119,004200,2001,209,75,65,0,3,0,44,22,209,57,152,73,64,0,3,0,4,8,65,65,0,0,0,0,0,0,0,0,0,0,0,089,089
361190151003010,36,119,015100,3010,59,33,11,0,1,0,5,9,59,7,52,33,11,0,1,0,1,6,20,20,0,0,0,0,0,0,0,0,0,0,0,089,089
361190122021005,36,119,012202,1005,130,108,1,0,14,0,2,5,130,6,124,108,1,0,14,0,1,0,44,44,0,0,0,0,0,0,0,0,0,0,0,092,092
361190109022001,36,119,010902,2001,0,0,0,0,0,0,0,0,0,0,0,0,0,0,0,0,0,0,0,0,0,0,0,0,0,0,0,0,0,0,0,092,092
361190121022007,36,119,012102,2007,0,0,0,0,0,0,0,0,0,0,0,0,0,0,0,0,0,0,0,0,0,0,0,0,0,0,0,0,0,0,0,092,092
361190003003001,36,119,000300,3001,0,0,0,0,0,0,0,0,0,0,0,0,0,0,0,0,0,0,0,0,0,0,0,0,0,0,0,0,0,0,0,090,090
361190122021004,36,119,012202,1004,45,36,0,0,9,0,0,0,45,1,44,35,0,0,9,0,0,0,19,19,0,0,0,0,0,0,0,0,0,0,0,092,092
361190122024005,36,119,012202,4005,35,31,2,0,2,0,0,0,35,1,34,30,2,0,2,0,0,0,31,6,25,0,0,0,0,0,0,0,0,0,0,092,092
361190122021007,36,119,012202,1007,67,52,0,0,6,0,0,9,67,4,63,52,0,0,6,0,0,5,17,17,0,0,0,0,0,0,0,0,0,0,0,092,092
361190122012004,36,119,012201,2004,42,30,0,0,0,0,8,4,42,13,29,23,0,0,0,0,3,3,15,15,0,0,0,0,0,0,0,0,0,0,0,092,092
361190122012001,36,119,012201,2001,150,136,0,3,4,0,0,7,150,10,140,133,0,0,4,0,0,3,85,79,6,0,0,0,0,0,0,0,0,0,0,092,092
361190122011011,36,119,012201,1011,37,27,1,0,0,0,2,7,37,4,33,27,0,0,0,0,1,5,14,14,0,0,0,0,0,0,0,0,0,0,0,092,092
361190122011013,36,119,012201,1013,83,75,0,0,2,0,0,6,83,1,82,75,0,0,2,0,0,5,49,42,7,0,0,0,0,0,0,0,0,0,0,092,092
361190121023009,36,119,012102,3009,27,26,0,0,0,0,1,0,27,9,18,18,0,0,0,0,0,0,15,15,0,0,0,0,0,0,0,0,0,0,0,092,092
361190004032007,36,119,000403,2007,0,0,0,0,0,0,0,0,0,0,0,0,0,0,0,0,0,0,0,0,0,0,0,0,0,0,0,0,0,0,0,089,089
361190004012013,36,119,000401,2013,341,102,85,9,26,0,74,45,341,143,198,85,69,1,24,0,8,11,328,190,138,6,0,0,0,0,0,6,0,0,6,089,089
361190004012000,36,119,000401,2000,298,41,74,3,4,0,127,49,298,161,137,33,71,0,1,0,0,32,174,114,60,0,0,0,0,0,0,0,0,0,0,090,090
361190011012000,36,119,001101,2000,348,43,44,21,9,0,193,38,348,267,81,27,37,0,9,0,4,4,117,86,31,0,0,0,0,0,0,0,0,0,0,090,090
361190008032007,36,119,000803,2007,54,30,2,2,1,0,5,14,54,21,33,28,2,0,1,0,1,1,22,22,0,0,0,0,0,0,0,0,0,0,0,090,090
361190008033003,36,119,000803,3003,330,42,67,2,10,1,144,64,330,236,94,34,49,0,10,0,0,1,132,132,0,0,0,0,0,0,0,0,0,0,0,090,090
361190121023015,36,119,012102,3015,13,12,0,1,0,0,0,0,13,1,12,12,0,0,0,0,0,0,7,7,0,0,0,0,0,0,0,0,0,0,0,092,092
361190122013011,36,119,012201,3011,10,6,0,0,2,0,2,0,10,2,8,6,0,0,2,0,0,0,3,3,0,0,0,0,0,0,0,0,0,0,0,092,092
361190121022022,36,119,012102,2022,0,0,0,0,0,0,0,0,0,0,0,0,0,0,0,0,0,0,0,0,0,0,0,0,0,0,0,0,0,0,0,092,092
361190121013017,36,119,012101,3017,97,84,0,0,3,0,0,10,97,10,87,84,0,0,3,0,0,0,32,32,0,0,0,0,0,0,0,0,0,0,0,092,092
361190119021001,36,119,011902,1001,69,67,0,0,0,0,2,0,69,7,62,62,0,0,0,0,0,0,30,30,0,0,0,0,0,0,0,0,0,0,0,092,092
361190118003023,36,119,011800,3023,24,15,0,0,0,0,1,8,24,3,21,15,0,0,0,0,0,6,6,6,0,0,0,0,0,0,0,0,0,0,0,092,092
361190117002032,36,119,011700,2032,13,1,4,0,5,0,0,3,13,3,10,0,3,0,5,0,0,2,1,1,0,0,0,0,0,0,0,0,0,0,0,092,092
361190117002013,36,119,011700,2013,46,37,0,0,1,0,0,8,46,5,41,35,0,0,1,0,0,5,22,22,0,0,0,0,0,0,0,0,0,0,0,092,092
361190116022003,36,119,011602,2003,213,29,3,0,3,0,115,63,213,197,16,8,3,0,3,0,1,1,65,65,0,0,0,0,0,0,0,0,0,0,0,092,092
361190117002004,36,119,011700,2004,35,20,0,0,3,0,0,12,35,8,27,20,0,0,3,0,0,4,11,11,0,0,0,0,0,0,0,0,0,0,0,092,092
361190118003052,36,119,011800,3052,68,58,0,0,0,0,3,7,68,8,60,58,0,0,0,0,0,2,34,34,0,0,0,0,0,0,0,0,0,0,0,092,092
361190118003050,36,119,011800,3050,0,0,0,0,0,0,0,0,0,0,0,0,0,0,0,0,0,0,0,0,0,0,0,0,0,0,0,0,0,0,0,092,092
361190118003032,36,119,011800,3032,19,16,0,0,2,0,0,1,19,1,18,16,0,0,2,0,0,0,7,7,0,0,0,0,0,0,0,0,0,0,0,092,092
361190117002029,36,119,011700,2029,37,34,0,0,0,0,1,2,37,2,35,34,0,0,0,0,1,0,14,14,0,0,0,0,0,0,0,0,0,0,0,092,092
361190041003012,36,119,004100,3012,145,12,115,0,0,0,15,3,145,23,122,12,104,0,0,0,4,2,52,51,1,0,0,0,0,0,0,0,0,0,0,089,089
361190033004002,36,119,003300,4002,126,2,86,1,1,0,28,8,126,43,83,0,80,1,1,0,0,1,70,63,7,0,0,0,0,0,0,0,0,0,0,089,089
361190019001012,36,119,001900,1012,35,21,12,0,0,0,1,1,35,0,35,21,12,0,0,0,1,1,15,15,0,0,0,0,0,0,0,0,0,0,0,090,090
361190022024001,36,119,002202,4001,0,0,0,0,0,0,0,0,0,0,0,0,0,0,0,0,0,0,0,0,0,0,0,0,0,0,0,0,0,0,0,090,090
361190022012007,36,119,002201,2007,40,30,1,2,4,0,0,3,40,2,38,30,1,0,4,0,0,3,14,14,0,0,0,0,0,0,0,0,0,0,0,090,090
361190019001017,36,119,001900,1017,0,0,0,0,0,0,0,0,0,0,0,0,0,0,0,0,0,0,0,0,0,0,0,0,0,0,0,0,0,0,0,090,090
361190015041000,36,119,001504,1000,341,219,30,3,18,0,32,39,341,98,243,195,24,0,18,0,0,6,144,136,8,0,0,0,0,0,0,0,0,0,0,089,089
361190102001014,36,119,010200,1014,26,23,3,0,0,0,0,0,26,0,26,23,3,0,0,0,0,0,8,8,0,0,0,0,0,0,0,0,0,0,0,092,092
361190015032000,36,119,001503,2000,364,297,2,0,18,0,31,16,364,65,299,278,2,0,18,0,1,0,135,133,2,0,0,0,0,0,0,0,0,0,0,089,089
361190109023008,36,119,010902,3008,294,94,68,0,38,0,54,40,294,93,201,86,64,0,38,0,4,9,138,130,8,0,0,0,0,0,0,0,0,0,0,092,092
361190108032013,36,119,010803,2013,42,23,4,3,2,0,3,7,42,9,33,23,4,2,2,0,0,2,16,15,1,0,0,0,0,0,0,0,0,0,0,092,092
361190104003003,36,119,010400,3003,223,148,10,1,13,0,24,27,223,58,165,140,9,0,13,0,1,2,128,117,11,0,0,0,0,0,0,0,0,0,0,092,092
361190111022008,36,119,011102,2008,71,58,1,0,7,0,1,4,71,5,66,57,0,0,7,0,1,1,21,21,0,0,0,0,0,0,0,0,0,0,0,092,092
361190016002005,36,119,001600,2005,139,49,7,3,14,0,54,12,139,80,59,36,7,1,14,0,0,1,54,52,2,0,0,0,0,0,0,0,0,0,0,090,090
361190108011017,36,119,010801,1017,35,12,10,2,4,0,0,7,35,5,30,10,9,0,4,0,0,7,17,17,0,0,0,0,0,0,0,0,0,0,0,092,092
361190013012015,36,119,001301,2015,60,24,19,0,0,0,15,2,60,16,44,23,19,0,0,0,0,2,24,24,0,0,0,0,0,0,0,0,0,0,0,090,090
361190008012000,36,119,000801,2000,86,49,4,0,3,0,22,8,86,35,51,41,3,0,3,0,1,3,39,39,0,0,0,0,0,0,0,0,0,0,0,090,090
361190012003002,36,119,001200,3002,674,75,132,17,26,0,316,108,674,474,200,46,114,0,26,0,0,14,245,212,33,0,0,0,0,0,0,0,0,0,0,090,090
361190109033003,36,119,010903,3003,18,8,3,3,0,0,0,4,18,4,14,8,3,0,0,0,0,3,6,6,0,0,0,0,0,0,0,0,0,0,0,092,092
361190114022005,36,119,011402,2005,156,126,3,0,13,0,1,13,156,10,146,122,0,0,13,0,0,11,49,46,3,0,0,0,0,0,0,0,0,0,0,092,092
361190103002007,36,119,010300,2007,209,195,0,0,2,0,11,1,209,14,195,193,0,0,2,0,0,0,9,9,0,192,192,0,0,192,0,0,0,0,0,092,092
361190006021006,36,119,000602,1006,244,25,38,3,36,0,105,37,244,159,85,11,36,0,36,0,0,2,116,100,16,0,0,0,0,0,0,0,0,0,0,090,090
361190119021032,36,119,011902,1032,0,0,0,0,0,0,0,0,0,0,0,0,0,0,0,0,0,0,0,0,0,0,0,0,0,0,0,0,0,0,0,092,092
361190115001002,36,119,011500,1002,0,0,0,0,0,0,0,0,0,0,0,0,0,0,0,0,0,0,0,0,0,0,0,0,0,0,0,0,0,0,0,092,092
361190006021002,36,119,000602,1002,123,18,20,1,8,0,65,11,123,74,49,10,20,0,7,0,3,9,36,31,5,0,0,0,0,0,0,0,0,0,0,090,090
361190121022000,36,119,012102,2000,29,20,1,0,0,0,5,3,29,6,23,20,1,0,0,0,0,2,9,5,4,0,0,0,0,0,0,0,0,0,0,092,092
361190116022004,36,119,011602,2004,92,26,13,1,0,0,25,27,92,55,37,23,13,0,0,0,0,1,41,26,15,0,0,0,0,0,0,0,0,0,0,092,092
361190004034000,36,119,000403,4000,151,11,61,0,1,0,67,11,151,83,68,10,51,0,0,0,5,2,57,55,2,0,0,0,0,0,0,0,0,0,0,089,089
361190109011010,36,119,010901,1010,25,19,0,0,0,0,4,2,25,6,19,18,0,0,0,0,0,1,8,8,0,0,0,0,0,0,0,0,0,0,0,092,092
361190120002017,36,119,012000,2017,35,30,0,0,2,0,0,3,35,3,32,30,0,0,2,0,0,0,10,10,0,0,0,0,0,0,0,0,0,0,0,092,092
361190015023004,36,119,001502,3004,73,49,0,2,6,0,8,8,73,10,63,48,0,2,6,0,4,3,28,28,0,0,0,0,0,0,0,0,0,0,0,089,089
361199810001014,36,119,981000,1014,0,0,0,0,0,0,0,0,0,0,0,0,0,0,0,0,0,0,0,0,0,0,0,0,0,0,0,0,0,0,0,092,092
361190120002011,36,119,012000,2011,32,28,0,0,0,0,2,2,32,0,32,28,0,0,0,0,2,2,11,11,0,0,0,0,0,0,0,0,0,0,0,092,092
361190015031000,36,119,001503,1000,131,107,6,0,0,0,6,12,131,27,104,103,0,0,0,0,1,0,50,49,1,0,0,0,0,0,0,0,0,0,0,089,089
361190029001003,36,119,002900,1003,1133,48,732,4,3,0,244,102,1133,406,727,9,685,2,3,0,12,16,496,477,19,0,0,0,0,0,0,0,0,0,0,089,089
361190102002018,36,119,010200,2018,0,0,0,0,0,0,0,0,0,0,0,0,0,0,0,0,0,0,0,0,0,0,0,0,0,0,0,0,0,0,0,092,092
361190112003012,36,119,011200,3012,0,0,0,0,0,0,0,0,0,0,0,0,0,0,0,0,0,0,0,0,0,0,0,0,0,0,0,0,0,0,0,092,092
361190122011001,36,119,012201,1001,0,0,0,0,0,0,0,0,0,0,0,0,0,0,0,0,0,0,0,0,0,0,0,0,0,0,0,0,0,0,0,092,092
361190113005010,36,119,011300,5010,17,6,3,1,3,0,1,3,17,4,13,6,3,0,3,0,0,1,3,2,1,0,0,0,0,0,0,0,0,0,0,092,092
361190112003000,36,119,011200,3000,0,0,0,0,0,0,0,0,0,0,0,0,0,0,0,0,0,0,0,0,0,0,0,0,0,0,0,0,0,0,0,092,092
361190004042006,36,119,000404,2006,221,27,47,5,4,2,92,44,221,166,55,12,39,0,4,0,0,0,108,108,0,0,0,0,0,0,0,0,0,0,0,089,089
361190008031003,36,119,000803,1003,106,44,13,3,9,0,21,16,106,50,56,30,13,1,9,0,2,1,36,36,0,0,0,0,0,0,0,0,0,0,0,090,090
361190008012007,36,119,000801,2007,64,36,8,0,1,0,7,12,64,13,51,36,7,0,1,0,0,7,19,19,0,0,0,0,0,0,0,0,0,0,0,090,090
361190008021000,36,119,000802,1000,106,55,3,0,5,0,23,20,106,41,65,55,3,0,5,0,0,2,34,34,0,0,0,0,0,0,0,0,0,0,0,090,090
361190117002024,36,119,011700,2024,36,29,1,0,0,0,0,6,36,6,30,29,1,0,0,0,0,0,15,15,0,0,0,0,0,0,0,0,0,0,0,092,092
361190117001021,36,119,011700,1021,147,103,0,0,1,0,22,21,147,32,115,103,0,0,1,0,3,8,60,59,1,0,0,0,0,0,0,0,0,0,0,092,092
361190116022002,36,119,011602,2002,479,51,13,10,10,0,267,128,479,441,38,3,13,1,8,0,12,1,137,135,2,0,0,0,0,0,0,0,0,0,0,092,092
361190116012003,36,119,011601,2003,267,64,9,2,0,0,141,51,267,213,54,40,9,0,0,0,5,0,78,78,0,0,0,0,0,0,0,0,0,0,0,092,092
361190115001009,36,119,011500,1009,26,10,2,0,0,0,5,9,26,10,16,10,1,0,0,0,1,4,13,13,0,0,0,0,0,0,0,0,0,0,0,092,092
361190116011001,36,119,011601,1001,68,34,0,0,3,0,16,15,68,24,44,34,0,0,3,0,0,7,23,22,1,10,0,0,0,0,0,10,0,0,10,092,092
361190114012004,36,119,011401,2004,135,98,0,0,14,0,4,19,135,19,116,93,0,0,14,0,0,9,29,29,0,71,13,0,0,13,0,58,0,0,58,092,092
361190114011011,36,119,011401,1011,105,80,3,0,11,0,6,5,105,16,89,71,3,0,11,0,0,4,49,49,0,0,0,0,0,0,0,0,0,0,0,092,092
361190115001019,36,119,011500,1019,33,24,0,0,0,0,3,6,33,9,24,20,0,0,0,0,0,4,9,9,0,0,0,0,0,0,0,0,0,0,0,092,092
361190007012001,36,119,000701,2001,213,177,8,0,8,0,1,19,213,16,197,177,7,0,8,0,0,5,162,145,17,0,0,0,0,0,0,0,0,0,0,092,092
361190111011013,36,119,011101,1013,89,7,68,0,2,0,8,4,89,22,67,6,58,0,1,0,0,2,25,25,0,0,0,0,0,0,0,0,0,0,0,092,092
361190120002036,36,119,012000,2036,56,47,0,0,4,0,4,1,56,7,49,45,0,0,4,0,0,0,13,13,0,0,0,0,0,0,0,0,0,0,0,092,092
361190120002039,36,119,012000,2039,27,26,0,0,0,0,0,1,27,1,26,26,0,0,0,0,0,0,9,9,0,0,0,0,0,0,0,0,0,0,0,092,092
361190120002041,36,119,012000,2041,44,39,0,0,0,0,5,0,44,5,39,39,0,0,0,0,0,0,17,17,0,0,0,0,0,0,0,0,0,0,0,092,092
361190120002057,36,119,012000,2057,12,11,0,0,0,0,0,1,12,0,12,11,0,0,0,0,0,1,9,9,0,0,0,0,0,0,0,0,0,0,0,092,092
361190015034000,36,119,001503,4000,19,8,4,0,1,0,3,3,19,11,8,3,4,0,1,0,0,0,1,1,0,0,0,0,0,0,0,0,0,0,0,090,090
361190014013015,36,119,001401,3015,0,0,0,0,0,0,0,0,0,0,0,0,0,0,0,0,0,0,0,0,0,0,0,0,0,0,0,0,0,0,0,090,090
361190014012012,36,119,001401,2012,0,0,0,0,0,0,0,0,0,0,0,0,0,0,0,0,0,0,0,0,0,0,0,0,0,0,0,0,0,0,0,090,090
361190015033009,36,119,001503,3009,97,92,1,0,1,0,0,3,97,13,84,84,0,0,0,0,0,0,32,25,7,0,0,0,0,0,0,0,0,0,0,089,089
361190024052002,36,119,002405,2002,73,68,1,0,0,1,1,2,73,16,57,56,1,0,0,0,0,0,27,27,0,0,0,0,0,0,0,0,0,0,0,090,090
361190024052004,36,119,002405,2004,117,74,10,0,8,0,15,10,117,44,73,56,8,0,7,0,2,0,40,40,0,0,0,0,0,0,0,0,0,0,0,090,090
361190111022035,36,119,011102,2035,27,13,0,0,5,0,0,9,27,1,26,12,0,0,5,0,0,9,9,9,0,0,0,0,0,0,0,0,0,0,0,092,092
361190106001003,36,119,010600,1003,0,0,0,0,0,0,0,0,0,0,0,0,0,0,0,0,0,0,0,0,0,0,0,0,0,0,0,0,0,0,0,092,092
361190108042001,36,119,010804,2001,41,14,4,0,1,0,18,4,41,21,20,14,4,0,1,0,0,1,18,18,0,6,0,0,0,0,0,6,0,0,6,092,092
361190108041020,36,119,010804,1020,44,35,2,0,1,0,0,6,44,10,34,29,2,0,1,0,0,2,14,14,0,0,0,0,0,0,0,0,0,0,0,092,092
361190023002014,36,119,002300,2014,83,62,5,0,4,0,7,5,83,17,66,62,0,0,4,0,0,0,27,27,0,0,0,0,0,0,0,0,0,0,0,090,090
361190023002021,36,119,002300,2021,60,49,0,0,0,0,7,4,60,10,50,49,0,0,0,0,0,1,29,23,6,0,0,0,0,0,0,0,0,0,0,090,090
361190106002008,36,119,010600,2008,141,105,5,1,19,0,3,8,141,9,132,104,5,0,19,0,0,4,42,42,0,0,0,0,0,0,0,0,0,0,0,092,092
361190002042006,36,119,000204,2006,546,44,98,27,26,0,269,82,546,405,141,11,88,0,26,0,5,11,177,174,3,0,0,0,0,0,0,0,0,0,0,089,089
361190002021001,36,119,000202,1001,146,2,19,1,8,0,103,13,146,109,37,1,18,0,8,0,9,1,41,41,0,0,0,0,0,0,0,0,0,0,0,089,089
361190002042000,36,119,000204,2000,463,54,66,2,17,1,236,87,463,361,102,15,64,0,17,0,0,6,187,185,2,0,0,0,0,0,0,0,0,0,0,089,089
361190002041002,36,119,000204,1002,891,56,78,59,0,0,571,127,891,788,103,26,54,1,0,0,7,15,220,199,21,0,0,0,0,0,0,0,0,0,0,089,089
361190002042005,36,119,000204,2005,147,12,12,3,1,0,81,38,147,123,24,5,9,0,1,0,1,8,38,30,8,0,0,0,0,0,0,0,0,0,0,089,089
361190003001010,36,119,000300,1010,9,1,3,1,0,0,1,3,9,4,5,1,2,1,0,0,1,0,1,0,1,0,0,0,0,0,0,0,0,0,0,090,090
361190003002005,36,119,000300,2005,128,25,20,4,0,0,49,30,128,99,29,13,14,0,0,0,0,2,86,86,0,0,0,0,0,0,0,0,0,0,0,090,090
361190003001009,36,119,000300,1009,880,106,180,22,20,0,400,152,880,657,223,17,167,2,20,0,7,10,381,347,34,0,0,0,0,0,0,0,0,0,0,090,090
361190003001007,36,119,000300,1007,0,0,0,0,0,0,0,0,0,0,0,0,0,0,0,0,0,0,0,0,0,0,0,0,0,0,0,0,0,0,0,090,090
361190001012003,36,119,000101,2003,16,0,0,2,0,0,1,13,16,8,8,0,0,0,0,0,0,8,1,1,0,0,0,0,0,0,0,0,0,0,0,090,090
361190110002010,36,119,011000,2010,0,0,0,0,0,0,0,0,0,0,0,0,0,0,0,0,0,0,0,0,0,0,0,0,0,0,0,0,0,0,0,092,092
361190001012002,36,119,000101,2002,308,53,31,16,24,0,134,50,308,214,94,44,15,2,24,0,3,6,83,83,0,0,0,0,0,0,0,0,0,0,0,090,090
361190012002007,36,119,001200,2007,256,29,103,3,1,0,111,9,256,163,93,8,85,0,0,0,0,0,80,75,5,0,0,0,0,0,0,0,0,0,0,090,090
361190012002003,36,119,001200,2003,117,19,15,0,1,0,50,32,117,97,20,0,14,0,0,0,2,4,30,30,0,0,0,0,0,0,0,0,0,0,0,090,090
361190012002002,36,119,001200,2002,95,9,11,3,0,0,64,8,95,79,16,3,8,0,0,0,5,0,26,18,8,0,0,0,0,0,0,0,0,0,0,090,090
361190003003002,36,119,000300,3002,1093,146,64,46,22,0,707,108,1093,950,143,57,57,0,22,0,4,3,313,284,29,0,0,0,0,0,0,0,0,0,0,090,090
361190001012006,36,119,000101,2006,716,61,169,15,7,0,378,86,716,528,188,12,156,0,7,0,9,4,347,346,1,0,0,0,0,0,0,0,0,0,0,089,089
361190001012005,36,119,000101,2005,128,17,12,1,2,0,74,22,128,95,33,11,9,1,2,0,0,10,37,37,0,0,0,0,0,0,0,0,0,0,0,090,090
361190002051000,36,119,000205,1000,579,64,139,37,21,0,251,67,579,413,166,13,123,8,17,0,0,5,187,182,5,0,0,0,0,0,0,0,0,0,0,089,089
361190002053001,36,119,000205,3001,845,130,142,35,55,0,356,127,845,597,248,66,121,0,55,0,1,5,332,332,0,0,0,0,0,0,0,0,0,0,0,089,089
361190012002001,36,119,001200,2001,217,41,12,3,0,0,125,36,217,173,44,35,7,0,0,0,0,2,68,64,4,0,0,0,0,0,0,0,0,0,0,090,090
361190012003006,36,119,001200,3006,34,19,0,1,5,0,0,9,34,5,29,19,0,0,5,0,0,5,4,0,4,0,0,0,0,0,0,0,0,0,0,090,090
361190012003004,36,119,001200,3004,87,37,9,3,0,0,17,21,87,38,49,34,6,2,0,0,0,7,28,27,1,2,0,0,0,0,0,2,0,0,2,090,090
361190007023004,36,119,000702,3004,37,11,17,0,0,0,5,4,37,12,25,4,15,0,0,0,3,3,10,10,0,11,0,0,0,0,0,11,0,0,11,089,089
361190002021005,36,119,000202,1005,91,13,8,0,11,0,41,18,91,60,31,9,8,0,11,0,1,2,28,23,5,0,0,0,0,0,0,0,0,0,0,089,089
361190004042000,36,119,000404,2000,362,20,138,4,5,0,134,61,362,195,167,17,128,4,5,0,5,8,150,116,34,0,0,0,0,0,0,0,0,0,0,089,089
361190011022002,36,119,001102,2002,1325,211,530,12,48,0,357,167,1325,700,625,104,446,7,46,0,12,10,566,527,39,0,0,0,0,0,0,0,0,0,0,090,090
361190119021036,36,119,011902,1036,0,0,0,0,0,0,0,0,0,0,0,0,0,0,0,0,0,0,0,0,0,0,0,0,0,0,0,0,0,0,0,092,092
361190109011015,36,119,010901,1015,68,46,1,0,9,0,2,10,68,17,51,39,1,0,8,0,0,3,18,18,0,0,0,0,0,0,0,0,0,0,0,092,092
361190109011008,36,119,010901,1008,33,25,4,0,0,0,0,4,33,0,33,25,4,0,0,0,0,4,10,10,0,0,0,0,0,0,0,0,0,0,0,092,092
361190119022004,36,119,011902,2004,51,39,1,0,2,0,0,9,51,2,49,39,1,0,1,0,0,8,15,15,0,0,0,0,0,0,0,0,0,0,0,092,092
361190119023004,36,119,011902,3004,55,43,0,0,2,0,3,7,55,13,42,39,0,0,2,0,0,1,14,14,0,0,0,0,0,0,0,0,0,0,0,092,092
361190121023031,36,119,012102,3031,28,22,0,0,3,0,0,3,28,3,25,22,0,0,3,0,0,0,8,8,0,0,0,0,0,0,0,0,0,0,0,092,092
361190121023016,36,119,012102,3016,34,31,0,0,1,0,2,0,34,4,30,29,0,0,1,0,0,0,9,9,0,0,0,0,0,0,0,0,0,0,0,092,092
361190121023012,36,119,012102,3012,47,36,0,0,4,0,2,5,47,9,38,33,0,0,4,0,0,1,8,0,8,0,0,0,0,0,0,0,0,0,0,092,092
361190121023002,36,119,012102,3002,8,6,0,0,0,0,0,2,8,3,5,4,0,0,0,0,0,1,1,1,0,0,0,0,0,0,0,0,0,0,0,092,092
361190122013015,36,119,012201,3015,9,6,0,0,1,0,0,2,9,2,7,6,0,0,1,0,0,0,2,2,0,0,0,0,0,0,0,0,0,0,0,092,092
361190121012022,36,119,012101,2022,42,29,1,0,9,0,0,3,42,0,42,29,1,0,9,0,0,3,11,5,6,0,0,0,0,0,0,0,0,0,0,092,092
361190121012015,36,119,012101,2015,134,117,1,0,5,0,2,9,134,9,125,117,1,0,5,0,1,1,46,46,0,0,0,0,0,0,0,0,0,0,0,092,092
361190121011008,36,119,012101,1008,298,254,2,0,33,0,1,8,298,2,296,253,2,0,33,0,0,8,88,88,0,0,0,0,0,0,0,0,0,0,0,092,092
361190121012039,36,119,012101,2039,17,4,4,0,3,0,0,6,17,5,12,3,4,0,3,0,0,2,3,3,0,0,0,0,0,0,0,0,0,0,0,092,092
361190121012036,36,119,012101,2036,55,47,0,0,0,0,5,3,55,6,49,47,0,0,0,0,0,2,15,15,0,0,0,0,0,0,0,0,0,0,0,092,092
361190121012042,36,119,012101,2042,57,45,0,1,3,0,1,7,57,7,50,45,0,1,3,0,0,1,16,16,0,0,0,0,0,0,0,0,0,0,0,092,092
361190121012043,36,119,012101,2043,29,14,2,0,2,0,1,10,29,8,21,14,2,0,2,0,0,3,5,5,0,0,0,0,0,0,0,0,0,0,0,092,092
361190121013012,36,119,012101,3012,227,208,0,0,6,0,0,13,227,10,217,208,0,0,6,0,0,3,71,67,4,0,0,0,0,0,0,0,0,0,0,092,092
361190121023030,36,119,012102,3030,34,32,0,0,1,0,0,1,34,0,34,32,0,0,1,0,0,1,11,11,0,0,0,0,0,0,0,0,0,0,0,092,092
361190121013014,36,119,012101,3014,98,76,0,0,20,0,2,0,98,4,94,72,0,0,20,0,2,0,42,42,0,0,0,0,0,0,0,0,0,0,0,092,092
361190121023008,36,119,012102,3008,263,247,0,0,0,0,3,13,263,14,249,247,0,0,0,0,0,2,90,90,0,0,0,0,0,0,0,0,0,0,0,092,092
361190121022023,36,119,012102,2023,25,16,0,0,3,0,4,2,25,5,20,15,0,0,3,0,0,2,2,2,0,0,0,0,0,0,0,0,0,0,0,092,092
361190121022002,36,119,012102,2002,37,32,0,0,0,0,0,5,37,11,26,26,0,0,0,0,0,0,10,10,0,0,0,0,0,0,0,0,0,0,0,092,092
361190121013020,36,119,012101,3020,46,28,0,0,10,0,3,5,46,5,41,27,0,0,10,0,0,4,12,12,0,0,0,0,0,0,0,0,0,0,0,092,092
361190121013019,36,119,012101,3019,42,40,0,0,1,0,0,1,42,1,41,40,0,0,1,0,0,0,17,17,0,0,0,0,0,0,0,0,0,0,0,092,092
361190121012027,36,119,012101,2027,91,68,0,0,16,0,0,7,91,5,86,68,0,0,16,0,0,2,29,29,0,0,0,0,0,0,0,0,0,0,0,092,092
361190121013010,36,119,012101,3010,103,99,2,0,1,0,0,1,103,3,100,96,2,0,1,0,0,1,32,32,0,0,0,0,0,0,0,0,0,0,0,092,092
361190121013031,36,119,012101,3031,34,24,1,0,0,0,0,9,34,9,25,24,1,0,0,0,0,0,8,8,0,0,0,0,0,0,0,0,0,0,0,092,092
361190119021045,36,119,011902,1045,0,0,0,0,0,0,0,0,0,0,0,0,0,0,0,0,0,0,0,0,0,0,0,0,0,0,0,0,0,0,0,092,092
361190119021006,36,119,011902,1006,6,5,0,0,0,0,1,0,6,0,6,5,0,0,0,0,1,0,6,6,0,0,0,0,0,0,0,0,0,0,0,092,092
361190121013009,36,119,012101,3009,77,73,0,0,4,0,0,0,77,0,77,73,0,0,4,0,0,0,26,26,0,0,0,0,0,0,0,0,0,0,0,092,092
361190119021047,36,119,011902,1047,56,42,1,4,0,0,0,9,56,12,44,41,0,0,0,0,0,3,16,16,0,0,0,0,0,0,0,0,0,0,0,092,092
361190111011030,36,119,011101,1030,0,0,0,0,0,0,0,0,0,0,0,0,0,0,0,0,0,0,0,0,0,0,0,0,0,0,0,0,0,0,0,092,092
361190114014001,36,119,011401,4001,22,8,7,5,0,0,1,1,22,4,18,8,7,1,0,0,1,1,2,2,0,0,0,0,0,0,0,0,0,0,0,092,092
361190114011018,36,119,011401,1018,19,12,0,0,3,0,0,4,19,0,19,12,0,0,3,0,0,4,6,6,0,0,0,0,0,0,0,0,0,0,0,092,092
361190114014007,36,119,011401,4007,91,54,6,0,8,0,12,11,91,14,77,52,6,0,8,0,8,3,63,53,10,0,0,0,0,0,0,0,0,0,0,092,092
361190114013006,36,119,011401,3006,39,15,7,0,1,0,10,6,39,9,30,12,7,0,0,0,7,4,10,10,0,0,0,0,0,0,0,0,0,0,0,092,092
361190118003058,36,119,011800,3058,0,0,0,0,0,0,0,0,0,0,0,0,0,0,0,0,0,0,0,0,0,0,0,0,0,0,0,0,0,0,0,092,092
361190118003060,36,119,011800,3060,0,0,0,0,0,0,0,0,0,0,0,0,0,0,0,0,0,0,0,0,0,0,0,0,0,0,0,0,0,0,0,092,092
361190021042006,36,119,002104,2006,0,0,0,0,0,0,0,0,0,0,0,0,0,0,0,0,0,0,0,0,0,0,0,0,0,0,0,0,0,0,0,090,090
361190117001009,36,119,011700,1009,25,6,0,0,3,0,9,7,25,9,16,6,0,0,3,0,1,6,6,6,0,0,0,0,0,0,0,0,0,0,0,092,092
361190117001006,36,119,011700,1006,60,42,0,0,3,0,9,6,60,12,48,42,0,0,3,0,2,1,18,6,12,0,0,0,0,0,0,0,0,0,0,092,092
361190117001008,36,119,011700,1008,0,0,0,0,0,0,0,0,0,0,0,0,0,0,0,0,0,0,0,0,0,0,0,0,0,0,0,0,0,0,0,092,092
361190109024013,36,119,010902,4013,47,4,25,0,0,0,18,0,47,22,25,3,22,0,0,0,0,0,18,18,0,0,0,0,0,0,0,0,0,0,0,092,092
361190151001004,36,119,015100,1004,43,20,9,0,10,0,2,2,43,4,39,20,9,0,10,0,0,0,10,10,0,0,0,0,0,0,0,0,0,0,0,089,089
361190114011004,36,119,011401,1004,54,47,0,0,0,0,0,7,54,4,50,46,0,0,0,0,0,4,22,22,0,0,0,0,0,0,0,0,0,0,0,092,092
361190118003063,36,119,011800,3063,43,38,3,0,1,0,1,0,43,2,41,37,3,0,1,0,0,0,17,17,0,0,0,0,0,0,0,0,0,0,0,092,092
361190114012007,36,119,011401,2007,28,25,0,0,0,0,1,2,28,2,26,24,0,0,0,0,0,2,9,9,0,6,6,0,0,6,0,0,0,0,0,092,092
361190114011002,36,119,011401,1002,212,71,4,1,52,0,75,9,212,83,129,71,2,1,52,0,0,3,1,1,0,199,0,0,0,0,0,199,124,0,75,092,092
361190114011001,36,119,011401,1001,30,21,0,0,1,0,3,5,30,13,17,16,0,0,0,0,0,1,8,1,7,0,0,0,0,0,0,0,0,0,0,092,092
361190114012003,36,119,011401,2003,0,0,0,0,0,0,0,0,0,0,0,0,0,0,0,0,0,0,0,0,0,0,0,0,0,0,0,0,0,0,0,092,092
361190111011014,36,119,011101,1014,168,115,4,0,20,0,14,15,168,25,143,111,4,0,20,0,1,7,114,112,2,0,0,0,0,0,0,0,0,0,0,092,092
361190114011008,36,119,011401,1008,82,66,0,0,2,0,0,14,82,13,69,63,0,0,2,0,0,4,36,36,0,0,0,0,0,0,0,0,0,0,0,092,092
361190114012000,36,119,011401,2000,0,0,0,0,0,0,0,0,0,0,0,0,0,0,0,0,0,0,0,0,0,0,0,0,0,0,0,0,0,0,0,092,092
361190111011000,36,119,011101,1000,0,0,0,0,0,0,0,0,0,0,0,0,0,0,0,0,0,0,0,0,0,0,0,0,0,0,0,0,0,0,0,092,092
361190110002009,36,119,011000,2009,0,0,0,0,0,0,0,0,0,0,0,0,0,0,0,0,0,0,0,0,0,0,0,0,0,0,0,0,0,0,0,092,092
361190035002006,36,119,003500,2006,183,23,65,5,1,0,65,24,183,62,121,17,65,0,1,0,17,21,84,67,17,0,0,0,0,0,0,0,0,0,0,089,089
361190037003007,36,119,003700,3007,268,26,143,7,6,0,58,28,268,76,192,24,132,5,6,0,13,12,93,81,12,0,0,0,0,0,0,0,0,0,0,089,089
361190037001000,36,119,003700,1000,463,93,249,1,18,0,64,38,463,90,373,87,243,0,18,0,12,13,207,202,5,0,0,0,0,0,0,0,0,0,0,089,089
361190118002016,36,119,011800,2016,136,112,0,0,20,1,1,2,136,3,133,111,0,0,20,0,0,2,44,44,0,0,0,0,0,0,0,0,0,0,0,092,092
361190118002018,36,119,011800,2018,0,0,0,0,0,0,0,0,0,0,0,0,0,0,0,0,0,0,0,0,0,0,0,0,0,0,0,0,0,0,0,092,092
361190118003069,36,119,011800,3069,52,40,0,0,7,0,0,5,52,5,47,40,0,0,7,0,0,0,18,12,6,0,0,0,0,0,0,0,0,0,0,092,092
361190118004000,36,119,011800,4000,13,4,0,0,2,0,4,3,13,7,6,3,0,0,2,0,0,1,2,2,0,0,0,0,0,0,0,0,0,0,0,092,092
361190122023002,36,119,012202,3002,57,51,0,0,1,0,1,4,57,6,51,49,0,0,1,0,0,1,20,20,0,0,0,0,0,0,0,0,0,0,0,092,092
361190104002007,36,119,010400,2007,23,10,0,0,5,1,3,4,23,4,19,10,0,0,4,1,1,3,8,4,4,0,0,0,0,0,0,0,0,0,0,092,092
361190102005012,36,119,010200,5012,1,1,0,0,0,0,0,0,1,1,0,0,0,0,0,0,0,0,0,0,0,1,1,0,1,0,0,0,0,0,0,092,092
361190110002004,36,119,011000,2004,0,0,0,0,0,0,0,0,0,0,0,0,0,0,0,0,0,0,0,0,0,0,0,0,0,0,0,0,0,0,0,092,092
361190110002023,36,119,011000,2023,184,35,108,0,23,0,6,12,184,18,166,31,107,0,23,0,4,1,79,64,15,0,0,0,0,0,0,0,0,0,0,092,092
361190024022000,36,119,002402,2000,0,0,0,0,0,0,0,0,0,0,0,0,0,0,0,0,0,0,0,0,0,0,0,0,0,0,0,0,0,0,0,090,090
361190107013009,36,119,010701,3009,0,0,0,0,0,0,0,0,0,0,0,0,0,0,0,0,0,0,0,0,0,0,0,0,0,0,0,0,0,0,0,092,
361190045001006,36,119,004500,1006,0,0,0,0,0,0,0,0,0,0,0,0,0,0,0,0,0,0,0,0,0,0,0,0,0,0,0,0,0,0,0,089,089
361190022043007,36,119,002204,3007,0,0,0,0,0,0,0,0,0,0,0,0,0,0,0,0,0,0,0,0,0,0,0,0,0,0,0,0,0,0,0,090,090
361190022023001,36,119,002202,3001,0,0,0,0,0,0,0,0,0,0,0,0,0,0,0,0,0,0,0,0,0,0,0,0,0,0,0,0,0,0,0,090,090
361190112002008,36,119,011200,2008,0,0,0,0,0,0,0,0,0,0,0,0,0,0,0,0,0,0,0,0,0,0,0,0,0,0,0,0,0,0,0,092,092
361190122023021,36,119,012202,3021,13,11,0,2,0,0,0,0,13,2,11,11,0,0,0,0,0,0,1,1,0,0,0,0,0,0,0,0,0,0,0,092,092
361190122024017,36,119,012202,4017,8,2,0,0,0,0,1,5,8,2,6,1,0,0,0,0,0,5,4,4,0,0,0,0,0,0,0,0,0,0,0,092,092
361190121021010,36,119,012102,1010,33,30,0,0,0,0,1,2,33,3,30,30,0,0,0,0,0,0,11,11,0,0,0,0,0,0,0,0,0,0,0,092,092
361190122022005,36,119,012202,2005,33,12,0,0,6,0,11,4,33,13,20,9,0,0,6,0,1,4,8,8,0,0,0,0,0,0,0,0,0,0,0,092,092
361190036002003,36,119,003600,2003,415,57,150,5,0,0,132,71,415,216,199,38,139,0,0,0,15,7,171,169,2,0,0,0,0,0,0,0,0,0,0,089,089
361190035001003,36,119,003500,1003,100,4,53,1,3,0,22,17,100,33,67,4,50,0,3,0,6,4,37,23,14,0,0,0,0,0,0,0,0,0,0,089,089
361190036002007,36,119,003600,2007,118,14,45,7,0,0,28,24,118,49,69,14,42,0,0,0,4,9,45,42,3,0,0,0,0,0,0,0,0,0,0,089,089
361190030001008,36,119,003000,1008,173,15,88,6,2,0,35,27,173,75,98,6,84,0,2,0,0,6,49,49,0,8,0,0,0,0,0,8,0,0,8,089,089
361190045001005,36,119,004500,1005,0,0,0,0,0,0,0,0,0,0,0,0,0,0,0,0,0,0,0,0,0,0,0,0,0,0,0,0,0,0,0,089,089
361190151003011,36,119,015100,3011,86,39,36,0,0,0,3,8,86,13,73,36,35,0,0,0,2,0,34,34,0,0,0,0,0,0,0,0,0,0,0,089,089
361190151003015,36,119,015100,3015,0,0,0,0,0,0,0,0,0,0,0,0,0,0,0,0,0,0,0,0,0,0,0,0,0,0,0,0,0,0,0,089,089
361190033001002,36,119,003300,1002,22,0,7,0,6,0,3,6,22,6,16,0,7,0,6,0,0,3,4,4,0,0,0,0,0,0,0,0,0,0,0,089,089
361190119021016,36,119,011902,1016,0,0,0,0,0,0,0,0,0,0,0,0,0,0,0,0,0,0,0,0,0,0,0,0,0,0,0,0,0,0,0,092,092
361190115002007,36,119,011500,2007,0,0,0,0,0,0,0,0,0,0,0,0,0,0,0,0,0,0,0,0,0,0,0,0,0,0,0,0,0,0,0,092,092
361190107011004,36,119,010701,1004,175,144,0,0,22,0,1,8,175,8,167,139,0,0,22,0,0,6,59,59,0,0,0,0,0,0,0,0,0,0,0,092,092
361190040011004,36,119,004001,1004,37,2,24,2,3,0,1,5,37,4,33,1,24,1,3,0,0,4,9,5,4,0,0,0,0,0,0,0,0,0,0,089,089
361190031002000,36,119,003100,2000,346,7,302,2,13,0,11,11,346,24,322,7,293,0,13,0,2,7,184,180,4,0,0,0,0,0,0,0,0,0,0,089,089
361190031002001,36,119,003100,2001,179,3,158,3,1,0,9,5,179,20,159,0,157,0,1,0,0,1,73,70,3,0,0,0,0,0,0,0,0,0,0,089,089
361190032002000,36,119,003200,2000,200,1,130,1,8,0,42,18,200,47,153,0,125,0,8,0,5,15,67,58,9,0,0,0,0,0,0,0,0,0,0,089,089
361190009003012,36,119,000900,3012,0,0,0,0,0,0,0,0,0,0,0,0,0,0,0,0,0,0,0,0,0,0,0,0,0,0,0,0,0,0,0,092,092
361190021042007,36,119,002104,2007,67,38,9,0,5,0,12,3,67,22,45,34,5,0,5,0,0,1,30,30,0,0,0,0,0,0,0,0,0,0,0,090,090
361190019001020,36,119,001900,1020,0,0,0,0,0,0,0,0,0,0,0,0,0,0,0,0,0,0,0,0,0,0,0,0,0,0,0,0,0,0,0,090,090
361190022024002,36,119,002202,4002,0,0,0,0,0,0,0,0,0,0,0,0,0,0,0,0,0,0,0,0,0,0,0,0,0,0,0,0,0,0,0,090,090
361190111011019,36,119,011101,1019,0,0,0,0,0,0,0,0,0,0,0,0,0,0,0,0,0,0,0,0,0,0,0,0,0,0,0,0,0,0,0,092,092
361190105002011,36,119,010500,2011,49,31,3,0,0,0,0,15,49,11,38,31,3,0,0,0,0,4,11,11,0,0,0,0,0,0,0,0,0,0,0,092,092
361190042001009,36,119,004200,1009,45,11,23,0,0,1,7,3,45,9,36,11,21,0,0,1,0,3,18,18,0,0,0,0,0,0,0,0,0,0,0,089,089
361190016004008,36,119,001600,4008,221,65,38,2,18,0,77,21,221,114,107,57,27,0,18,0,0,5,108,105,3,0,0,0,0,0,0,0,0,0,0,090,090
361199810001016,36,119,981000,1016,47,12,3,0,19,0,4,9,47,12,35,12,3,0,19,0,0,1,35,28,7,0,0,0,0,0,0,0,0,0,0,092,092
361190105001021,36,119,010500,1021,0,0,0,0,0,0,0,0,0,0,0,0,0,0,0,0,0,0,0,0,0,0,0,0,0,0,0,0,0,0,0,092,092
361190108041019,36,119,010804,1019,97,68,3,0,17,0,3,6,97,6,91,68,3,0,17,0,0,3,61,61,0,0,0,0,0,0,0,0,0,0,0,092,092
361190114022000,36,119,011402,2000,0,0,0,0,0,0,0,0,0,0,0,0,0,0,0,0,0,0,0,0,0,0,0,0,0,0,0,0,0,0,0,092,092
361190039001001,36,119,003900,1001,0,0,0,0,0,0,0,0,0,0,0,0,0,0,0,0,0,0,0,0,0,0,0,0,0,0,0,0,0,0,0,089,089
361190121021026,36,119,012102,1026,0,0,0,0,0,0,0,0,0,0,0,0,0,0,0,0,0,0,0,0,0,0,0,0,0,0,0,0,0,0,0,092,092
361190037003011,36,119,003700,3011,0,0,0,0,0,0,0,0,0,0,0,0,0,0,0,0,0,0,0,0,0,0,0,0,0,0,0,0,0,0,0,089,089
361190024031011,36,119,002403,1011,0,0,0,0,0,0,0,0,0,0,0,0,0,0,0,0,0,0,0,0,0,0,0,0,0,0,0,0,0,0,0,090,090
361190105004004,36,119,010500,4004,0,0,0,0,0,0,0,0,0,0,0,0,0,0,0,0,0,0,0,0,0,0,0,0,0,0,0,0,0,0,0,092,092
361190109033012,36,119,010903,3012,0,0,0,0,0,0,0,0,0,0,0,0,0,0,0,0,0,0,0,0,0,0,0,0,0,0,0,0,0,0,0,092,092
361190112004005,36,119,011200,4005,0,0,0,0,0,0,0,0,0,0,0,0,0,0,0,0,0,0,0,0,0,0,0,0,0,0,0,0,0,0,0,092,092
361190015021005,36,119,001502,1005,0,0,0,0,0,0,0,0,0,0,0,0,0,0,0,0,0,0,0,0,0,0,0,0,0,0,0,0,0,0,0,089,089
361190111022011,36,119,011102,2011,0,0,0,0,0,0,0,0,0,0,0,0,0,0,0,0,0,0,0,0,0,0,0,0,0,0,0,0,0,0,0,092,092
361190105001001,36,119,010500,1001,0,0,0,0,0,0,0,0,0,0,0,0,0,0,0,0,0,0,0,0,0,0,0,0,0,0,0,0,0,0,0,092,092
361190038003002,36,119,003800,3002,0,0,0,0,0,0,0,0,0,0,0,0,0,0,0,0,0,0,0,0,0,0,0,0,0,0,0,0,0,0,0,089,089
361190120002001,36,119,012000,2001,0,0,0,0,0,0,0,0,0,0,0,0,0,0,0,0,0,0,0,0,0,0,0,0,0,0,0,0,0,0,0,092,092
361190122023020,36,119,012202,3020,29,15,1,2,6,0,1,4,29,6,23,15,1,0,6,0,1,0,2,2,0,0,0,0,0,0,0,0,0,0,0,092,092
361190122023035,36,119,012202,3035,138,71,0,0,7,0,36,24,138,60,78,68,0,0,7,0,0,3,69,66,3,0,0,0,0,0,0,0,0,0,0,092,092
361190110002006,36,119,011000,2006,0,0,0,0,0,0,0,0,0,0,0,0,0,0,0,0,0,0,0,0,0,0,0,0,0,0,0,0,0,0,0,092,092
361190122022004,36,119,012202,2004,29,24,0,0,2,0,0,3,29,8,21,18,0,0,2,0,0,1,10,10,0,0,0,0,0,0,0,0,0,0,0,092,092
361190004032003,36,119,000403,2003,117,11,55,1,5,0,28,17,117,55,62,3,44,0,5,0,2,8,47,39,8,0,0,0,0,0,0,0,0,0,0,089,089
361190122021009,36,119,012202,1009,123,114,1,0,8,0,0,0,123,0,123,114,1,0,8,0,0,0,40,40,0,0,0,0,0,0,0,0,0,0,0,092,092
361190031002003,36,119,003100,2003,334,7,281,5,4,0,31,6,334,35,299,6,277,4,4,0,7,1,113,100,13,0,0,0,0,0,0,0,0,0,0,089,089
361190032001005,36,119,003200,1005,72,1,54,0,3,0,4,10,72,10,62,1,52,0,3,0,0,6,25,16,9,0,0,0,0,0,0,0,0,0,0,089,089
361190111022007,36,119,011102,2007,109,88,3,0,9,0,1,8,109,11,98,86,2,0,9,0,1,0,34,34,0,0,0,0,0,0,0,0,0,0,0,092,092
361190119022034,36,119,011902,2034,0,0,0,0,0,0,0,0,0,0,0,0,0,0,0,0,0,0,0,0,0,0,0,0,0,0,0,0,0,0,0,092,092
361190121012031,36,119,012101,2031,84,67,0,0,10,0,0,7,84,8,76,66,0,0,10,0,0,0,23,23,0,0,0,0,0,0,0,0,0,0,0,092,092
361190042001007,36,119,004200,1007,88,33,44,0,0,0,2,9,88,8,80,33,44,0,0,0,0,3,27,27,0,0,0,0,0,0,0,0,0,0,0,089,089
361190036001002,36,119,003600,1002,139,2,68,0,12,0,42,15,139,44,95,2,63,0,12,0,8,10,42,42,0,0,0,0,0,0,0,0,0,0,0,089,089
361190005012016,36,119,000501,2016,85,13,23,6,9,0,29,5,85,50,35,3,23,0,9,0,0,0,29,29,0,0,0,0,0,0,0,0,0,0,0,090,090
361190030001005,36,119,003000,1005,219,3,193,0,6,0,10,7,219,16,203,3,190,0,6,0,2,2,80,80,0,0,0,0,0,0,0,0,0,0,0,089,089
361190031001004,36,119,003100,1004,248,23,195,0,2,0,11,17,248,26,222,18,190,0,2,0,6,6,111,111,0,0,0,0,0,0,0,0,0,0,0,089,089
361190040023007,36,119,004002,3007,135,28,60,0,3,0,15,29,135,33,102,23,57,0,1,0,6,15,43,43,0,0,0,0,0,0,0,0,0,0,0,089,089
361190109023013,36,119,010902,3013,0,0,0,0,0,0,0,0,0,0,0,0,0,0,0,0,0,0,0,0,0,0,0,0,0,0,0,0,0,0,0,092,092
361190109023022,36,119,010902,3022,0,0,0,0,0,0,0,0,0,0,0,0,0,0,0,0,0,0,0,0,0,0,0,0,0,0,0,0,0,0,0,092,092
361190122023030,36,119,012202,3030,32,26,0,0,1,0,3,2,32,4,28,26,0,0,1,0,0,1,7,6,1,0,0,0,0,0,0,0,0,0,0,092,092
361190013011000,36,119,001301,1000,0,0,0,0,0,0,0,0,0,0,0,0,0,0,0,0,0,0,0,0,0,0,0,0,0,0,0,0,0,0,0,090,090
361190118001006,36,119,011800,1006,0,0,0,0,0,0,0,0,0,0,0,0,0,0,0,0,0,0,0,0,0,0,0,0,0,0,0,0,0,0,0,092,092
361190110001020,36,119,011000,1020,36,16,12,0,3,0,1,4,36,8,28,16,9,0,3,0,0,0,6,2,4,0,0,0,0,0,0,0,0,0,0,092,092
361190110001019,36,119,011000,1019,42,28,0,2,1,1,6,4,42,10,32,28,0,0,1,0,0,3,14,9,5,0,0,0,0,0,0,0,0,0,0,092,092
361190034004008,36,119,003400,4008,164,1,144,0,0,0,0,19,164,1,163,0,144,0,0,0,0,19,48,48,0,0,0,0,0,0,0,0,0,0,0,089,089
361190026002027,36,119,002600,2027,0,0,0,0,0,0,0,0,0,0,0,0,0,0,0,0,0,0,0,0,0,0,0,0,0,0,0,0,0,0,0,089,089
361190010002007,36,119,001000,2007,0,0,0,0,0,0,0,0,0,0,0,0,0,0,0,0,0,0,0,0,0,0,0,0,0,0,0,0,0,0,0,090,090
361190013012009,36,119,001301,2009,8,0,2,0,3,0,0,3,8,5,3,0,0,0,3,0,0,0,1,1,0,0,0,0,0,0,0,0,0,0,0,090,090
361190024041005,36,119,002404,1005,31,5,6,2,2,0,9,7,31,17,14,0,4,2,2,0,3,3,6,6,0,0,0,0,0,0,0,0,0,0,0,090,090
361190011022001,36,119,001102,2001,0,0,0,0,0,0,0,0,0,0,0,0,0,0,0,0,0,0,0,0,0,0,0,0,0,0,0,0,0,0,0,090,090
361190118001008,36,119,011800,1008,0,0,0,0,0,0,0,0,0,0,0,0,0,0,0,0,0,0,0,0,0,0,0,0,0,0,0,0,0,0,0,092,092
361190023001019,36,119,002300,1019,0,0,0,0,0,0,0,0,0,0,0,0,0,0,0,0,0,0,0,0,0,0,0,0,0,0,0,0,0,0,0,090,090
361190109032019,36,119,010903,2019,0,0,0,0,0,0,0,0,0,0,0,0,0,0,0,0,0,0,0,0,0,0,0,0,0,0,0,0,0,0,0,092,092
361190003001002,36,119,000300,1002,0,0,0,0,0,0,0,0,0,0,0,0,0,0,0,0,0,0,0,0,0,0,0,0,0,0,0,0,0,0,0,090,090
361190119021003,36,119,011902,1003,32,8,2,0,7,0,1,14,32,3,29,8,2,0,7,0,0,12,2,2,0,0,0,0,0,0,0,0,0,0,0,092,092
361190119023016,36,119,011902,3016,0,0,0,0,0,0,0,0,0,0,0,0,0,0,0,0,0,0,0,0,0,0,0,0,0,0,0,0,0,0,0,092,092
361190121022004,36,119,012102,2004,68,63,0,1,0,0,2,2,68,2,66,61,0,1,0,0,2,2,31,31,0,0,0,0,0,0,0,0,0,0,0,092,092
361190121022013,36,119,012102,2013,0,0,0,0,0,0,0,0,0,0,0,0,0,0,0,0,0,0,0,0,0,0,0,0,0,0,0,0,0,0,0,092,092
361190109033025,36,119,010903,3025,21,5,7,0,0,0,9,0,21,11,10,3,7,0,0,0,0,0,5,5,0,0,0,0,0,0,0,0,0,0,0,092,092
361190118003011,36,119,011800,3011,23,22,0,0,1,0,0,0,23,0,23,22,0,0,1,0,0,0,10,10,0,0,0,0,0,0,0,0,0,0,0,092,092
361190010002005,36,119,001000,2005,0,0,0,0,0,0,0,0,0,0,0,0,0,0,0,0,0,0,0,0,0,0,0,0,0,0,0,0,0,0,0,090,090
361190120001004,36,119,012000,1004,0,0,0,0,0,0,0,0,0,0,0,0,0,0,0,0,0,0,0,0,0,0,0,0,0,0,0,0,0,0,0,092,092
361190014013014,36,119,001401,3014,21,5,2,1,1,0,5,7,21,7,14,5,1,0,1,0,0,7,1,0,1,0,0,0,0,0,0,0,0,0,0,090,090
361190010002008,36,119,001000,2008,0,0,0,0,0,0,0,0,0,0,0,0,0,0,0,0,0,0,0,0,0,0,0,0,0,0,0,0,0,0,0,090,090
361190011012002,36,119,001101,2002,0,0,0,0,0,0,0,0,0,0,0,0,0,0,0,0,0,0,0,0,0,0,0,0,0,0,0,0,0,0,0,090,090
361190022012022,36,119,002201,2022,0,0,0,0,0,0,0,0,0,0,0,0,0,0,0,0,0,0,0,0,0,0,0,0,0,0,0,0,0,0,0,090,090
361190108041001,36,119,010804,1001,57,22,15,0,1,0,16,3,57,18,39,18,15,0,1,0,2,3,22,22,0,0,0,0,0,0,0,0,0,0,0,092,092
361190108041003,36,119,010804,1003,0,0,0,0,0,0,0,0,0,0,0,0,0,0,0,0,0,0,0,0,0,0,0,0,0,0,0,0,0,0,0,092,092
361190108011013,36,119,010801,1013,0,0,0,0,0,0,0,0,0,0,0,0,0,0,0,0,0,0,0,0,0,0,0,0,0,0,0,0,0,0,0,092,092
361190111021000,36,119,011102,1000,119,57,26,0,15,0,11,10,119,13,106,57,26,0,15,0,2,6,46,46,0,0,0,0,0,0,0,0,0,0,0,092,092
361190003002003,36,119,000300,2003,0,0,0,0,0,0,0,0,0,0,0,0,0,0,0,0,0,0,0,0,0,0,0,0,0,0,0,0,0,0,0,090,090
361190003002004,36,119,000300,2004,0,0,0,0,0,0,0,0,0,0,0,0,0,0,0,0,0,0,0,0,0,0,0,0,0,0,0,0,0,0,0,090,090
361190108032015,36,119,010803,2015,11,3,2,0,2,0,1,3,11,7,4,0,2,0,2,0,0,0,3,3,0,0,0,0,0,0,0,0,0,0,0,092,092
361190021051008,36,119,002105,1008,0,0,0,0,0,0,0,0,0,0,0,0,0,0,0,0,0,0,0,0,0,0,0,0,0,0,0,0,0,0,0,090,090
361190118005018,36,119,011800,5018,13,10,0,0,0,0,0,3,13,2,11,10,0,0,0,0,0,1,6,6,0,0,0,0,0,0,0,0,0,0,0,092,092
361190103003005,36,119,010300,3005,122,97,2,0,5,0,7,11,122,18,104,90,2,0,5,0,3,4,70,70,0,0,0,0,0,0,0,0,0,0,0,092,092
361190103002003,36,119,010300,2003,13,5,3,0,3,0,0,2,13,2,11,4,2,0,3,0,0,2,7,7,0,0,0,0,0,0,0,0,0,0,0,092,092
361190006021001,36,119,000602,1001,0,0,0,0,0,0,0,0,0,0,0,0,0,0,0,0,0,0,0,0,0,0,0,0,0,0,0,0,0,0,0,090,090
361190005012004,36,119,000501,2004,153,11,45,9,1,0,60,27,153,99,54,8,39,4,1,0,0,2,52,49,3,0,0,0,0,0,0,0,0,0,0,090,090
361190010002003,36,119,001000,2003,481,12,375,4,0,0,65,25,481,129,352,4,331,0,0,0,3,14,194,179,15,0,0,0,0,0,0,0,0,0,0,090,090
361190016003000,36,119,001600,3000,91,43,9,4,1,0,12,22,91,62,29,19,8,0,1,0,1,0,37,37,0,0,0,0,0,0,0,0,0,0,0,090,090
361190011021000,36,119,001102,1000,66,2,13,1,5,0,24,21,66,47,19,1,8,0,5,0,0,5,22,22,0,0,0,0,0,0,0,0,0,0,0,090,090
361190003002001,36,119,000300,2001,46,4,10,2,0,0,15,15,46,30,16,0,6,1,0,0,0,9,12,12,0,3,0,0,0,0,0,3,0,0,3,090,090
361190002022001,36,119,000202,2001,644,119,136,5,10,0,294,80,644,428,216,87,108,0,10,0,4,7,265,255,10,0,0,0,0,0,0,0,0,0,0,089,089
361190114021004,36,119,011402,1004,58,47,0,0,2,0,0,9,58,10,48,41,0,0,2,0,0,5,18,14,4,0,0,0,0,0,0,0,0,0,0,092,092
361190119022003,36,119,011902,2003,25,14,1,0,6,0,0,4,25,5,20,11,1,0,6,0,0,2,8,7,1,0,0,0,0,0,0,0,0,0,0,092,092
361190119022017,36,119,011902,2017,28,18,3,1,1,0,3,2,28,10,18,16,0,1,1,0,0,0,10,10,0,0,0,0,0,0,0,0,0,0,0,092,092
361190119021030,36,119,011902,1030,0,0,0,0,0,0,0,0,0,0,0,0,0,0,0,0,0,0,0,0,0,0,0,0,0,0,0,0,0,0,0,092,092
361190119023005,36,119,011902,3005,48,36,0,0,1,0,0,11,48,12,36,33,0,0,1,0,0,2,15,7,8,0,0,0,0,0,0,0,0,0,0,092,092
361190118002006,36,119,011800,2006,0,0,0,0,0,0,0,0,0,0,0,0,0,0,0,0,0,0,0,0,0,0,0,0,0,0,0,0,0,0,0,092,092
361190119021021,36,119,011902,1021,0,0,0,0,0,0,0,0,0,0,0,0,0,0,0,0,0,0,0,0,0,0,0,0,0,0,0,0,0,0,0,092,092
361190102005006,36,119,010200,5006,36,2,9,0,0,0,24,1,36,27,9,1,7,0,0,0,0,1,0,0,0,36,36,0,36,0,0,0,0,0,0,092,092
361190120001019,36,119,012000,1019,0,0,0,0,0,0,0,0,0,0,0,0,0,0,0,0,0,0,0,0,0,0,0,0,0,0,0,0,0,0,0,092,092
361190042001002,36,119,004200,1002,0,0,0,0,0,0,0,0,0,0,0,0,0,0,0,0,0,0,0,0,0,0,0,0,0,0,0,0,0,0,0,089,089
361190122023038,36,119,012202,3038,0,0,0,0,0,0,0,0,0,0,0,0,0,0,0,0,0,0,0,0,0,0,0,0,0,0,0,0,0,0,0,092,092
361190122023027,36,119,012202,3027,0,0,0,0,0,0,0,0,0,0,0,0,0,0,0,0,0,0,0,0,0,0,0,0,0,0,0,0,0,0,0,092,092
361190112002018,36,119,011200,2018,0,0,0,0,0,0,0,0,0,0,0,0,0,0,0,0,0,0,0,0,0,0,0,0,0,0,0,0,0,0,0,092,092
361190002051002,36,119,000205,1002,45,16,5,0,4,0,4,16,45,26,19,9,2,0,3,0,0,5,13,13,0,0,0,0,0,0,0,0,0,0,0,089,089
361190114022001,36,119,011402,2001,415,145,122,0,68,0,53,27,415,65,350,144,122,0,68,0,2,14,212,204,8,0,0,0,0,0,0,0,0,0,0,092,092
361190109011003,36,119,010901,1003,0,0,0,0,0,0,0,0,0,0,0,0,0,0,0,0,0,0,0,0,0,0,0,0,0,0,0,0,0,0,0,092,092
361190105004005,36,119,010500,4005,58,4,13,0,0,0,41,0,58,41,17,4,13,0,0,0,0,0,0,0,0,58,58,0,58,0,0,0,0,0,0,092,092
361190024031008,36,119,002403,1008,18,3,11,0,0,0,0,4,18,9,9,0,9,0,0,0,0,0,1,1,0,0,0,0,0,0,0,0,0,0,0,090,090
361199810001021,36,119,981000,1021,0,0,0,0,0,0,0,0,0,0,0,0,0,0,0,0,0,0,0,0,0,0,0,0,0,0,0,0,0,0,0,092,092
361190022041012,36,119,002204,1012,0,0,0,0,0,0,0,0,0,0,0,0,0,0,0,0,0,0,0,0,0,0,0,0,0,0,0,0,0,0,0,090,090
361190022041011,36,119,002204,1011,0,0,0,0,0,0,0,0,0,0,0,0,0,0,0,0,0,0,0,0,0,0,0,0,0,0,0,0,0,0,0,090,090
361190022022011,36,119,002202,2011,0,0,0,0,0,0,0,0,0,0,0,0,0,0,0,0,0,0,0,0,0,0,0,0,0,0,0,0,0,0,0,090,090
361190022022013,36,119,002202,2013,0,0,0,0,0,0,0,0,0,0,0,0,0,0,0,0,0,0,0,0,0,0,0,0,0,0,0,0,0,0,0,090,090
361190105001003,36,119,010500,1003,0,0,0,0,0,0,0,0,0,0,0,0,0,0,0,0,0,0,0,0,0,0,0,0,0,0,0,0,0,0,0,092,092
361190112002023,36,119,011200,2023,0,0,0,0,0,0,0,0,0,0,0,0,0,0,0,0,0,0,0,0,0,0,0,0,0,0,0,0,0,0,0,092,092
361190112002005,36,119,011200,2005,0,0,0,0,0,0,0,0,0,0,0,0,0,0,0,0,0,0,0,0,0,0,0,0,0,0,0,0,0,0,0,092,092
361190112002004,36,119,011200,2004,0,0,0,0,0,0,0,0,0,0,0,0,0,0,0,0,0,0,0,0,0,0,0,0,0,0,0,0,0,0,0,092,092
361190112002000,36,119,011200,2000,8,2,0,0,0,0,2,4,8,8,0,0,0,0,0,0,0,0,1,1,0,0,0,0,0,0,0,0,0,0,0,092,092
361190106003008,36,119,010600,3008,0,0,0,0,0,0,0,0,0,0,0,0,0,0,0,0,0,0,0,0,0,0,0,0,0,0,0,0,0,0,0,092,092
361190023002005,36,119,002300,2005,42,30,3,0,0,0,5,4,42,7,35,30,2,0,0,0,3,0,12,12,0,0,0,0,0,0,0,0,0,0,0,090,090
361190023002017,36,119,002300,2017,41,11,6,0,1,0,6,17,41,13,28,10,6,0,1,0,4,7,14,14,0,2,0,0,0,0,0,2,0,0,2,090,090
361190022044002,36,119,002204,4002,374,271,23,0,24,0,18,38,374,52,322,266,22,0,24,0,1,9,214,211,3,0,0,0,0,0,0,0,0,0,0,090,090
361190022043006,36,119,002204,3006,0,0,0,0,0,0,0,0,0,0,0,0,0,0,0,0,0,0,0,0,0,0,0,0,0,0,0,0,0,0,0,090,090
361190024011007,36,119,002401,1007,0,0,0,0,0,0,0,0,0,0,0,0,0,0,0,0,0,0,0,0,0,0,0,0,0,0,0,0,0,0,0,090,090
361190107011018,36,119,010701,1018,18,4,3,0,2,3,1,5,18,14,4,1,0,0,2,0,1,0,1,0,1,0,0,0,0,0,0,0,0,0,0,092,092
361190111013005,36,119,011101,3005,7,4,0,0,0,0,1,2,7,1,6,4,0,0,0,0,0,2,2,0,2,0,0,0,0,0,0,0,0,0,0,092,092
361190102005010,36,119,010200,5010,0,0,0,0,0,0,0,0,0,0,0,0,0,0,0,0,0,0,0,0,0,0,0,0,0,0,0,0,0,0,0,092,092
361190102005011,36,119,010200,5011,0,0,0,0,0,0,0,0,0,0,0,0,0,0,0,0,0,0,0,0,0,0,0,0,0,0,0,0,0,0,0,092,092
361190102001000,36,119,010200,1000,8,6,1,0,0,0,0,1,8,1,7,5,1,0,0,0,0,1,3,3,0,0,0,0,0,0,0,0,0,0,0,092,092
361190102001001,36,119,010200,1001,9,8,0,0,0,0,0,1,9,2,7,7,0,0,0,0,0,0,3,3,0,0,0,0,0,0,0,0,0,0,0,092,092
361190102001005,36,119,010200,1005,16,15,0,0,0,0,0,1,16,3,13,13,0,0,0,0,0,0,3,0,3,0,0,0,0,0,0,0,0,0,0,092,092
361190102001006,36,119,010200,1006,19,11,0,0,0,0,0,8,19,6,13,10,0,0,0,0,0,3,3,3,0,0,0,0,0,0,0,0,0,0,0,092,092
361190105005013,36,119,010500,5013,123,114,0,0,0,0,1,8,123,7,116,109,0,0,0,0,1,6,36,36,0,0,0,0,0,0,0,0,0,0,0,092,092
361190103001000,36,119,010300,1000,8,3,0,0,1,0,0,4,8,3,5,3,0,0,1,0,0,1,1,1,0,0,0,0,0,0,0,0,0,0,0,092,092
361190103001001,36,119,010300,1001,0,0,0,0,0,0,0,0,0,0,0,0,0,0,0,0,0,0,0,0,0,0,0,0,0,0,0,0,0,0,0,092,092
361190103001002,36,119,010300,1002,5,1,1,0,0,0,0,3,5,1,4,1,1,0,0,0,0,2,1,1,0,0,0,0,0,0,0,0,0,0,0,092,092
361190113001023,36,119,011300,1023,0,0,0,0,0,0,0,0,0,0,0,0,0,0,0,0,0,0,0,0,0,0,0,0,0,0,0,0,0,0,0,092,092
361190121022020,36,119,012102,2020,35,22,0,0,4,0,7,2,35,7,28,21,0,0,4,0,3,0,10,8,2,0,0,0,0,0,0,0,0,0,0,092,092
361190106001002,36,119,010600,1002,0,0,0,0,0,0,0,0,0,0,0,0,0,0,0,0,0,0,0,0,0,0,0,0,0,0,0,0,0,0,0,092,092
361190022041024,36,119,002204,1024,16,10,0,0,5,0,0,1,16,1,15,10,0,0,5,0,0,0,7,7,0,0,0,0,0,0,0,0,0,0,0,090,090
361190021032011,36,119,002103,2011,0,0,0,0,0,0,0,0,0,0,0,0,0,0,0,0,0,0,0,0,0,0,0,0,0,0,0,0,0,0,0,090,090
361190009001009,36,119,000900,1009,0,0,0,0,0,0,0,0,0,0,0,0,0,0,0,0,0,0,0,0,0,0,0,0,0,0,0,0,0,0,0,092,090
361190110001001,36,119,011000,1001,0,0,0,0,0,0,0,0,0,0,0,0,0,0,0,0,0,0,0,0,0,0,0,0,0,0,0,0,0,0,0,092,092
361190033003006,36,119,003300,3006,177,2,150,2,3,0,12,8,177,16,161,0,148,2,3,0,3,5,57,57,0,0,0,0,0,0,0,0,0,0,0,089,089
361190034004011,36,119,003400,4011,235,6,199,0,4,0,24,2,235,31,204,4,191,0,4,0,4,1,98,94,4,0,0,0,0,0,0,0,0,0,0,089,089
361190022022010,36,119,002202,2010,0,0,0,0,0,0,0,0,0,0,0,0,0,0,0,0,0,0,0,0,0,0,0,0,0,0,0,0,0,0,0,090,090
361190013012017,36,119,001301,2017,22,3,0,1,2,0,7,9,22,18,4,2,0,0,0,0,0,2,1,1,0,0,0,0,0,0,0,0,0,0,0,090,090
361190035002002,36,119,003500,2002,11,5,1,0,2,1,0,2,11,3,8,5,0,0,2,1,0,0,162,21,141,2,0,0,0,0,0,2,0,0,2,089,089
361190035002014,36,119,003500,2014,26,8,8,2,0,0,2,6,26,12,14,4,7,0,0,0,1,2,6,5,1,0,0,0,0,0,0,0,0,0,0,089,089
361190035002008,36,119,003500,2008,221,3,141,0,0,0,54,23,221,78,143,0,141,0,0,0,0,2,79,76,3,0,0,0,0,0,0,0,0,0,0,089,089
361190035002010,36,119,003500,2010,0,0,0,0,0,0,0,0,0,0,0,0,0,0,0,0,0,0,0,0,0,0,0,0,0,0,0,0,0,0,0,089,089
361190035002009,36,119,003500,2009,240,24,139,2,0,0,47,28,240,66,174,18,139,2,0,0,4,11,123,96,27,0,0,0,0,0,0,0,0,0,0,089,089
361190035002015,36,119,003500,2015,20,9,1,0,0,0,6,4,20,9,11,7,1,0,0,0,0,3,1,1,0,0,0,0,0,0,0,0,0,0,0,089,089
361190022024010,36,119,002202,4010,0,0,0,0,0,0,0,0,0,0,0,0,0,0,0,0,0,0,0,0,0,0,0,0,0,0,0,0,0,0,0,090,090
361190007023003,36,119,000702,3003,0,0,0,0,0,0,0,0,0,0,0,0,0,0,0,0,0,0,0,0,0,0,0,0,0,0,0,0,0,0,0,089,089
361190119021015,36,119,011902,1015,0,0,0,0,0,0,0,0,0,0,0,0,0,0,0,0,0,0,0,0,0,0,0,0,0,0,0,0,0,0,0,092,092
361190035002011,36,119,003500,2011,291,23,180,2,2,0,68,16,291,87,204,18,179,0,2,0,2,3,105,102,3,0,0,0,0,0,0,0,0,0,0,089,089
361190035002012,36,119,003500,2012,58,8,39,0,1,1,3,6,58,17,41,6,34,0,1,0,0,0,17,17,0,0,0,0,0,0,0,0,0,0,0,089,089
361190035001005,36,119,003500,1005,0,0,0,0,0,0,0,0,0,0,0,0,0,0,0,0,0,0,0,0,0,0,0,0,0,0,0,0,0,0,0,089,089
361190035002000,36,119,003500,2000,0,0,0,0,0,0,0,0,0,0,0,0,0,0,0,0,0,0,0,0,0,0,0,0,0,0,0,0,0,0,0,089,089
361190037002005,36,119,003700,2005,180,32,56,0,1,0,59,32,180,75,105,23,53,0,0,0,5,24,60,60,0,0,0,0,0,0,0,0,0,0,0,089,089
361190037003006,36,119,003700,3006,234,33,108,4,2,0,49,38,234,66,168,32,102,1,2,0,15,16,94,90,4,0,0,0,0,0,0,0,0,0,0,089,089
361190037001003,36,119,003700,1003,204,46,40,1,0,0,71,46,204,94,110,29,39,0,0,0,19,23,95,84,11,0,0,0,0,0,0,0,0,0,0,089,089
361190105005009,36,119,010500,5009,51,41,3,0,1,0,0,6,51,5,46,41,3,0,1,0,0,1,22,22,0,0,0,0,0,0,0,0,0,0,0,092,092
361190105005011,36,119,010500,5011,36,17,0,0,4,0,0,15,36,13,23,12,0,0,4,0,0,7,8,8,0,0,0,0,0,0,0,0,0,0,0,092,092
361190106002005,36,119,010600,2005,57,33,3,1,13,0,1,6,57,3,54,33,3,0,13,0,1,4,16,16,0,0,0,0,0,0,0,0,0,0,0,092,092
361190105005007,36,119,010500,5007,21,11,0,0,10,0,0,0,21,0,21,11,0,0,10,0,0,0,8,8,0,0,0,0,0,0,0,0,0,0,0,092,092
361190102001011,36,119,010200,1011,5,3,0,0,0,0,0,2,5,1,4,3,0,0,0,0,0,1,2,2,0,0,0,0,0,0,0,0,0,0,0,092,092
361190102001017,36,119,010200,1017,115,93,0,0,16,0,0,6,115,3,112,92,0,0,16,0,0,4,49,49,0,0,0,0,0,0,0,0,0,0,0,092,092
361190105005016,36,119,010500,5016,16,11,0,0,0,0,1,4,16,1,15,11,0,0,0,0,0,4,8,8,0,0,0,0,0,0,0,0,0,0,0,092,092
361190102001007,36,119,010200,1007,0,0,0,0,0,0,0,0,0,0,0,0,0,0,0,0,0,0,0,0,0,0,0,0,0,0,0,0,0,0,0,092,092
361190120002024,36,119,012000,2024,0,0,0,0,0,0,0,0,0,0,0,0,0,0,0,0,0,0,0,0,0,0,0,0,0,0,0,0,0,0,0,092,092
361190105005017,36,119,010500,5017,62,50,1,0,1,0,2,8,62,6,56,49,1,0,1,0,0,5,15,15,0,0,0,0,0,0,0,0,0,0,0,092,092
361190102001018,36,119,010200,1018,70,63,0,0,0,0,2,5,70,3,67,63,0,0,0,0,1,3,22,22,0,0,0,0,0,0,0,0,0,0,0,092,092
361190102005022,36,119,010200,5022,48,42,0,0,0,0,0,6,48,3,45,41,0,0,0,0,0,4,15,15,0,0,0,0,0,0,0,0,0,0,0,092,092
361190102001003,36,119,010200,1003,91,76,0,0,6,0,1,8,91,2,89,76,0,0,6,0,0,7,28,28,0,0,0,0,0,0,0,0,0,0,0,092,092
361190105005006,36,119,010500,5006,10,8,0,0,0,0,0,2,10,1,9,7,0,0,0,0,0,2,1,1,0,0,0,0,0,0,0,0,0,0,0,092,092
361190105005020,36,119,010500,5020,12,6,2,0,1,0,0,3,12,0,12,6,2,0,1,0,0,3,3,3,0,0,0,0,0,0,0,0,0,0,0,092,092
361190112002024,36,119,011200,2024,87,21,32,0,11,0,7,16,87,15,72,21,32,0,11,0,6,2,31,31,0,0,0,0,0,0,0,0,0,0,0,092,092
361190121023025,36,119,012102,3025,20,18,0,0,0,0,0,2,20,2,18,18,0,0,0,0,0,0,5,5,0,0,0,0,0,0,0,0,0,0,0,092,092
361190121023024,36,119,012102,3024,36,29,0,2,0,0,2,3,36,7,29,25,0,0,0,0,2,2,12,12,0,0,0,0,0,0,0,0,0,0,0,092,092
361190022023009,36,119,002202,3009,57,30,14,0,4,0,6,3,57,6,51,29,13,0,4,0,2,3,34,34,0,0,0,0,0,0,0,0,0,0,0,090,090
361190122011007,36,119,012201,1007,0,0,0,0,0,0,0,0,0,0,0,0,0,0,0,0,0,0,0,0,0,0,0,0,0,0,0,0,0,0,0,092,092
361190118003049,36,119,011800,3049,167,156,0,1,3,0,3,4,167,7,160,155,0,1,3,0,0,1,109,102,7,62,25,0,0,25,0,37,0,0,37,092,092
361190122021014,36,119,012202,1014,84,81,0,0,1,0,1,1,84,2,82,80,0,0,1,0,1,0,30,30,0,0,0,0,0,0,0,0,0,0,0,092,092
361190122024009,36,119,012202,4009,50,34,3,0,4,0,2,7,50,12,38,31,3,0,4,0,0,0,33,26,7,0,0,0,0,0,0,0,0,0,0,092,092
361190122024008,36,119,012202,4008,72,59,0,3,6,0,2,2,72,6,66,59,0,0,6,0,0,1,41,35,6,0,0,0,0,0,0,0,0,0,0,092,092
361190107011016,36,119,010701,1016,0,0,0,0,0,0,0,0,0,0,0,0,0,0,0,0,0,0,0,0,0,0,0,0,0,0,0,0,0,0,0,092,092
361190107011014,36,119,010701,1014,65,38,1,0,21,0,2,3,65,10,55,33,1,0,21,0,0,0,25,25,0,0,0,0,0,0,0,0,0,0,0,092,092
361190121011001,36,119,012101,1001,138,135,0,0,1,0,1,1,138,3,135,134,0,0,1,0,0,0,40,40,0,0,0,0,0,0,0,0,0,0,0,092,092
361190004034001,36,119,000403,4001,327,22,181,7,3,0,65,49,327,150,177,8,155,0,0,0,1,13,144,133,11,0,0,0,0,0,0,0,0,0,0,089,089
361190122012000,36,119,012201,2000,56,40,0,0,2,0,2,12,56,15,41,39,0,0,2,0,0,0,20,20,0,0,0,0,0,0,0,0,0,0,0,092,092
361190110001012,36,119,011000,1012,0,0,0,0,0,0,0,0,0,0,0,0,0,0,0,0,0,0,0,0,0,0,0,0,0,0,0,0,0,0,0,092,092
361190014034001,36,119,001403,4001,0,0,0,0,0,0,0,0,0,0,0,0,0,0,0,0,0,0,0,0,0,0,0,0,0,0,0,0,0,0,0,089,089
361190041002005,36,119,004100,2005,104,9,29,0,0,0,32,34,104,41,63,9,27,0,0,0,12,15,37,29,8,0,0,0,0,0,0,0,0,0,0,089,089
361190029002009,36,119,002900,2009,53,0,24,0,0,1,14,14,53,24,29,0,24,0,0,1,0,4,16,12,4,0,0,0,0,0,0,0,0,0,0,089,089
361190028002006,36,119,002800,2006,204,0,187,0,3,0,6,8,204,8,196,0,185,0,3,0,6,2,86,86,0,0,0,0,0,0,0,0,0,0,0,089,089
361190118002001,36,119,011800,2001,0,0,0,0,0,0,0,0,0,0,0,0,0,0,0,0,0,0,0,0,0,0,0,0,0,0,0,0,0,0,0,092,092
361190027002002,36,119,002700,2002,351,8,298,0,13,0,26,6,351,44,307,7,285,0,13,0,0,2,135,130,5,0,0,0,0,0,0,0,0,0,0,089,089
361190026002009,36,119,002600,2009,62,3,50,3,0,0,1,5,62,6,56,3,49,3,0,0,0,1,28,24,4,0,0,0,0,0,0,0,0,0,0,089,089
361190026002018,36,119,002600,2018,114,3,78,3,3,0,18,9,114,28,86,3,74,3,3,0,0,3,26,26,0,0,0,0,0,0,0,0,0,0,0,089,089
361190121023022,36,119,012102,3022,0,0,0,0,0,0,0,0,0,0,0,0,0,0,0,0,0,0,0,0,0,0,0,0,0,0,0,0,0,0,0,092,092
361190121013016,36,119,012101,3016,0,0,0,0,0,0,0,0,0,0,0,0,0,0,0,0,0,0,0,0,0,0,0,0,0,0,0,0,0,0,0,092,092
361190118003061,36,119,011800,3061,34,32,0,0,1,0,0,1,34,0,34,32,0,0,1,0,0,1,14,11,3,0,0,0,0,0,0,0,0,0,0,092,092
361190111014004,36,119,011101,4004,24,16,0,0,0,0,8,0,24,6,18,16,0,0,0,0,2,0,13,13,0,0,0,0,0,0,0,0,0,0,0,092,092
361190117001003,36,119,011700,1003,23,13,1,0,1,0,8,0,23,12,11,9,1,0,1,0,0,0,5,5,0,0,0,0,0,0,0,0,0,0,0,092,092
361190121012032,36,119,012101,2032,189,160,1,0,15,0,4,9,189,7,182,160,1,0,15,0,2,4,73,73,0,0,0,0,0,0,0,0,0,0,0,092,092
361190121012021,36,119,012101,2021,35,29,0,0,1,0,1,4,35,5,30,29,0,0,1,0,0,0,10,10,0,0,0,0,0,0,0,0,0,0,0,092,092
361190121012008,36,119,012101,2008,9,1,2,0,1,0,0,5,9,6,3,0,2,0,1,0,0,0,1,1,0,0,0,0,0,0,0,0,0,0,0,092,092
361190002022004,36,119,000202,2004,0,0,0,0,0,0,0,0,0,0,0,0,0,0,0,0,0,0,0,0,0,0,0,0,0,0,0,0,0,0,0,089,089
361190004033000,36,119,000403,3000,46,6,6,0,3,0,9,22,46,29,17,3,6,0,3,0,1,4,4,4,0,0,0,0,0,0,0,0,0,0,0,089,089
361190002023006,36,119,000202,3006,152,48,35,0,17,0,42,10,152,50,102,44,33,0,17,0,8,0,42,42,0,0,0,0,0,0,0,0,0,0,0,089,089
361190007011002,36,119,000701,1002,1260,333,449,14,66,1,229,168,1260,446,814,280,406,4,66,1,8,49,626,588,38,11,0,0,0,0,0,11,0,0,11,089,089
361190118003030,36,119,011800,3030,0,0,0,0,0,0,0,0,0,0,0,0,0,0,0,0,0,0,0,0,0,0,0,0,0,0,0,0,0,0,0,092,092
361190108032012,36,119,010803,2012,33,19,1,0,4,0,0,9,33,9,24,19,1,0,4,0,0,0,18,18,0,0,0,0,0,0,0,0,0,0,0,092,092
361190108032014,36,119,010803,2014,0,0,0,0,0,0,0,0,0,0,0,0,0,0,0,0,0,0,0,0,0,0,0,0,0,0,0,0,0,0,0,092,092
361190108032016,36,119,010803,2016,86,45,10,0,21,0,5,5,86,10,76,45,10,0,21,0,0,0,50,48,2,0,0,0,0,0,0,0,0,0,0,092,092
361190108032006,36,119,010803,2006,0,0,0,0,0,0,0,0,0,0,0,0,0,0,0,0,0,0,0,0,0,0,0,0,0,0,0,0,0,0,0,092,092
361190118003008,36,119,011800,3008,94,91,0,0,1,0,1,1,94,2,92,91,0,0,1,0,0,0,38,38,0,0,0,0,0,0,0,0,0,0,0,092,092
361190021042027,36,119,002104,2027,21,2,6,0,0,0,3,10,21,2,19,2,5,0,0,0,2,10,1,0,1,0,0,0,0,0,0,0,0,0,0,090,090
361190016004002,36,119,001600,4002,0,0,0,0,0,0,0,0,0,0,0,0,0,0,0,0,0,0,0,0,0,0,0,0,0,0,0,0,0,0,0,090,090
361190014032006,36,119,001403,2006,0,0,0,0,0,0,0,0,0,0,0,0,0,0,0,0,0,0,0,0,0,0,0,0,0,0,0,0,0,0,0,089,089
361190122012005,36,119,012201,2005,300,258,4,0,10,0,11,17,300,16,284,256,2,0,10,0,4,12,124,124,0,6,6,0,6,0,0,0,0,0,0,092,092
361190122021012,36,119,012202,1012,51,49,0,0,0,0,2,0,51,9,42,40,0,0,0,0,2,0,12,7,5,0,0,0,0,0,0,0,0,0,0,092,092
361190119022014,36,119,011902,2014,22,8,4,0,8,0,1,1,22,2,20,8,4,0,8,0,0,0,8,8,0,0,0,0,0,0,0,0,0,0,0,092,092
361190118005013,36,119,011800,5013,26,22,3,0,0,0,0,1,26,1,25,22,3,0,0,0,0,0,15,15,0,0,0,0,0,0,0,0,0,0,0,092,092
361190118003054,36,119,011800,3054,0,0,0,0,0,0,0,0,0,0,0,0,0,0,0,0,0,0,0,0,0,0,0,0,0,0,0,0,0,0,0,092,092
361190118003042,36,119,011800,3042,65,61,0,0,4,0,0,0,65,0,65,61,0,0,4,0,0,0,55,46,9,0,0,0,0,0,0,0,0,0,0,092,092
361190122023047,36,119,012202,3047,0,0,0,0,0,0,0,0,0,0,0,0,0,0,0,0,0,0,0,0,0,0,0,0,0,0,0,0,0,0,0,092,092
361190122012008,36,119,012201,2008,27,12,1,0,9,0,1,4,27,1,26,12,1,0,9,0,1,3,4,4,0,0,0,0,0,0,0,0,0,0,0,092,092
361190122023043,36,119,012202,3043,27,6,0,0,9,0,5,7,27,7,20,6,0,0,9,0,1,4,14,14,0,0,0,0,0,0,0,0,0,0,0,092,092
361190122022007,36,119,012202,2007,21,17,0,0,2,0,0,2,21,2,19,17,0,0,2,0,0,0,9,9,0,0,0,0,0,0,0,0,0,0,0,092,092
361190122022013,36,119,012202,2013,22,14,0,0,0,0,0,8,22,4,18,14,0,0,0,0,0,4,8,8,0,0,0,0,0,0,0,0,0,0,0,092,092
361190109022005,36,119,010902,2005,40,0,29,0,0,0,6,5,40,12,28,0,24,0,0,0,0,4,9,9,0,0,0,0,0,0,0,0,0,0,0,092,092
361190109024000,36,119,010902,4000,55,7,31,0,2,0,0,15,55,14,41,7,27,0,2,0,0,5,11,9,2,0,0,0,0,0,0,0,0,0,0,092,092
361190109022002,36,119,010902,2002,18,3,11,0,0,0,0,4,18,3,15,0,11,0,0,0,0,4,6,6,0,0,0,0,0,0,0,0,0,0,0,092,092
361190151004010,36,119,015100,4010,65,5,45,4,7,0,2,2,65,8,57,3,43,2,7,0,2,0,20,8,12,0,0,0,0,0,0,0,0,0,0,089,089
361190041001003,36,119,004100,1003,0,0,0,0,0,0,0,0,0,0,0,0,0,0,0,0,0,0,0,0,0,0,0,0,0,0,0,0,0,0,0,089,089
361190109033001,36,119,010903,3001,0,0,0,0,0,0,0,0,0,0,0,0,0,0,0,0,0,0,0,0,0,0,0,0,0,0,0,0,0,0,0,092,092
361190115001018,36,119,011500,1018,0,0,0,0,0,0,0,0,0,0,0,0,0,0,0,0,0,0,0,0,0,0,0,0,0,0,0,0,0,0,0,092,092
361190021031014,36,119,002103,1014,0,0,0,0,0,0,0,0,0,0,0,0,0,0,0,0,0,0,0,0,0,0,0,0,0,0,0,0,0,0,0,090,090
361190033004000,36,119,003300,4000,63,0,49,0,0,0,12,2,63,12,51,0,45,0,0,0,4,2,23,18,5,0,0,0,0,0,0,0,0,0,0,089,089
361190033002001,36,119,003300,2001,148,5,137,0,2,0,1,3,148,4,144,5,134,0,2,0,0,3,53,41,12,0,0,0,0,0,0,0,0,0,0,089,089
361190041002000,36,119,004100,2000,60,0,49,0,2,0,4,5,60,8,52,0,48,0,2,0,0,2,23,23,0,0,0,0,0,0,0,0,0,0,0,089,089
361190151004014,36,119,015100,4014,60,2,41,2,0,0,3,12,60,7,53,2,41,0,0,0,0,10,18,16,2,0,0,0,0,0,0,0,0,0,0,089,089
361190041003001,36,119,004100,3001,86,0,61,2,0,0,10,13,86,14,72,0,60,0,0,0,0,12,24,24,0,0,0,0,0,0,0,0,0,0,0,089,089
361190041001005,36,119,004100,1005,40,5,21,1,2,0,1,10,40,10,30,4,20,0,2,0,1,3,14,4,10,0,0,0,0,0,0,0,0,0,0,089,089
361190041001006,36,119,004100,1006,42,1,25,3,6,0,3,4,42,7,35,0,25,0,6,0,0,4,13,13,0,0,0,0,0,0,0,0,0,0,0,089,089
361190034001000,36,119,003400,1000,0,0,0,0,0,0,0,0,0,0,0,0,0,0,0,0,0,0,0,0,0,0,0,0,0,0,0,0,0,0,0,089,089
361190034003000,36,119,003400,3000,75,2,61,0,0,0,2,10,75,9,66,2,59,0,0,0,0,5,28,28,0,0,0,0,0,0,0,0,0,0,0,089,089
361190034001001,36,119,003400,1001,357,18,290,0,1,0,22,26,357,47,310,18,285,0,1,0,0,6,125,125,0,0,0,0,0,0,0,0,0,0,0,089,089
361190034003002,36,119,003400,3002,0,0,0,0,0,0,0,0,0,0,0,0,0,0,0,0,0,0,0,0,0,0,0,0,0,0,0,0,0,0,0,089,089
361190034003003,36,119,003400,3003,312,9,250,2,0,0,32,19,312,53,259,9,243,0,0,0,5,2,112,97,15,0,0,0,0,0,0,0,0,0,0,089,089
361190034003006,36,119,003400,3006,136,5,116,0,3,0,2,10,136,16,120,2,112,0,3,0,0,3,63,63,0,0,0,0,0,0,0,0,0,0,0,089,089
361190034004010,36,119,003400,4010,212,3,192,0,3,0,7,7,212,10,202,2,192,0,3,0,1,4,79,79,0,0,0,0,0,0,0,0,0,0,0,089,089
361190110002007,36,119,011000,2007,0,0,0,0,0,0,0,0,0,0,0,0,0,0,0,0,0,0,0,0,0,0,0,0,0,0,0,0,0,0,0,092,092
361190111011036,36,119,011101,1036,300,144,57,6,45,0,18,30,300,44,256,141,57,1,45,0,0,12,119,119,0,0,0,0,0,0,0,0,0,0,0,092,092
361190103003002,36,119,010300,3002,0,0,0,0,0,0,0,0,0,0,0,0,0,0,0,0,0,0,0,0,0,0,0,0,0,0,0,0,0,0,0,092,092
361190104003013,36,119,010400,3013,33,25,1,0,4,0,0,3,33,3,30,24,1,0,4,0,0,1,7,7,0,0,0,0,0,0,0,0,0,0,0,092,092
361190107011005,36,119,010701,1005,49,29,1,1,14,0,1,3,49,4,45,27,0,0,14,0,1,3,18,18,0,0,0,0,0,0,0,0,0,0,0,092,092
361190017021007,36,119,001702,1007,92,62,4,0,1,0,2,23,92,28,64,56,4,0,1,0,1,2,29,27,2,0,0,0,0,0,0,0,0,0,0,090,090
361190017021009,36,119,001702,1009,162,103,0,3,5,0,29,22,162,68,94,87,0,0,5,0,0,2,59,50,9,0,0,0,0,0,0,0,0,0,0,090,090
361190017011003,36,119,001701,1003,579,311,26,6,13,0,151,72,579,251,328,282,18,0,13,0,7,8,214,191,23,2,0,0,0,0,0,2,0,0,2,090,090
361190023002004,36,119,002300,2004,127,95,0,0,6,0,18,8,127,24,103,94,0,0,6,0,0,3,39,39,0,0,0,0,0,0,0,0,0,0,0,090,090
361190023001002,36,119,002300,1002,311,182,20,1,14,0,52,42,311,119,192,159,13,0,14,0,3,3,122,122,0,4,0,0,0,0,0,4,0,0,4,090,090
361190017012009,36,119,001701,2009,62,39,6,0,6,0,0,11,62,16,46,34,6,0,6,0,0,0,23,20,3,0,0,0,0,0,0,0,0,0,0,090,090
361190018001007,36,119,001800,1007,64,22,13,0,0,1,12,16,64,25,39,22,11,0,0,1,5,0,16,11,5,0,0,0,0,0,0,0,0,0,0,090,090
361190108041008,36,119,010804,1008,73,43,2,0,24,0,0,4,73,6,67,41,2,0,24,0,0,0,26,13,13,0,0,0,0,0,0,0,0,0,0,092,092
361190108041013,36,119,010804,1013,42,10,6,0,16,0,2,8,42,6,36,10,6,0,16,0,0,4,15,13,2,0,0,0,0,0,0,0,0,0,0,092,092
361190108042006,36,119,010804,2006,379,257,23,0,43,0,34,22,379,69,310,244,20,0,43,0,0,3,234,224,10,0,0,0,0,0,0,0,0,0,0,092,092
361190108042004,36,119,010804,2004,33,22,0,0,3,0,2,6,33,3,30,22,0,0,3,0,0,5,13,13,0,0,0,0,0,0,0,0,0,0,0,092,092
361190108041022,36,119,010804,1022,36,26,2,0,2,0,0,6,36,4,32,22,2,0,2,0,0,6,10,10,0,0,0,0,0,0,0,0,0,0,0,092,092
361190108041024,36,119,010804,1024,58,27,8,0,5,0,8,10,58,13,45,27,4,0,3,0,5,6,17,4,13,0,0,0,0,0,0,0,0,0,0,092,092
361190114012009,36,119,011401,2009,93,70,2,1,12,0,3,5,93,8,85,67,2,0,12,0,0,4,34,34,0,0,0,0,0,0,0,0,0,0,0,092,092
361190114011010,36,119,011401,1010,52,46,2,0,2,0,0,2,52,0,52,46,2,0,2,0,0,2,24,24,0,0,0,0,0,0,0,0,0,0,0,092,092
361190115002003,36,119,011500,2003,31,22,0,1,4,0,1,3,31,2,29,22,0,0,4,0,0,3,10,10,0,0,0,0,0,0,0,0,0,0,0,092,092
361190115002005,36,119,011500,2005,72,50,1,0,3,0,10,8,72,22,50,46,0,0,3,0,0,1,52,52,0,0,0,0,0,0,0,0,0,0,0,092,092
361190115001017,36,119,011500,1017,13,2,3,0,3,0,3,2,13,6,7,1,2,0,3,0,0,1,1,0,1,0,0,0,0,0,0,0,0,0,0,092,092
361190114013002,36,119,011401,3002,766,514,85,1,36,0,66,64,766,165,601,471,84,1,35,0,1,9,382,378,4,4,0,0,0,0,0,4,0,0,4,092,092
361190033002002,36,119,003300,2002,118,5,102,0,3,0,7,1,118,7,111,3,102,0,3,0,2,1,42,42,0,0,0,0,0,0,0,0,0,0,0,089,089
361190114013005,36,119,011401,3005,22,7,3,0,5,0,1,6,22,14,8,0,0,0,5,0,0,3,3,3,0,0,0,0,0,0,0,0,0,0,0,092,092
361190040011008,36,119,004001,1008,326,35,188,1,1,0,52,49,326,85,241,28,185,1,1,0,7,19,153,145,8,0,0,0,0,0,0,0,0,0,0,089,089
361190121013005,36,119,012101,3005,6,2,0,0,0,0,0,4,6,0,6,2,0,0,0,0,0,4,1,1,0,0,0,0,0,0,0,0,0,0,0,092,092
361190117001019,36,119,011700,1019,20,3,4,0,0,0,8,5,20,8,12,1,4,0,0,0,2,5,4,0,4,0,0,0,0,0,0,0,0,0,0,092,092
361190026003003,36,119,002600,3003,215,7,204,0,0,0,3,1,215,4,211,7,201,0,0,0,3,0,66,63,3,0,0,0,0,0,0,0,0,0,0,089,089
361190024031009,36,119,002403,1009,0,0,0,0,0,0,0,0,0,0,0,0,0,0,0,0,0,0,0,0,0,0,0,0,0,0,0,0,0,0,0,090,090
361190121013002,36,119,012101,3002,0,0,0,0,0,0,0,0,0,0,0,0,0,0,0,0,0,0,0,0,0,0,0,0,0,0,0,0,0,0,0,092,092
361190121011012,36,119,012101,1012,16,13,0,0,0,0,0,3,16,1,15,13,0,0,0,0,0,2,5,5,0,0,0,0,0,0,0,0,0,0,0,092,092
361190121011013,36,119,012101,1013,0,0,0,0,0,0,0,0,0,0,0,0,0,0,0,0,0,0,0,0,0,0,0,0,0,0,0,0,0,0,0,092,092
361190108031005,36,119,010803,1005,29,7,10,0,5,0,5,2,29,8,21,6,10,0,5,0,0,0,9,0,9,0,0,0,0,0,0,0,0,0,0,092,092
361190027001000,36,119,002700,1000,87,0,70,0,0,0,14,3,87,22,65,0,63,0,0,0,1,1,24,24,0,0,0,0,0,0,0,0,0,0,0,089,089
361190033002006,36,119,003300,2006,101,0,92,3,0,0,3,3,101,7,94,0,91,3,0,0,0,0,37,28,9,0,0,0,0,0,0,0,0,0,0,089,089
361190122023018,36,119,012202,3018,0,0,0,0,0,0,0,0,0,0,0,0,0,0,0,0,0,0,0,0,0,0,0,0,0,0,0,0,0,0,0,092,092
361190110002030,36,119,011000,2030,47,6,21,0,0,0,10,10,47,21,26,3,19,0,0,0,0,4,15,9,6,0,0,0,0,0,0,0,0,0,0,092,092
361190009002011,36,119,000900,2011,14,1,5,0,3,0,0,5,14,2,12,1,5,0,3,0,0,3,1,1,0,0,0,0,0,0,0,0,0,0,0,092,092
361190113005009,36,119,011300,5009,61,39,5,0,1,0,6,10,61,9,52,39,5,0,1,0,0,7,27,27,0,0,0,0,0,0,0,0,0,0,0,092,092
361190108041006,36,119,010804,1006,37,18,7,1,3,0,3,5,37,7,30,18,7,0,3,0,2,0,9,9,0,4,0,0,0,0,0,4,0,0,4,092,092
361190110002021,36,119,011000,2021,29,16,1,0,0,0,1,11,29,13,16,12,1,0,0,0,1,2,9,6,3,0,0,0,0,0,0,0,0,0,0,092,092
361190110002019,36,119,011000,2019,48,22,0,0,17,0,1,8,48,7,41,20,0,0,17,0,1,3,10,10,0,0,0,0,0,0,0,0,0,0,0,092,092
361190110001000,36,119,011000,1000,40,22,0,0,2,1,2,13,40,7,33,22,0,0,2,0,0,9,10,10,0,0,0,0,0,0,0,0,0,0,0,092,092
361190110001007,36,119,011000,1007,56,29,9,0,15,0,2,1,56,1,55,29,9,0,15,0,1,1,16,16,0,0,0,0,0,0,0,0,0,0,0,092,092
361190109011000,36,119,010901,1000,422,354,32,2,4,0,12,18,422,36,386,340,31,0,4,0,2,9,119,119,0,248,247,0,0,247,0,1,0,0,1,092,092
361190021033023,36,119,002103,3023,36,31,1,1,1,0,1,1,36,3,33,31,1,0,0,0,1,0,10,10,0,0,0,0,0,0,0,0,0,0,0,090,090
361190117002011,36,119,011700,2011,43,28,1,0,0,0,1,13,43,8,35,28,0,0,0,0,0,7,11,11,0,0,0,0,0,0,0,0,0,0,0,092,092
361190114013000,36,119,011401,3000,74,51,15,0,5,0,2,1,74,6,68,51,12,0,5,0,0,0,41,41,0,0,0,0,0,0,0,0,0,0,0,092,092
361190004041001,36,119,000404,1001,741,114,360,9,17,1,156,84,741,288,453,73,347,1,14,0,5,13,398,382,16,14,0,0,0,0,0,14,0,0,14,089,089
361190004032004,36,119,000403,2004,71,12,21,2,2,0,25,9,71,42,29,8,16,0,2,0,1,2,17,17,0,12,0,0,0,0,0,12,0,0,12,089,089
361190004033002,36,119,000403,3002,0,0,0,0,0,0,0,0,0,0,0,0,0,0,0,0,0,0,0,0,0,0,0,0,0,0,0,0,0,0,0,089,089
361190004013000,36,119,000401,3000,0,0,0,0,0,0,0,0,0,0,0,0,0,0,0,0,0,0,0,0,0,0,0,0,0,0,0,0,0,0,0,089,089
361190001034003,36,119,000103,4003,161,21,62,3,1,3,51,20,161,88,73,10,58,0,0,3,0,2,74,72,2,0,0,0,0,0,0,0,0,0,0,089,089
361190004012001,36,119,000401,2001,323,127,53,3,27,0,64,49,323,98,225,123,53,0,27,0,0,22,213,210,3,0,0,0,0,0,0,0,0,0,0,089,089
361190008032015,36,119,000803,2015,106,27,16,0,0,0,51,12,106,63,43,24,15,0,0,0,1,3,38,32,6,4,0,0,0,0,0,4,0,0,4,090,090
361190001031001,36,119,000103,1001,68,18,18,4,0,0,14,14,68,30,38,16,17,2,0,0,3,0,33,33,0,0,0,0,0,0,0,0,0,0,0,089,089
361190004012011,36,119,000401,2011,0,0,0,0,0,0,0,0,0,0,0,0,0,0,0,0,0,0,0,0,0,0,0,0,0,0,0,0,0,0,0,089,089
361190001031000,36,119,000103,1000,364,108,124,8,19,0,69,36,364,106,258,97,120,6,19,0,6,10,210,199,11,40,0,0,0,0,0,40,0,0,40,089,089
361190004012014,36,119,000401,2014,217,36,48,8,3,0,80,42,217,118,99,31,43,0,2,0,0,23,121,109,12,0,0,0,0,0,0,0,0,0,0,090,090
361190003002000,36,119,000300,2000,12,2,3,1,2,0,0,4,12,9,3,2,0,0,1,0,0,0,2,2,0,0,0,0,0,0,0,0,0,0,0,090,090
361190121023029,36,119,012102,3029,47,36,0,0,4,0,0,7,47,2,45,36,0,0,4,0,0,5,15,15,0,0,0,0,0,0,0,0,0,0,0,092,092
361190119021046,36,119,011902,1046,417,351,2,0,29,0,5,30,417,33,384,343,2,0,29,0,4,6,140,140,0,0,0,0,0,0,0,0,0,0,0,092,092
361190007023002,36,119,000702,3002,0,0,0,0,0,0,0,0,0,0,0,0,0,0,0,0,0,0,0,0,0,0,0,0,0,0,0,0,0,0,0,089,089
361190122024004,36,119,012202,4004,0,0,0,0,0,0,0,0,0,0,0,0,0,0,0,0,0,0,0,0,0,0,0,0,0,0,0,0,0,0,0,092,092
361190004031000,36,119,000403,1000,1171,84,788,3,22,1,187,86,1171,335,836,43,747,1,20,0,9,16,621,585,36,0,0,0,0,0,0,0,0,0,0,089,089
361190004032002,36,119,000403,2002,224,11,108,4,3,0,73,25,224,121,103,0,93,1,1,0,4,4,82,73,9,0,0,0,0,0,0,0,0,0,0,089,089
361190004032006,36,119,000403,2006,149,9,72,4,8,0,40,16,149,74,75,3,61,0,8,0,0,3,56,53,3,0,0,0,0,0,0,0,0,0,0,089,089
361190006022007,36,119,000602,2007,539,85,147,0,78,0,177,52,539,252,287,56,145,0,78,0,3,5,177,150,27,104,104,0,0,104,0,0,0,0,0,090,090
361190004014000,36,119,000401,4000,352,21,101,10,1,0,168,51,352,255,97,3,86,3,0,0,2,3,106,94,12,0,0,0,0,0,0,0,0,0,0,090,090
361190004012004,36,119,000401,2004,387,57,141,9,7,1,128,44,387,236,151,21,115,0,6,1,2,6,179,153,26,6,0,0,0,0,0,6,0,0,6,090,090
361190113001016,36,119,011300,1016,28,14,0,0,5,0,0,9,28,4,24,14,0,0,5,0,0,5,8,8,0,0,0,0,0,0,0,0,0,0,0,092,092
361190113001012,36,119,011300,1012,16,12,3,0,0,0,0,1,16,5,11,8,3,0,0,0,0,0,2,2,0,0,0,0,0,0,0,0,0,0,0,092,092
361190111022031,36,119,011102,2031,0,0,0,0,0,0,0,0,0,0,0,0,0,0,0,0,0,0,0,0,0,0,0,0,0,0,0,0,0,0,0,092,092
361190113002006,36,119,011300,2006,17,8,0,0,4,0,0,5,17,2,15,8,0,0,4,0,0,3,4,0,4,0,0,0,0,0,0,0,0,0,0,092,092
361190105001004,36,119,010500,1004,11,1,0,0,0,0,6,4,11,9,2,1,0,0,0,0,0,1,1,1,0,0,0,0,0,0,0,0,0,0,0,092,092
361190113001011,36,119,011300,1011,36,29,0,0,4,0,0,3,36,2,34,29,0,0,4,0,0,1,14,13,1,0,0,0,0,0,0,0,0,0,0,092,092
361190122024003,36,119,012202,4003,0,0,0,0,0,0,0,0,0,0,0,0,0,0,0,0,0,0,0,0,0,0,0,0,0,0,0,0,0,0,0,092,092
361190001034004,36,119,000103,4004,153,16,20,6,1,1,87,22,153,125,28,4,20,0,1,1,2,0,52,52,0,0,0,0,0,0,0,0,0,0,0,089,089
361190121023027,36,119,012102,3027,0,0,0,0,0,0,0,0,0,0,0,0,0,0,0,0,0,0,0,0,0,0,0,0,0,0,0,0,0,0,0,092,092
361190120002053,36,119,012000,2053,21,20,0,0,0,0,1,0,21,3,18,18,0,0,0,0,0,0,7,7,0,0,0,0,0,0,0,0,0,0,0,092,092
361190120002052,36,119,012000,2052,22,22,0,0,0,0,0,0,22,2,20,20,0,0,0,0,0,0,10,10,0,0,0,0,0,0,0,0,0,0,0,092,092
361190120002016,36,119,012000,2016,28,24,0,0,1,1,1,1,28,4,24,23,0,0,1,0,0,0,8,8,0,0,0,0,0,0,0,0,0,0,0,092,092
361190119021039,36,119,011902,1039,324,276,0,0,19,0,12,17,324,40,284,262,0,0,19,0,0,3,129,124,5,0,0,0,0,0,0,0,0,0,0,092,092
361190119021013,36,119,011902,1013,52,48,0,0,0,0,0,4,52,2,50,48,0,0,0,0,0,2,15,15,0,0,0,0,0,0,0,0,0,0,0,092,092
361199810001032,36,119,981000,1032,18,15,1,0,2,0,0,0,18,0,18,15,1,0,2,0,0,0,6,6,0,0,0,0,0,0,0,0,0,0,0,092,092
361199810001031,36,119,981000,1031,0,0,0,0,0,0,0,0,0,0,0,0,0,0,0,0,0,0,0,0,0,0,0,0,0,0,0,0,0,0,0,092,092
361199810001033,36,119,981000,1033,0,0,0,0,0,0,0,0,0,0,0,0,0,0,0,0,0,0,0,0,0,0,0,0,0,0,0,0,0,0,0,092,092
361190109011012,36,119,010901,1012,25,19,0,1,0,0,4,1,25,8,17,17,0,0,0,0,0,0,3,3,0,0,0,0,0,0,0,0,0,0,0,092,092
361190119022033,36,119,011902,2033,256,193,6,0,18,0,17,22,256,30,226,192,6,0,18,0,0,10,93,93,0,0,0,0,0,0,0,0,0,0,0,092,092
361190118003009,36,119,011800,3009,50,42,0,0,0,0,6,2,50,6,44,42,0,0,0,0,0,2,15,15,0,0,0,0,0,0,0,0,0,0,0,092,092
361190121012030,36,119,012101,2030,26,4,1,0,4,0,8,9,26,10,16,4,1,0,4,0,0,7,4,4,0,0,0,0,0,0,0,0,0,0,0,092,092
361190121023001,36,119,012102,3001,34,30,0,0,1,0,0,3,34,6,28,26,0,0,1,0,0,1,8,8,0,0,0,0,0,0,0,0,0,0,0,092,092
361190122022000,36,119,012202,2000,34,22,2,0,0,0,3,7,34,7,27,22,2,0,0,0,0,3,7,7,0,0,0,0,0,0,0,0,0,0,0,092,092
361190122022012,36,119,012202,2012,10,6,0,0,0,0,1,3,10,3,7,6,0,0,0,0,0,1,4,4,0,0,0,0,0,0,0,0,0,0,0,092,092
361190121012029,36,119,012101,2029,33,31,1,0,0,0,1,0,33,2,31,31,0,0,0,0,0,0,10,10,0,0,0,0,0,0,0,0,0,0,0,092,092
361190041003011,36,119,004100,3011,54,1,33,0,1,0,0,19,54,15,39,1,30,0,1,0,0,7,17,17,0,0,0,0,0,0,0,0,0,0,0,089,089
361190040021007,36,119,004002,1007,182,25,97,2,1,0,34,23,182,53,129,22,88,0,0,0,3,16,83,80,3,0,0,0,0,0,0,0,0,0,0,089,089
361190033001008,36,119,003300,1008,62,0,53,0,0,0,6,3,62,9,53,0,50,0,0,0,0,3,14,14,0,0,0,0,0,0,0,0,0,0,0,089,089
361190118004025,36,119,011800,4025,18,7,2,0,0,0,0,9,18,11,7,5,2,0,0,0,0,0,5,5,0,0,0,0,0,0,0,0,0,0,0,092,092
361190111022032,36,119,011102,2032,0,0,0,0,0,0,0,0,0,0,0,0,0,0,0,0,0,0,0,0,0,0,0,0,0,0,0,0,0,0,0,092,092
361190111022000,36,119,011102,2000,32,9,7,0,13,0,0,3,32,5,27,4,7,0,13,0,0,3,8,6,2,0,0,0,0,0,0,0,0,0,0,092,092
361190118001004,36,119,011800,1004,33,26,0,0,4,0,0,3,33,2,31,26,0,0,4,0,0,1,5,5,0,0,0,0,0,0,0,0,0,0,0,092,092
361190026002022,36,119,002600,2022,0,0,0,0,0,0,0,0,0,0,0,0,0,0,0,0,0,0,0,0,0,0,0,0,0,0,0,0,0,0,0,089,089
361190037002000,36,119,003700,2000,386,56,124,8,0,7,152,39,386,193,193,50,111,0,0,0,17,15,146,130,16,0,0,0,0,0,0,0,0,0,0,089,089
361190036002000,36,119,003600,2000,112,8,62,0,4,0,23,15,112,36,76,8,62,0,3,0,3,0,44,44,0,0,0,0,0,0,0,0,0,0,0,089,089
361190036002001,36,119,003600,2001,134,29,40,5,4,0,40,16,134,72,62,25,29,2,4,0,1,1,54,40,14,0,0,0,0,0,0,0,0,0,0,089,089
361190035001000,36,119,003500,1000,113,8,52,0,2,1,36,14,113,48,65,6,52,0,2,0,0,5,51,40,11,0,0,0,0,0,0,0,0,0,0,089,089
361190007023001,36,119,000702,3001,1007,70,618,4,16,0,175,124,1007,311,696,45,590,0,14,0,11,36,541,508,33,0,0,0,0,0,0,0,0,0,0,089,089
361190007011006,36,119,000701,1006,48,27,0,0,10,0,6,5,48,11,37,26,0,0,10,0,0,1,15,14,1,0,0,0,0,0,0,0,0,0,0,089,089
361190002023001,36,119,000202,3001,127,53,7,0,11,1,41,14,127,46,81,52,7,0,11,1,7,3,42,40,2,0,0,0,0,0,0,0,0,0,0,089,089
361190014032005,36,119,001403,2005,122,56,8,0,19,0,24,15,122,43,79,52,5,0,18,0,0,4,54,54,0,0,0,0,0,0,0,0,0,0,0,089,089
361190016001007,36,119,001600,1007,292,133,18,1,0,0,96,44,292,167,125,114,7,0,0,0,0,4,110,103,7,0,0,0,0,0,0,0,0,0,0,090,090
361190120001022,36,119,012000,1022,10,0,0,0,5,0,3,2,10,5,5,0,0,0,5,0,0,0,1,1,0,0,0,0,0,0,0,0,0,0,0,092,092
361190121023018,36,119,012102,3018,59,44,0,0,4,0,6,5,59,10,49,44,0,0,4,0,0,1,20,20,0,0,0,0,0,0,0,0,0,0,0,092,092
361190119021019,36,119,011902,1019,0,0,0,0,0,0,0,0,0,0,0,0,0,0,0,0,0,0,0,0,0,0,0,0,0,0,0,0,0,0,0,092,092
361190119021022,36,119,011902,1022,5,2,0,1,0,0,1,1,5,1,4,2,0,0,0,0,1,1,2,2,0,0,0,0,0,0,0,0,0,0,0,092,092
361190119021009,36,119,011902,1009,0,0,0,0,0,0,0,0,0,0,0,0,0,0,0,0,0,0,0,0,0,0,0,0,0,0,0,0,0,0,0,092,092
361190121013037,36,119,012101,3037,0,0,0,0,0,0,0,0,0,0,0,0,0,0,0,0,0,0,0,0,0,0,0,0,0,0,0,0,0,0,0,092,092
361190110002013,36,119,011000,2013,0,0,0,0,0,0,0,0,0,0,0,0,0,0,0,0,0,0,0,0,0,0,0,0,0,0,0,0,0,0,0,092,092
361190005022003,36,119,000502,2003,273,19,99,1,1,0,124,29,273,167,106,3,91,0,0,0,2,10,104,97,7,0,0,0,0,0,0,0,0,0,0,090,090
361190110002029,36,119,011000,2029,50,1,17,0,0,0,30,2,50,32,18,0,17,0,0,0,0,1,15,15,0,0,0,0,0,0,0,0,0,0,0,092,092
361190110001015,36,119,011000,1015,66,6,30,2,6,0,6,16,66,21,45,6,29,2,6,0,0,2,19,19,0,0,0,0,0,0,0,0,0,0,0,092,092
361190110001014,36,119,011000,1014,0,0,0,0,0,0,0,0,0,0,0,0,0,0,0,0,0,0,0,0,0,0,0,0,0,0,0,0,0,0,0,092,092
361190110001013,36,119,011000,1013,69,7,22,0,15,0,14,11,69,17,52,7,22,0,15,0,0,8,25,25,0,0,0,0,0,0,0,0,0,0,0,092,092
361190110001017,36,119,011000,1017,134,29,56,0,6,0,21,22,134,38,96,29,56,0,6,0,0,5,51,51,0,0,0,0,0,0,0,0,0,0,0,092,092
361190112004001,36,119,011200,4001,0,0,0,0,0,0,0,0,0,0,0,0,0,0,0,0,0,0,0,0,0,0,0,0,0,0,0,0,0,0,0,092,092
361190112004000,36,119,011200,4000,0,0,0,0,0,0,0,0,0,0,0,0,0,0,0,0,0,0,0,0,0,0,0,0,0,0,0,0,0,0,0,092,092
361190110002031,36,119,011000,2031,8,3,3,0,0,0,0,2,8,5,3,0,3,0,0,0,0,0,6,6,0,0,0,0,0,0,0,0,0,0,0,092,092
361190110002032,36,119,011000,2032,0,0,0,0,0,0,0,0,0,0,0,0,0,0,0,0,0,0,0,0,0,0,0,0,0,0,0,0,0,0,0,092,092
361190110002012,36,119,011000,2012,0,0,0,0,0,0,0,0,0,0,0,0,0,0,0,0,0,0,0,0,0,0,0,0,0,0,0,0,0,0,0,092,092
361190110002028,36,119,011000,2028,72,5,48,0,10,0,1,8,72,5,67,5,48,0,10,0,0,4,20,20,0,0,0,0,0,0,0,0,0,0,0,092,092
361190108011030,36,119,010801,1030,37,18,10,0,0,0,1,8,37,4,33,16,10,0,0,0,1,6,13,13,0,0,0,0,0,0,0,0,0,0,0,092,092
361190110002027,36,119,011000,2027,41,0,34,0,0,0,3,4,41,7,34,0,33,0,0,0,0,1,18,18,0,0,0,0,0,0,0,0,0,0,0,092,092
361190110002017,36,119,011000,2017,44,7,11,0,5,0,16,5,44,21,23,3,10,0,5,0,0,5,8,4,4,0,0,0,0,0,0,0,0,0,0,092,092
361190110002033,36,119,011000,2033,37,22,0,0,6,0,5,4,37,9,28,22,0,0,6,0,0,0,13,13,0,0,0,0,0,0,0,0,0,0,0,092,092
361190120001041,36,119,012000,1041,29,29,0,0,0,0,0,0,29,0,29,29,0,0,0,0,0,0,12,12,0,0,0,0,0,0,0,0,0,0,0,092,092
361190120001046,36,119,012000,1046,18,18,0,0,0,0,0,0,18,0,18,18,0,0,0,0,0,0,10,10,0,0,0,0,0,0,0,0,0,0,0,092,092
361190120001044,36,119,012000,1044,32,23,0,0,0,0,4,5,32,4,28,23,0,0,0,0,0,5,9,5,4,0,0,0,0,0,0,0,0,0,0,092,092
361190120001037,36,119,012000,1037,17,16,0,0,0,0,0,1,17,0,17,16,0,0,0,0,0,1,6,6,0,0,0,0,0,0,0,0,0,0,0,092,092
361190120001036,36,119,012000,1036,19,17,0,0,1,0,0,1,19,3,16,14,0,0,1,0,0,1,8,8,0,0,0,0,0,0,0,0,0,0,0,092,092
361190120001053,36,119,012000,1053,21,20,0,0,0,0,0,1,21,0,21,20,0,0,0,0,0,1,9,9,0,0,0,0,0,0,0,0,0,0,0,092,092
361190120001023,36,119,012000,1023,216,201,3,0,0,0,4,8,216,21,195,189,3,0,0,0,0,3,75,75,0,19,0,0,0,0,0,19,0,0,19,092,092
361190022041015,36,119,002204,1015,0,0,0,0,0,0,0,0,0,0,0,0,0,0,0,0,0,0,0,0,0,0,0,0,0,0,0,0,0,0,0,090,090
361199810001027,36,119,981000,1027,0,0,0,0,0,0,0,0,0,0,0,0,0,0,0,0,0,0,0,0,0,0,0,0,0,0,0,0,0,0,0,092,092
361199810001005,36,119,981000,1005,5,4,0,0,1,0,0,0,5,0,5,4,0,0,1,0,0,0,1,1,0,0,0,0,0,0,0,0,0,0,0,092,092
361199810001028,36,119,981000,1028,3,1,1,0,0,0,1,0,3,1,2,0,1,0,0,0,1,0,2,0,2,0,0,0,0,0,0,0,0,0,0,092,092
361190110002005,36,119,011000,2005,25,13,6,0,0,0,5,1,25,7,18,12,4,0,0,0,2,0,1,0,1,0,0,0,0,0,0,0,0,0,0,092,092
361190110002003,36,119,011000,2003,0,0,0,0,0,0,0,0,0,0,0,0,0,0,0,0,0,0,0,0,0,0,0,0,0,0,0,0,0,0,0,092,092
361190122012003,36,119,012201,2003,15,13,0,0,0,0,0,2,15,11,4,4,0,0,0,0,0,0,2,2,0,0,0,0,0,0,0,0,0,0,0,092,092
361190116011006,36,119,011601,1006,0,0,0,0,0,0,0,0,0,0,0,0,0,0,0,0,0,0,0,0,0,0,0,0,0,0,0,0,0,0,0,092,092
361190113004000,36,119,011300,4000,0,0,0,0,0,0,0,0,0,0,0,0,0,0,0,0,0,0,0,0,0,0,0,0,0,0,0,0,0,0,0,092,092
361190020003004,36,119,002000,3004,83,48,6,1,10,0,11,7,83,19,64,48,6,0,10,0,0,0,32,32,0,0,0,0,0,0,0,0,0,0,0,090,090
361190021012002,36,119,002101,2002,121,78,4,0,19,0,7,13,121,17,104,74,4,0,19,0,1,6,39,32,7,0,0,0,0,0,0,0,0,0,0,090,090
361190021013008,36,119,002101,3008,94,21,15,2,35,0,12,9,94,23,71,19,13,2,35,0,0,2,26,26,0,0,0,0,0,0,0,0,0,0,0,090,090
361190021042012,36,119,002104,2012,65,36,1,0,7,0,5,16,65,33,32,22,1,0,7,0,0,2,19,18,1,0,0,0,0,0,0,0,0,0,0,090,090
361190021042030,36,119,002104,2030,33,17,0,0,0,0,0,16,33,11,22,15,0,0,0,0,0,7,7,1,6,0,0,0,0,0,0,0,0,0,0,090,090
361190021071014,36,119,002107,1014,54,26,0,0,20,0,6,2,54,2,52,25,0,0,20,0,5,2,17,17,0,0,0,0,0,0,0,0,0,0,0,090,090
361190022023004,36,119,002202,3004,55,29,9,1,8,0,1,7,55,10,45,29,9,0,6,0,0,1,17,17,0,0,0,0,0,0,0,0,0,0,0,090,090
361190022023003,36,119,002202,3003,51,33,0,0,5,0,8,5,51,11,40,31,0,0,5,0,0,4,19,19,0,0,0,0,0,0,0,0,0,0,0,090,090
361190022022004,36,119,002202,2004,664,572,12,0,42,0,7,31,664,50,614,556,11,0,42,0,0,5,462,444,18,0,0,0,0,0,0,0,0,0,0,090,090
361190121023010,36,119,012102,3010,65,60,0,0,0,0,0,5,65,3,62,60,0,0,0,0,0,2,25,25,0,0,0,0,0,0,0,0,0,0,0,092,092
361190121021021,36,119,012102,1021,50,44,4,0,0,0,1,1,50,1,49,44,4,0,0,0,0,1,15,15,0,0,0,0,0,0,0,0,0,0,0,092,092
361190121013021,36,119,012101,3021,49,34,0,0,11,0,2,2,49,3,46,33,0,0,11,0,0,2,17,17,0,0,0,0,0,0,0,0,0,0,0,092,092
361190121013025,36,119,012101,3025,36,31,0,0,1,0,0,4,36,4,32,31,0,0,1,0,0,0,18,18,0,0,0,0,0,0,0,0,0,0,0,092,092
361190119021031,36,119,011902,1031,6,5,0,0,0,0,0,1,6,1,5,5,0,0,0,0,0,0,0,0,0,6,0,0,0,0,0,6,0,0,6,092,092
361190109024018,36,119,010902,4018,58,17,25,0,2,0,12,2,58,14,44,15,25,0,2,0,2,0,15,15,0,0,0,0,0,0,0,0,0,0,0,092,092
361190111013011,36,119,011101,3011,245,69,70,0,77,0,10,19,245,28,217,68,70,0,77,0,0,2,86,86,0,0,0,0,0,0,0,0,0,0,0,092,092
361190111013009,36,119,011101,3009,44,9,10,2,9,0,4,10,44,10,34,8,9,2,9,0,2,4,15,15,0,0,0,0,0,0,0,0,0,0,0,092,092
361190109032007,36,119,010903,2007,45,0,7,5,0,0,26,7,45,35,10,0,7,0,0,0,0,3,8,5,3,0,0,0,0,0,0,0,0,0,0,092,092
361190105005014,36,119,010500,5014,68,53,3,0,1,0,9,2,68,10,58,53,3,0,1,0,0,1,20,18,2,0,0,0,0,0,0,0,0,0,0,092,092
361190108031009,36,119,010803,1009,287,178,22,0,36,0,10,41,287,34,253,170,22,0,36,0,0,25,152,145,7,4,0,0,0,0,0,4,0,0,4,092,092
361190109022026,36,119,010902,2026,18,1,5,0,1,0,1,10,18,11,7,1,5,0,1,0,0,0,10,10,0,0,0,0,0,0,0,0,0,0,0,092,092
361190104002002,36,119,010400,2002,129,110,1,0,12,0,0,6,129,6,123,110,1,0,12,0,0,0,68,61,7,0,0,0,0,0,0,0,0,0,0,092,092
361190022042002,36,119,002204,2002,34,10,1,1,8,0,2,12,34,8,26,10,1,1,8,0,1,5,7,7,0,0,0,0,0,0,0,0,0,0,0,090,090
361190022043009,36,119,002204,3009,29,13,5,0,3,0,3,5,29,5,24,13,5,0,3,0,3,0,8,8,0,0,0,0,0,0,0,0,0,0,0,090,090
361190021071001,36,119,002107,1001,114,84,2,0,18,0,4,6,114,7,107,83,0,0,18,0,2,4,9,9,0,86,0,0,0,0,0,86,86,0,0,090,090
361190022044010,36,119,002204,4010,20,14,4,0,0,0,1,1,20,1,19,14,4,0,0,0,0,1,10,7,3,0,0,0,0,0,0,0,0,0,0,090,090
361190022041004,36,119,002204,1004,28,22,4,0,0,0,0,2,28,4,24,21,2,0,0,0,0,1,11,11,0,0,0,0,0,0,0,0,0,0,0,090,090
361190115001010,36,119,011500,1010,66,0,0,4,4,0,51,7,66,62,4,0,0,0,2,0,0,2,19,12,7,0,0,0,0,0,0,0,0,0,0,092,092
361190116011002,36,119,011601,1002,128,30,0,0,1,0,58,39,128,117,11,10,0,0,1,0,0,0,54,41,13,0,0,0,0,0,0,0,0,0,0,092,092
361190115003009,36,119,011500,3009,84,66,0,0,5,0,0,13,84,13,71,60,0,0,3,0,0,8,59,59,0,0,0,0,0,0,0,0,0,0,0,092,092
361190115001008,36,119,011500,1008,717,507,50,0,24,0,61,75,717,156,561,485,48,0,23,0,1,4,351,339,12,0,0,0,0,0,0,0,0,0,0,092,092
361190004012009,36,119,000401,2009,0,0,0,0,0,0,0,0,0,0,0,0,0,0,0,0,0,0,0,0,0,0,0,0,0,0,0,0,0,0,0,089,089
361190004042004,36,119,000404,2004,56,7,19,0,6,0,16,8,56,27,29,2,18,0,6,0,1,2,16,16,0,0,0,0,0,0,0,0,0,0,0,089,089
361190005012019,36,119,000501,2019,113,5,26,7,2,0,59,14,113,89,24,0,20,1,2,0,0,1,62,59,3,0,0,0,0,0,0,0,0,0,0,090,090
361190008014006,36,119,000801,4006,59,19,0,0,13,0,15,12,59,24,35,17,0,0,13,0,0,5,18,11,7,0,0,0,0,0,0,0,0,0,0,090,090
361190121013007,36,119,012101,3007,47,41,0,0,1,0,4,1,47,4,43,41,0,0,1,0,0,1,19,19,0,0,0,0,0,0,0,0,0,0,0,092,092
361190121012038,36,119,012101,2038,34,30,0,1,0,0,1,2,34,0,34,30,0,1,0,0,1,2,10,10,0,0,0,0,0,0,0,0,0,0,0,092,092
361190121011007,36,119,012101,1007,118,97,0,0,16,0,0,5,118,5,113,97,0,0,16,0,0,0,36,36,0,0,0,0,0,0,0,0,0,0,0,092,092
361190119021000,36,119,011902,1000,54,41,3,0,1,0,3,6,54,9,45,37,3,0,1,0,2,2,11,11,0,0,0,0,0,0,0,0,0,0,0,092,092
361190002023005,36,119,000202,3005,107,58,5,0,3,1,30,10,107,36,71,57,5,0,3,0,0,6,38,38,0,0,0,0,0,0,0,0,0,0,0,089,089
361190007023006,36,119,000702,3006,195,15,123,3,0,0,22,32,195,64,131,3,123,0,0,0,0,5,101,99,2,0,0,0,0,0,0,0,0,0,0,089,089
361190120002050,36,119,012000,2050,15,7,0,0,4,0,4,0,15,3,12,7,0,0,4,0,1,0,1,1,0,0,0,0,0,0,0,0,0,0,0,092,092
361190120002014,36,119,012000,2014,48,41,0,0,0,0,0,7,48,3,45,41,0,0,0,0,0,4,12,10,2,0,0,0,0,0,0,0,0,0,0,092,092
361190120003011,36,119,012000,3011,35,25,1,0,7,0,1,1,35,1,34,25,1,0,7,0,0,1,12,12,0,0,0,0,0,0,0,0,0,0,0,092,092
361190120003008,36,119,012000,3008,21,20,0,0,0,0,0,1,21,1,20,20,0,0,0,0,0,0,10,10,0,0,0,0,0,0,0,0,0,0,0,092,092
361190120003019,36,119,012000,3019,42,31,0,0,6,0,3,2,42,4,38,31,0,0,6,0,0,1,14,14,0,0,0,0,0,0,0,0,0,0,0,092,092
361190120002033,36,119,012000,2033,67,65,0,0,2,0,0,0,67,3,64,62,0,0,2,0,0,0,27,27,0,0,0,0,0,0,0,0,0,0,0,092,092
361190103002006,36,119,010300,2006,39,27,5,0,1,0,0,6,39,3,36,27,5,0,1,0,0,3,11,0,11,0,0,0,0,0,0,0,0,0,0,092,092
361190111011022,36,119,011101,1022,0,0,0,0,0,0,0,0,0,0,0,0,0,0,0,0,0,0,0,0,0,0,0,0,0,0,0,0,0,0,0,092,092
361190038003005,36,119,003800,3005,0,0,0,0,0,0,0,0,0,0,0,0,0,0,0,0,0,0,0,0,0,0,0,0,0,0,0,0,0,0,0,089,089
361190038003006,36,119,003800,3006,422,144,138,5,21,0,39,75,422,120,302,127,131,0,21,0,4,19,258,238,20,0,0,0,0,0,0,0,0,0,0,089,089
361190038003004,36,119,003800,3004,225,117,61,1,11,0,7,28,225,31,194,111,51,1,11,0,0,20,146,137,9,0,0,0,0,0,0,0,0,0,0,089,089
361190045001004,36,119,004500,1004,64,40,11,1,4,0,2,6,64,10,54,39,8,1,4,0,0,2,20,17,3,0,0,0,0,0,0,0,0,0,0,089,089
361190038003007,36,119,003800,3007,441,194,122,0,19,0,67,39,441,117,324,172,115,0,18,0,14,5,292,279,13,0,0,0,0,0,0,0,0,0,0,089,089
361190038002000,36,119,003800,2000,1164,434,414,1,58,0,100,157,1164,262,902,388,405,1,58,0,8,42,630,630,0,0,0,0,0,0,0,0,0,0,0,089,089
361190002022002,36,119,000202,2002,357,91,116,0,10,0,102,38,357,158,199,81,109,0,8,0,0,1,200,194,6,0,0,0,0,0,0,0,0,0,0,089,089
361190109023003,36,119,010902,3003,77,13,50,1,4,0,2,7,77,19,58,5,45,1,4,0,0,3,24,24,0,0,0,0,0,0,0,0,0,0,0,092,092
361190038003008,36,119,003800,3008,0,0,0,0,0,0,0,0,0,0,0,0,0,0,0,0,0,0,0,0,0,0,0,0,0,0,0,0,0,0,0,089,089
361190038001000,36,119,003800,1000,84,33,12,0,4,0,9,26,84,27,57,28,12,0,4,0,2,11,31,31,0,0,0,0,0,0,0,0,0,0,0,089,089
361190039001003,36,119,003900,1003,134,78,31,2,10,0,5,8,134,14,120,72,31,1,10,0,3,3,89,81,8,0,0,0,0,0,0,0,0,0,0,089,089
361190039002000,36,119,003900,2000,104,40,47,0,0,0,12,5,104,10,94,40,47,0,0,0,4,3,51,43,8,0,0,0,0,0,0,0,0,0,0,089,089
361190039001004,36,119,003900,1004,52,33,1,0,0,0,4,14,52,13,39,27,1,0,0,0,0,11,17,17,0,0,0,0,0,0,0,0,0,0,0,089,089
361190038001002,36,119,003800,1002,103,35,12,1,8,0,12,35,103,36,67,31,12,1,8,0,4,11,52,52,0,0,0,0,0,0,0,0,0,0,0,089,089
361190022043005,36,119,002204,3005,33,16,2,0,2,0,1,12,33,6,27,16,0,0,2,0,1,8,4,4,0,0,0,0,0,0,0,0,0,0,0,090,090
361190104001008,36,119,010400,1008,35,28,2,0,0,0,1,4,35,6,29,25,1,0,0,0,0,3,14,14,0,0,0,0,0,0,0,0,0,0,0,092,092
361190024021001,36,119,002402,1001,909,469,125,6,52,1,128,128,909,325,584,408,104,0,47,0,2,23,547,516,31,0,0,0,0,0,0,0,0,0,0,090,090
361190007022001,36,119,000702,2001,0,0,0,0,0,0,0,0,0,0,0,0,0,0,0,0,0,0,0,0,0,0,0,0,0,0,0,0,0,0,0,090,092
361190002032003,36,119,000203,2003,1405,639,206,6,67,0,272,215,1405,557,848,573,184,0,64,0,10,17,743,703,40,89,0,0,0,0,0,89,0,0,89,089,089
361190120001049,36,119,012000,1049,212,205,0,0,2,0,5,0,212,7,205,198,0,0,2,0,5,0,73,73,0,0,0,0,0,0,0,0,0,0,0,092,092
361190120001024,36,119,012000,1024,33,31,0,0,0,0,1,1,33,3,30,29,0,0,0,0,0,1,17,17,0,0,0,0,0,0,0,0,0,0,0,092,092
361199810001015,36,119,981000,1015,0,0,0,0,0,0,0,0,0,0,0,0,0,0,0,0,0,0,0,0,0,0,0,0,0,0,0,0,0,0,0,092,092
361190105005002,36,119,010500,5002,105,87,5,0,8,0,1,4,105,2,103,86,5,0,8,0,0,4,40,40,0,0,0,0,0,0,0,0,0,0,0,092,092
361190109034000,36,119,010903,4000,39,9,0,0,2,0,18,10,39,30,9,0,0,0,2,0,0,7,15,15,0,0,0,0,0,0,0,0,0,0,0,092,092
361190111021002,36,119,011102,1002,251,146,42,0,29,0,17,17,251,39,212,142,33,0,29,0,0,8,78,78,0,0,0,0,0,0,0,0,0,0,0,092,092
361190109031013,36,119,010903,1013,0,0,0,0,0,0,0,0,0,0,0,0,0,0,0,0,0,0,0,0,0,0,0,0,0,0,0,0,0,0,0,092,092
361190119021035,36,119,011902,1035,0,0,0,0,0,0,0,0,0,0,0,0,0,0,0,0,0,0,0,0,0,0,0,0,0,0,0,0,0,0,0,092,092
361190119021025,36,119,011902,1025,0,0,0,0,0,0,0,0,0,0,0,0,0,0,0,0,0,0,0,0,0,0,0,0,0,0,0,0,0,0,0,092,092
361190109011016,36,119,010901,1016,56,37,3,0,12,0,0,4,56,1,55,37,2,0,12,0,0,4,15,15,0,0,0,0,0,0,0,0,0,0,0,092,092
361190102001010,36,119,010200,1010,66,59,0,0,1,0,2,4,66,1,65,58,0,0,1,0,2,4,26,26,0,0,0,0,0,0,0,0,0,0,0,092,092
361190102004005,36,119,010200,4005,60,47,4,0,4,0,1,4,60,2,58,47,4,0,4,0,1,2,18,10,8,0,0,0,0,0,0,0,0,0,0,092,092
361190102002003,36,119,010200,2003,31,25,0,0,0,0,0,6,31,0,31,25,0,0,0,0,0,6,14,14,0,0,0,0,0,0,0,0,0,0,0,092,092
361190026001001,36,119,002600,1001,201,3,183,1,0,0,3,11,201,6,195,3,183,0,0,0,2,7,76,69,7,4,4,0,4,0,0,0,0,0,0,089,089
361190027001003,36,119,002700,1003,51,0,46,1,0,0,0,4,51,1,50,0,46,1,0,0,0,3,26,11,15,0,0,0,0,0,0,0,0,0,0,089,089
361190028002007,36,119,002800,2007,14,0,9,0,0,0,0,5,14,3,11,0,9,0,0,0,0,2,2,1,1,0,0,0,0,0,0,0,0,0,0,089,089
361190029001005,36,119,002900,1005,202,3,192,0,0,0,4,3,202,16,186,0,186,0,0,0,0,0,93,75,18,0,0,0,0,0,0,0,0,0,0,089,089
361190007012013,36,119,000701,2013,29,20,3,0,3,0,1,2,29,2,27,20,3,0,3,0,0,1,9,9,0,0,0,0,0,0,0,0,0,0,0,090,090
361190008033001,36,119,000803,3001,92,33,28,0,4,0,16,11,92,30,62,29,26,0,4,0,0,3,25,25,0,12,0,0,0,0,0,12,0,0,12,090,090
361190021032010,36,119,002103,2010,32,22,2,0,0,0,7,1,32,7,25,21,2,0,0,0,2,0,9,9,0,0,0,0,0,0,0,0,0,0,0,090,090
361190004012012,36,119,000401,2012,0,0,0,0,0,0,0,0,0,0,0,0,0,0,0,0,0,0,0,0,0,0,0,0,0,0,0,0,0,0,0,089,089
361190008032008,36,119,000803,2008,170,79,13,0,1,0,31,46,170,75,95,76,13,0,1,0,0,5,62,62,0,0,0,0,0,0,0,0,0,0,0,090,090
361190111021006,36,119,011102,1006,10,0,0,0,2,0,5,3,10,6,4,0,0,0,2,0,0,2,1,1,0,0,0,0,0,0,0,0,0,0,0,092,092
361190106002000,36,119,010600,2000,135,115,3,0,5,0,1,11,135,11,124,115,3,0,5,0,0,1,43,42,1,0,0,0,0,0,0,0,0,0,0,092,092
361190111021019,36,119,011102,1019,3,0,0,0,0,0,2,1,3,2,1,0,0,0,0,0,0,1,1,1,0,0,0,0,0,0,0,0,0,0,0,092,092
361190106001010,36,119,010600,1010,227,141,1,2,68,0,2,13,227,8,219,141,0,2,68,0,0,8,73,73,0,0,0,0,0,0,0,0,0,0,0,092,092
361190106001015,36,119,010600,1015,88,48,0,1,28,0,1,10,88,8,80,47,0,0,28,0,0,5,26,20,6,0,0,0,0,0,0,0,0,0,0,092,092
361190108031004,36,119,010803,1004,106,65,12,0,7,0,1,21,106,16,90,64,12,0,7,0,1,6,72,72,0,0,0,0,0,0,0,0,0,0,0,092,092
361190108041005,36,119,010804,1005,39,18,2,0,8,0,9,2,39,13,26,18,0,0,8,0,0,0,19,18,1,0,0,0,0,0,0,0,0,0,0,092,092
361190108042005,36,119,010804,2005,159,119,15,1,16,0,0,8,159,15,144,118,10,0,16,0,0,0,83,79,4,0,0,0,0,0,0,0,0,0,0,092,092
361190017022008,36,119,001702,2008,64,43,0,0,3,0,5,13,64,16,48,43,0,0,3,0,0,2,18,18,0,0,0,0,0,0,0,0,0,0,0,090,090
361190023001016,36,119,002300,1016,96,66,0,0,0,0,10,20,96,37,59,55,0,0,0,0,2,2,45,27,18,0,0,0,0,0,0,0,0,0,0,090,090
361190023001000,36,119,002300,1000,264,187,11,0,18,0,17,31,264,63,201,175,6,0,18,0,0,2,110,110,0,0,0,0,0,0,0,0,0,0,0,090,090
361190023002023,36,119,002300,2023,20,15,0,0,0,0,2,3,20,6,14,11,0,0,0,0,0,3,6,4,2,0,0,0,0,0,0,0,0,0,0,090,090
361190023002006,36,119,002300,2006,128,71,10,1,15,0,19,12,128,28,100,70,10,0,15,0,0,5,41,41,0,5,0,0,0,0,0,5,0,0,5,090,090
361190111014001,36,119,011101,4001,25,0,5,0,0,0,7,13,25,18,7,0,5,0,0,0,0,2,9,9,0,0,0,0,0,0,0,0,0,0,0,092,092
361190024041006,36,119,002404,1006,0,0,0,0,0,0,0,0,0,0,0,0,0,0,0,0,0,0,0,0,0,0,0,0,0,0,0,0,0,0,0,090,090
361190106003009,36,119,010600,3009,141,86,6,2,29,0,1,17,141,9,132,85,5,0,29,0,1,12,55,55,0,0,0,0,0,0,0,0,0,0,0,092,092
361190106001017,36,119,010600,1017,49,31,4,0,10,0,0,4,49,3,46,31,4,0,10,0,0,1,15,15,0,0,0,0,0,0,0,0,0,0,0,092,092
361190013012020,36,119,001301,2020,0,0,0,0,0,0,0,0,0,0,0,0,0,0,0,0,0,0,0,0,0,0,0,0,0,0,0,0,0,0,0,090,090
361190122011012,36,119,012201,1012,110,92,0,0,6,0,5,7,110,10,100,89,0,0,6,0,1,4,54,50,4,0,0,0,0,0,0,0,0,0,0,092,092
361190010002004,36,119,001000,2004,26,3,17,0,0,0,1,5,26,9,17,3,11,0,0,0,1,2,1,1,0,0,0,0,0,0,0,0,0,0,0,090,090
361190107013029,36,119,010701,3029,0,0,0,0,0,0,0,0,0,0,0,0,0,0,0,0,0,0,0,0,0,0,0,0,0,0,0,0,0,0,0,092,092
361190109033017,36,119,010903,3017,0,0,0,0,0,0,0,0,0,0,0,0,0,0,0,0,0,0,0,0,0,0,0,0,0,0,0,0,0,0,0,092,092
361190024034012,36,119,002403,4012,0,0,0,0,0,0,0,0,0,0,0,0,0,0,0,0,0,0,0,0,0,0,0,0,0,0,0,0,0,0,0,089,089
361190118003055,36,119,011800,3055,0,0,0,0,0,0,0,0,0,0,0,0,0,0,0,0,0,0,0,0,0,0,0,0,0,0,0,0,0,0,0,092,092
361190117002035,36,119,011700,2035,46,40,0,0,0,0,0,6,46,6,40,40,0,0,0,0,0,0,15,15,0,0,0,0,0,0,0,0,0,0,0,092,092
361190117002007,36,119,011700,2007,27,20,1,0,1,0,1,4,27,3,24,20,1,0,1,0,0,2,5,5,0,9,0,0,0,0,0,9,0,0,9,092,092
361190117002033,36,119,011700,2033,26,23,0,0,0,0,0,3,26,3,23,23,0,0,0,0,0,0,14,14,0,0,0,0,0,0,0,0,0,0,0,092,092
361190117002037,36,119,011700,2037,36,33,0,0,2,0,0,1,36,1,35,33,0,0,2,0,0,0,15,15,0,0,0,0,0,0,0,0,0,0,0,092,092
361190117002017,36,119,011700,2017,32,28,0,0,1,0,0,3,32,2,30,27,0,0,1,0,0,2,7,7,0,0,0,0,0,0,0,0,0,0,0,092,092
361190117002018,36,119,011700,2018,25,22,2,0,1,0,0,0,25,0,25,22,2,0,1,0,0,0,11,11,0,0,0,0,0,0,0,0,0,0,0,092,092
361190117002019,36,119,011700,2019,35,30,0,0,1,0,0,4,35,3,32,29,0,0,1,0,0,2,12,12,0,0,0,0,0,0,0,0,0,0,0,092,092
361190117002022,36,119,011700,2022,32,31,0,0,1,0,0,0,32,0,32,31,0,0,1,0,0,0,12,12,0,0,0,0,0,0,0,0,0,0,0,092,092
361190121012001,36,119,012101,2001,20,16,1,0,0,0,0,3,20,5,15,11,1,0,0,0,0,3,2,2,0,0,0,0,0,0,0,0,0,0,0,092,092
361190121012003,36,119,012101,2003,13,7,0,0,4,0,0,2,13,2,11,7,0,0,4,0,0,0,3,3,0,0,0,0,0,0,0,0,0,0,0,092,092
361190121012006,36,119,012101,2006,0,0,0,0,0,0,0,0,0,0,0,0,0,0,0,0,0,0,0,0,0,0,0,0,0,0,0,0,0,0,0,092,092
361190034001005,36,119,003400,1005,206,18,150,1,0,0,24,13,206,42,164,18,144,1,0,0,0,1,64,61,3,0,0,0,0,0,0,0,0,0,0,089,089
361190034003008,36,119,003400,3008,37,0,25,1,0,0,6,5,37,7,30,0,25,1,0,0,3,1,11,2,9,0,0,0,0,0,0,0,0,0,0,089,089
361190034002003,36,119,003400,2003,241,16,200,0,0,0,13,12,241,39,202,11,186,0,0,0,0,5,93,93,0,0,0,0,0,0,0,0,0,0,0,089,089
361190034004001,36,119,003400,4001,84,5,62,0,0,0,7,10,84,17,67,2,60,0,0,0,1,4,32,32,0,0,0,0,0,0,0,0,0,0,0,089,089
361190034004000,36,119,003400,4000,164,1,144,0,0,0,13,6,164,16,148,1,138,0,0,0,6,3,45,45,0,0,0,0,0,0,0,0,0,0,0,089,089
361190034001004,36,119,003400,1004,261,5,181,6,2,0,45,22,261,63,198,4,181,0,2,0,6,5,80,80,0,0,0,0,0,0,0,0,0,0,0,089,089
361190034004004,36,119,003400,4004,22,0,13,0,0,0,2,7,22,6,16,0,12,0,0,0,0,4,3,3,0,0,0,0,0,0,0,0,0,0,0,089,089
361190034001002,36,119,003400,1002,170,8,119,1,0,0,24,18,170,40,130,8,110,0,0,0,1,11,67,64,3,0,0,0,0,0,0,0,0,0,0,089,089
361190034001003,36,119,003400,1003,89,4,70,0,0,1,5,9,89,10,79,3,70,0,0,1,0,5,38,38,0,0,0,0,0,0,0,0,0,0,0,089,089
361190041001007,36,119,004100,1007,0,0,0,0,0,0,0,0,0,0,0,0,0,0,0,0,0,0,0,0,0,0,0,0,0,0,0,0,0,0,0,089,089
361190151001014,36,119,015100,1014,29,7,17,0,1,0,0,4,29,4,25,7,17,0,1,0,0,0,10,10,0,0,0,0,0,0,0,0,0,0,0,089,089
361190151004006,36,119,015100,4006,52,27,9,1,0,0,0,15,52,19,33,25,7,0,0,0,0,1,22,20,2,0,0,0,0,0,0,0,0,0,0,089,089
361190151002000,36,119,015100,2000,0,0,0,0,0,0,0,0,0,0,0,0,0,0,0,0,0,0,0,0,0,0,0,0,0,0,0,0,0,0,0,089,089
361190021032012,36,119,002103,2012,0,0,0,0,0,0,0,0,0,0,0,0,0,0,0,0,0,0,0,0,0,0,0,0,0,0,0,0,0,0,0,090,090
361190023001004,36,119,002300,1004,120,63,16,6,5,0,20,10,120,34,86,63,16,0,4,0,0,3,47,47,0,0,0,0,0,0,0,0,0,0,0,090,090
361190113001018,36,119,011300,1018,69,48,0,0,4,0,7,10,69,19,50,45,0,0,4,0,1,0,25,25,0,0,0,0,0,0,0,0,0,0,0,092,092
361190113003014,36,119,011300,3014,0,0,0,0,0,0,0,0,0,0,0,0,0,0,0,0,0,0,0,0,0,0,0,0,0,0,0,0,0,0,0,092,092
361190113002001,36,119,011300,2001,0,0,0,0,0,0,0,0,0,0,0,0,0,0,0,0,0,0,0,0,0,0,0,0,0,0,0,0,0,0,0,092,092
361190104003011,36,119,010400,3011,42,20,9,0,4,0,0,9,42,7,35,20,8,0,2,0,0,5,14,4,10,0,0,0,0,0,0,0,0,0,0,092,092
361190104002006,36,119,010400,2006,93,65,0,3,7,0,0,18,93,21,72,61,0,0,7,0,0,4,54,47,7,0,0,0,0,0,0,0,0,0,0,092,092
361190104001010,36,119,010400,1010,30,25,0,0,2,0,0,3,30,9,21,18,0,0,2,0,0,1,11,8,3,0,0,0,0,0,0,0,0,0,0,092,092
361190105005004,36,119,010500,5004,35,21,0,0,2,0,1,11,35,4,31,18,0,0,2,0,0,11,8,4,4,0,0,0,0,0,0,0,0,0,0,092,092
361190113002013,36,119,011300,2013,19,4,0,0,7,0,4,4,19,1,18,4,0,0,7,0,4,3,2,0,2,0,0,0,0,0,0,0,0,0,0,092,092
361190113002003,36,119,011300,2003,1229,972,8,0,144,0,10,95,1229,69,1160,959,8,0,144,0,4,45,439,435,4,0,0,0,0,0,0,0,0,0,0,092,092
361190113002016,36,119,011300,2016,20,19,0,0,0,0,0,1,20,0,20,19,0,0,0,0,0,1,8,8,0,0,0,0,0,0,0,0,0,0,0,092,092
361190104001006,36,119,010400,1006,55,47,1,0,5,0,1,1,55,2,53,47,1,0,5,0,0,0,18,18,0,0,0,0,0,0,0,0,0,0,0,092,092
361190105004002,36,119,010500,4002,43,31,2,0,1,0,1,8,43,9,34,30,2,0,1,0,1,0,15,15,0,0,0,0,0,0,0,0,0,0,0,092,092
361190105002009,36,119,010500,2009,238,166,8,0,50,0,8,6,238,16,222,161,8,0,50,0,2,1,93,93,0,0,0,0,0,0,0,0,0,0,0,092,092
361190151004001,36,119,015100,4001,55,30,10,5,3,0,0,7,55,15,40,21,10,0,3,0,0,6,17,17,0,0,0,0,0,0,0,0,0,0,0,089,089
361190151004003,36,119,015100,4003,50,22,8,0,1,0,11,8,50,14,36,22,7,0,1,0,6,0,12,12,0,0,0,0,0,0,0,0,0,0,0,089,089
361190151004011,36,119,015100,4011,51,4,24,3,4,0,7,9,51,13,38,4,24,1,4,0,0,5,22,22,0,0,0,0,0,0,0,0,0,0,0,089,089
361190110002016,36,119,011000,2016,36,0,18,0,0,0,17,1,36,18,18,0,18,0,0,0,0,0,12,12,0,0,0,0,0,0,0,0,0,0,0,092,092
361190109024017,36,119,010902,4017,61,16,24,0,2,0,6,13,61,23,38,15,21,0,2,0,0,0,25,25,0,0,0,0,0,0,0,0,0,0,0,092,092
361190112004018,36,119,011200,4018,0,0,0,0,0,0,0,0,0,0,0,0,0,0,0,0,0,0,0,0,0,0,0,0,0,0,0,0,0,0,0,092,092
361190119022025,36,119,011902,2025,0,0,0,0,0,0,0,0,0,0,0,0,0,0,0,0,0,0,0,0,0,0,0,0,0,0,0,0,0,0,0,092,092
361199810001034,36,119,981000,1034,0,0,0,0,0,0,0,0,0,0,0,0,0,0,0,0,0,0,0,0,0,0,0,0,0,0,0,0,0,0,0,092,092
361199810001030,36,119,981000,1030,0,0,0,0,0,0,0,0,0,0,0,0,0,0,0,0,0,0,0,0,0,0,0,0,0,0,0,0,0,0,0,092,092
361190109011013,36,119,010901,1013,53,37,0,0,4,0,0,12,53,1,52,37,0,0,4,0,0,11,12,12,0,0,0,0,0,0,0,0,0,0,0,092,092
361190120001003,36,119,012000,1003,0,0,0,0,0,0,0,0,0,0,0,0,0,0,0,0,0,0,0,0,0,0,0,0,0,0,0,0,0,0,0,092,092
361190103001007,36,119,010300,1007,17,4,1,0,5,0,3,4,17,6,11,4,1,0,5,0,0,1,2,2,0,0,0,0,0,0,0,0,0,0,0,092,092
361190024051005,36,119,002405,1005,262,176,0,0,9,0,49,28,262,91,171,161,0,0,8,0,0,2,108,89,19,0,0,0,0,0,0,0,0,0,0,090,090
361190103001004,36,119,010300,1004,472,385,10,1,33,0,4,39,472,33,439,382,9,0,29,0,0,19,278,273,5,6,6,0,6,0,0,0,0,0,0,092,092
361190151001013,36,119,015100,1013,59,18,16,0,6,0,1,18,59,11,48,18,13,0,5,0,0,12,13,13,0,7,0,0,0,0,0,7,0,0,7,089,089
361190151002007,36,119,015100,2007,49,27,6,0,0,0,5,11,49,15,34,27,3,0,0,0,1,3,17,17,0,0,0,0,0,0,0,0,0,0,0,089,089
361190115001005,36,119,011500,1005,221,178,0,0,26,0,4,13,221,19,202,174,0,0,26,0,1,1,135,112,23,0,0,0,0,0,0,0,0,0,0,092,092
361190115001001,36,119,011500,1001,245,87,25,0,14,0,57,62,245,134,111,64,19,0,14,0,3,11,123,123,0,0,0,0,0,0,0,0,0,0,0,092,092
361190115002004,36,119,011500,2004,181,113,12,3,11,0,23,19,181,45,136,108,12,0,11,0,1,4,93,87,6,0,0,0,0,0,0,0,0,0,0,092,092
361190115001000,36,119,011500,1000,82,4,3,3,4,0,66,2,82,71,11,4,3,0,4,0,0,0,17,17,0,0,0,0,0,0,0,0,0,0,0,092,092
361190115004000,36,119,011500,4000,73,30,4,0,7,1,6,25,73,34,39,28,1,0,5,0,2,3,16,16,0,9,0,0,0,0,0,9,0,0,9,092,092
361190115004002,36,119,011500,4002,183,52,17,0,0,0,70,44,183,126,57,38,17,0,0,0,1,1,68,48,20,0,0,0,0,0,0,0,0,0,0,092,092
361190115003006,36,119,011500,3006,74,31,2,0,2,0,19,20,74,38,36,31,0,0,2,0,0,3,30,26,4,0,0,0,0,0,0,0,0,0,0,092,092
361190115003007,36,119,011500,3007,78,44,4,0,0,0,14,16,78,31,47,39,4,0,0,0,1,3,47,47,0,0,0,0,0,0,0,0,0,0,0,092,092
361190115002001,36,119,011500,2001,85,60,3,0,0,0,10,12,85,20,65,59,3,0,0,0,0,3,30,23,7,0,0,0,0,0,0,0,0,0,0,092,092
361190115002002,36,119,011500,2002,144,106,5,0,9,0,5,19,144,18,126,106,0,0,9,0,0,11,59,59,0,0,0,0,0,0,0,0,0,0,0,092,092
361190115002008,36,119,011500,2008,92,58,5,0,9,0,3,17,92,22,70,54,3,0,9,0,0,4,21,19,2,0,0,0,0,0,0,0,0,0,0,092,092
361190115003001,36,119,011500,3001,15,6,1,0,3,0,1,4,15,5,10,6,0,0,3,0,0,1,1,1,0,0,0,0,0,0,0,0,0,0,0,092,092
361190116011007,36,119,011601,1007,119,40,8,0,4,0,47,20,119,67,52,38,8,0,4,0,0,2,48,48,0,0,0,0,0,0,0,0,0,0,0,092,092
361190105002010,36,119,010500,2010,66,42,2,0,12,0,5,5,66,8,58,42,2,0,12,0,2,0,24,24,0,0,0,0,0,0,0,0,0,0,0,092,092
361190112004014,36,119,011200,4014,0,0,0,0,0,0,0,0,0,0,0,0,0,0,0,0,0,0,0,0,0,0,0,0,0,0,0,0,0,0,0,092,092
361190042002003,36,119,004200,2003,0,0,0,0,0,0,0,0,0,0,0,0,0,0,0,0,0,0,0,0,0,0,0,0,0,0,0,0,0,0,0,089,089
361190036001005,36,119,003600,1005,212,25,118,0,3,0,42,24,212,61,151,23,114,0,3,0,3,8,72,72,0,0,0,0,0,0,0,0,0,0,0,089,089
361190036001010,36,119,003600,1010,24,2,5,0,0,0,1,16,24,9,15,0,5,0,0,0,0,10,10,8,2,0,0,0,0,0,0,0,0,0,0,089,089
361190030001006,36,119,003000,1006,274,3,234,0,0,0,23,14,274,44,230,1,225,0,0,0,0,4,102,87,15,0,0,0,0,0,0,0,0,0,0,089,089
361190036001014,36,119,003600,1014,0,0,0,0,0,0,0,0,0,0,0,0,0,0,0,0,0,0,0,0,0,0,0,0,0,0,0,0,0,0,0,089,089
361190031001007,36,119,003100,1007,112,1,87,6,0,0,9,9,112,21,91,1,76,6,0,0,1,7,56,56,0,0,0,0,0,0,0,0,0,0,0,089,089
361190040022004,36,119,004002,2004,509,13,365,4,0,0,89,38,509,134,375,8,350,0,0,0,4,13,237,232,5,0,0,0,0,0,0,0,0,0,0,089,089
361190109024004,36,119,010902,4004,0,0,0,0,0,0,0,0,0,0,0,0,0,0,0,0,0,0,0,0,0,0,0,0,0,0,0,0,0,0,0,092,092
361190109024020,36,119,010902,4020,0,0,0,0,0,0,0,0,0,0,0,0,0,0,0,0,0,0,0,0,0,0,0,0,0,0,0,0,0,0,0,092,092
361190109023021,36,119,010902,3021,0,0,0,0,0,0,0,0,0,0,0,0,0,0,0,0,0,0,0,0,0,0,0,0,0,0,0,0,0,0,0,092,092
361190151002011,36,119,015100,2011,22,15,3,0,0,0,1,3,22,4,18,12,3,0,0,0,0,3,6,6,0,0,0,0,0,0,0,0,0,0,0,089,089
361190151003012,36,119,015100,3012,14,6,1,0,0,0,2,5,14,9,5,3,0,0,0,0,2,0,2,2,0,0,0,0,0,0,0,0,0,0,0,089,089
361190039001009,36,119,003900,1009,148,56,46,2,6,0,27,11,148,24,124,53,45,2,6,0,13,5,60,55,5,0,0,0,0,0,0,0,0,0,0,089,089
361190122024000,36,119,012202,4000,94,77,0,0,5,0,6,6,94,12,82,77,0,0,5,0,0,0,37,31,6,0,0,0,0,0,0,0,0,0,0,092,092
361190122013006,36,119,012201,3006,81,61,0,0,19,0,1,0,81,2,79,60,0,0,19,0,0,0,28,28,0,0,0,0,0,0,0,0,0,0,0,092,092
361190122023033,36,119,012202,3033,98,85,2,0,5,0,4,2,98,6,92,85,2,0,5,0,0,0,74,66,8,0,0,0,0,0,0,0,0,0,0,092,092
361190009001007,36,119,000900,1007,128,46,11,0,38,0,22,11,128,33,95,46,11,0,37,0,0,1,48,46,2,0,0,0,0,0,0,0,0,0,0,090,090
361190106003007,36,119,010600,3007,0,0,0,0,0,0,0,0,0,0,0,0,0,0,0,0,0,0,0,0,0,0,0,0,0,0,0,0,0,0,0,092,092
361190020004006,36,119,002000,4006,0,0,0,0,0,0,0,0,0,0,0,0,0,0,0,0,0,0,0,0,0,0,0,0,0,0,0,0,0,0,0,090,090
361190106002010,36,119,010600,2010,35,26,3,0,0,0,3,3,35,9,26,18,3,0,0,0,3,2,12,12,0,0,0,0,0,0,0,0,0,0,0,092,092
361190024053015,36,119,002405,3015,0,0,0,0,0,0,0,0,0,0,0,0,0,0,0,0,0,0,0,0,0,0,0,0,0,0,0,0,0,0,0,090,090
361190021051012,36,119,002105,1012,149,76,15,0,49,0,2,7,149,9,140,76,15,0,49,0,0,0,48,39,9,0,0,0,0,0,0,0,0,0,0,090,090
361190120002051,36,119,012000,2051,6,3,0,0,0,0,2,1,6,2,4,3,0,0,0,0,0,1,7,7,0,0,0,0,0,0,0,0,0,0,0,092,092
361190024041007,36,119,002404,1007,638,330,35,0,109,0,89,75,638,178,460,326,20,0,109,0,3,2,248,231,17,0,0,0,0,0,0,0,0,0,0,090,090
361190024042004,36,119,002404,2004,60,12,2,0,16,0,26,4,60,29,31,10,2,0,16,0,2,1,22,22,0,0,0,0,0,0,0,0,0,0,0,090,090
361190024042008,36,119,002404,2008,87,51,0,0,8,0,24,4,87,29,58,50,0,0,8,0,0,0,40,40,0,0,0,0,0,0,0,0,0,0,0,090,090
361190015051000,36,119,001505,1000,1756,716,457,8,100,1,328,146,1756,583,1173,624,413,2,100,0,14,20,985,915,70,0,0,0,0,0,0,0,0,0,0,089,089
361190036002004,36,119,003600,2004,121,14,41,0,1,0,42,23,121,51,70,7,40,0,1,0,14,8,41,36,5,0,0,0,0,0,0,0,0,0,0,089,089
361190015044001,36,119,001504,4001,253,199,12,2,10,0,11,19,253,36,217,195,9,2,9,0,0,2,86,86,0,0,0,0,0,0,0,0,0,0,0,090,090
361190015044003,36,119,001504,4003,71,31,3,3,10,0,17,7,71,25,46,28,3,0,10,0,0,5,33,28,5,0,0,0,0,0,0,0,0,0,0,089,089
361190015043010,36,119,001504,3010,167,110,13,1,6,0,16,21,167,37,130,106,13,1,6,0,0,4,63,51,12,0,0,0,0,0,0,0,0,0,0,089,089
361190015044002,36,119,001504,4002,99,55,1,0,20,0,17,6,99,20,79,55,1,0,20,0,0,3,38,37,1,0,0,0,0,0,0,0,0,0,0,089,089
361190015043009,36,119,001504,3009,244,174,23,0,0,0,30,17,244,64,180,164,13,0,0,0,0,3,103,103,0,0,0,0,0,0,0,0,0,0,0,089,089
361190015043008,36,119,001504,3008,215,139,17,0,13,1,25,20,215,37,178,139,17,0,12,1,0,9,73,72,1,0,0,0,0,0,0,0,0,0,0,089,089
361190015043002,36,119,001504,3002,130,95,12,0,4,0,10,9,130,16,114,94,12,0,4,0,2,2,41,41,0,0,0,0,0,0,0,0,0,0,0,089,089
361190015043007,36,119,001504,3007,52,23,6,3,1,0,6,13,52,12,40,23,6,0,1,0,5,5,19,19,0,0,0,0,0,0,0,0,0,0,0,089,089
361190024043001,36,119,002404,3001,298,166,17,2,21,0,39,53,298,85,213,164,17,0,21,0,4,7,108,108,0,0,0,0,0,0,0,0,0,0,0,090,090
361190024042007,36,119,002404,2007,73,39,0,0,10,0,21,3,73,21,52,39,0,0,10,0,2,1,34,34,0,0,0,0,0,0,0,0,0,0,0,090,090
361190109022014,36,119,010902,2014,51,28,17,0,0,0,0,6,51,7,44,25,17,0,0,0,0,2,11,11,0,0,0,0,0,0,0,0,0,0,0,092,092
361190024043000,36,119,002404,3000,82,37,23,0,3,0,11,8,82,23,59,33,19,0,3,0,0,4,28,28,0,0,0,0,0,0,0,0,0,0,0,090,090
361190024032006,36,119,002403,2006,77,54,4,2,0,0,14,3,77,22,55,53,1,0,0,0,0,1,34,34,0,0,0,0,0,0,0,0,0,0,0,090,090
361190024034003,36,119,002403,4003,96,45,9,3,14,0,13,12,96,25,71,43,2,3,14,0,7,2,26,24,2,0,0,0,0,0,0,0,0,0,0,090,090
361190024034001,36,119,002403,4001,66,45,1,0,6,0,3,11,66,20,46,35,1,0,6,0,0,4,23,23,0,0,0,0,0,0,0,0,0,0,0,090,090
361190024043006,36,119,002404,3006,150,86,9,0,0,0,24,31,150,56,94,74,8,0,0,0,1,11,64,54,10,0,0,0,0,0,0,0,0,0,0,090,090
361190024034002,36,119,002403,4002,108,64,3,1,4,0,14,22,108,40,68,59,3,0,4,0,0,2,32,32,0,3,0,0,0,0,0,3,0,0,3,090,090
361190024034006,36,119,002403,4006,106,55,2,0,7,0,23,19,106,47,59,51,0,0,7,0,0,1,34,34,0,0,0,0,0,0,0,0,0,0,0,090,090
361190015042005,36,119,001504,2005,106,65,2,0,16,0,10,13,106,24,82,60,0,0,16,0,0,6,40,40,0,0,0,0,0,0,0,0,0,0,0,089,089
361190015042004,36,119,001504,2004,108,68,10,0,3,1,15,11,108,29,79,60,6,0,2,1,2,8,27,27,0,0,0,0,0,0,0,0,0,0,0,089,089
361190015043000,36,119,001504,3000,87,63,1,0,9,0,8,6,87,16,71,60,0,0,9,0,0,2,28,28,0,0,0,0,0,0,0,0,0,0,0,089,089
361190015043006,36,119,001504,3006,173,99,6,0,0,0,46,22,173,71,102,95,2,0,0,0,2,3,59,56,3,0,0,0,0,0,0,0,0,0,0,089,089
361190015043004,36,119,001504,3004,57,37,4,1,2,0,8,5,57,21,36,29,4,0,2,0,1,0,22,22,0,0,0,0,0,0,0,0,0,0,0,089,089
361190015041002,36,119,001504,1002,898,481,139,0,59,0,130,89,898,240,658,449,127,0,59,0,5,18,444,408,36,0,0,0,0,0,0,0,0,0,0,089,089
361190015051004,36,119,001505,1004,0,0,0,0,0,0,0,0,0,0,0,0,0,0,0,0,0,0,0,0,0,0,0,0,0,0,0,0,0,0,0,089,089
361190021043002,36,119,002104,3002,42,6,12,0,16,0,1,7,42,5,37,5,10,0,16,0,1,5,12,12,0,0,0,0,0,0,0,0,0,0,0,090,090
361190041001002,36,119,004100,1002,0,0,0,0,0,0,0,0,0,0,0,0,0,0,0,0,0,0,0,0,0,0,0,0,0,0,0,0,0,0,0,089,089
361190118003036,36,119,011800,3036,14,12,0,0,1,0,0,1,14,1,13,12,0,0,1,0,0,0,5,5,0,0,0,0,0,0,0,0,0,0,0,092,092
361190118003051,36,119,011800,3051,0,0,0,0,0,0,0,0,0,0,0,0,0,0,0,0,0,0,0,0,0,0,0,0,0,0,0,0,0,0,0,092,092
361190114021017,36,119,011402,1017,56,41,1,0,5,0,4,5,56,6,50,41,0,0,5,0,0,4,15,15,0,0,0,0,0,0,0,0,0,0,0,092,092
361190114021013,36,119,011402,1013,19,13,1,0,1,0,0,4,19,6,13,10,1,0,1,0,0,1,5,5,0,0,0,0,0,0,0,0,0,0,0,092,092
361190114021021,36,119,011402,1021,72,48,1,0,7,0,8,8,72,10,62,47,0,0,7,0,6,2,19,19,0,0,0,0,0,0,0,0,0,0,0,092,092
361190114021022,36,119,011402,1022,20,7,0,0,11,0,2,0,20,4,16,5,0,0,11,0,0,0,1,1,0,20,0,0,0,0,0,20,0,0,20,092,092
361190114021014,36,119,011402,1014,15,13,2,0,0,0,0,0,15,2,13,11,2,0,0,0,0,0,9,0,9,0,0,0,0,0,0,0,0,0,0,092,092
361190113001014,36,119,011300,1014,80,61,5,0,3,0,4,7,80,7,73,60,5,0,3,0,0,5,22,22,0,0,0,0,0,0,0,0,0,0,0,092,092
361190105004011,36,119,010500,4011,484,305,87,0,12,0,15,65,484,54,430,296,82,0,12,0,3,37,161,161,0,6,6,0,6,0,0,0,0,0,0,092,092
361190113005001,36,119,011300,5001,65,50,0,0,5,0,0,10,65,4,61,50,0,0,5,0,0,6,20,12,8,0,0,0,0,0,0,0,0,0,0,092,092
361190113005005,36,119,011300,5005,22,7,1,0,3,0,5,6,22,5,17,7,1,0,3,0,5,1,4,4,0,0,0,0,0,0,0,0,0,0,0,092,092
361190113005004,36,119,011300,5004,47,35,0,0,0,0,2,10,47,3,44,35,0,0,0,0,0,9,13,7,6,0,0,0,0,0,0,0,0,0,0,092,092
361190113005008,36,119,011300,5008,23,15,2,0,0,0,0,6,23,3,20,13,2,0,0,0,0,5,4,4,0,0,0,0,0,0,0,0,0,0,0,092,092
361190118003031,36,119,011800,3031,44,38,0,0,5,0,0,1,44,1,43,38,0,0,5,0,0,0,15,7,8,0,0,0,0,0,0,0,0,0,0,092,092
361190112002010,36,119,011200,2010,0,0,0,0,0,0,0,0,0,0,0,0,0,0,0,0,0,0,0,0,0,0,0,0,0,0,0,0,0,0,0,092,092
361190109033007,36,119,010903,3007,46,28,11,0,1,0,4,2,46,8,38,26,11,0,1,0,0,0,19,19,0,0,0,0,0,0,0,0,0,0,0,092,092
361190112002033,36,119,011200,2033,27,7,0,0,1,0,8,11,27,13,14,7,0,0,1,0,0,6,6,4,2,0,0,0,0,0,0,0,0,0,0,092,092
361190112002032,36,119,011200,2032,38,22,0,1,3,0,6,6,38,14,24,21,0,0,3,0,0,0,9,9,0,0,0,0,0,0,0,0,0,0,0,092,092
361199810001003,36,119,981000,1003,11,0,0,1,0,0,9,1,11,10,1,0,0,0,0,0,0,1,3,3,0,0,0,0,0,0,0,0,0,0,0,092,092
361190007011004,36,119,000701,1004,65,31,5,1,6,0,4,18,65,21,44,28,4,0,6,0,3,3,18,12,6,0,0,0,0,0,0,0,0,0,0,090,090
361190120003024,36,119,012000,3024,15,15,0,0,0,0,0,0,15,2,13,13,0,0,0,0,0,0,10,10,0,0,0,0,0,0,0,0,0,0,0,092,092
361190114021008,36,119,011402,1008,0,0,0,0,0,0,0,0,0,0,0,0,0,0,0,0,0,0,0,0,0,0,0,0,0,0,0,0,0,0,0,092,092
361190122022015,36,119,012202,2015,17,9,0,0,2,0,3,3,17,7,10,8,0,0,2,0,0,0,9,9,0,0,0,0,0,0,0,0,0,0,0,092,092
361190017014000,36,119,001701,4000,126,64,6,2,3,0,41,10,126,51,75,60,6,2,3,0,0,4,52,52,0,0,0,0,0,0,0,0,0,0,0,090,090
361190114012012,36,119,011401,2012,0,0,0,0,0,0,0,0,0,0,0,0,0,0,0,0,0,0,0,0,0,0,0,0,0,0,0,0,0,0,0,092,092
361190030002004,36,119,003000,2004,99,5,58,0,1,0,25,10,99,27,72,5,58,0,1,0,4,4,34,28,6,0,0,0,0,0,0,0,0,0,0,089,089
361190030002006,36,119,003000,2006,327,2,293,0,5,0,13,14,327,22,305,0,288,0,5,0,5,7,139,138,1,0,0,0,0,0,0,0,0,0,0,089,089
361190035001004,36,119,003500,1004,221,11,130,0,0,0,46,34,221,85,136,11,120,0,0,0,0,5,83,83,0,0,0,0,0,0,0,0,0,0,0,089,089
361190035001001,36,119,003500,1001,310,4,201,1,2,0,64,38,310,90,220,2,191,0,1,0,11,15,145,135,10,0,0,0,0,0,0,0,0,0,0,089,089
361190035001002,36,119,003500,1002,147,7,80,0,4,0,32,24,147,52,95,2,80,0,4,0,8,1,54,54,0,0,0,0,0,0,0,0,0,0,0,089,089
361190030002008,36,119,003000,2008,418,4,349,0,19,0,19,27,418,10,408,4,347,0,19,0,19,19,141,141,0,0,0,0,0,0,0,0,0,0,0,089,089
361190035001006,36,119,003500,1006,38,2,17,1,3,0,14,1,38,13,25,2,17,0,3,0,2,1,24,16,8,0,0,0,0,0,0,0,0,0,0,089,089
361190030002001,36,119,003000,2001,0,0,0,0,0,0,0,0,0,0,0,0,0,0,0,0,0,0,0,0,0,0,0,0,0,0,0,0,0,0,0,089,089
361190030002002,36,119,003000,2002,219,13,173,0,0,2,21,10,219,26,193,13,172,0,0,2,0,6,79,79,0,0,0,0,0,0,0,0,0,0,0,089,089
361190024053000,36,119,002405,3000,51,24,0,0,15,0,8,4,51,15,36,21,0,0,13,0,0,2,16,16,0,0,0,0,0,0,0,0,0,0,0,090,090
361190024042001,36,119,002404,2001,50,20,2,4,1,0,16,7,50,19,31,20,2,1,1,0,3,4,21,21,0,0,0,0,0,0,0,0,0,0,0,090,090
361190024042003,36,119,002404,2003,118,42,17,0,14,0,39,6,118,54,64,34,14,0,14,0,0,2,43,43,0,0,0,0,0,0,0,0,0,0,0,090,090
361190024042009,36,119,002404,2009,63,35,10,1,6,0,9,2,63,24,39,27,5,1,6,0,0,0,18,9,9,0,0,0,0,0,0,0,0,0,0,090,090
361190151001010,36,119,015100,1010,28,17,3,0,1,0,2,5,28,7,21,17,3,0,1,0,0,0,14,14,0,0,0,0,0,0,0,0,0,0,0,089,089
361190151001020,36,119,015100,1020,35,11,13,0,5,0,0,6,35,7,28,11,12,0,5,0,0,0,14,13,1,0,0,0,0,0,0,0,0,0,0,089,089
361190013051004,36,119,001305,1004,91,9,20,6,23,0,20,13,91,53,38,0,12,2,23,0,0,1,33,29,4,0,0,0,0,0,0,0,0,0,0,089,089
361190042004002,36,119,004200,4002,42,0,30,0,6,0,1,5,42,10,32,0,29,0,1,0,0,2,10,8,2,0,0,0,0,0,0,0,0,0,0,089,089
361190116022000,36,119,011602,2000,327,81,8,2,0,0,162,74,327,266,61,45,8,0,0,0,2,6,105,103,2,0,0,0,0,0,0,0,0,0,0,092,092
361190005012017,36,119,000501,2017,223,16,52,0,24,0,94,37,223,143,80,2,44,0,24,0,0,10,85,78,7,0,0,0,0,0,0,0,0,0,0,090,090
361190121021001,36,119,012102,1001,29,22,0,0,1,0,0,6,29,6,23,22,0,0,1,0,0,0,11,11,0,0,0,0,0,0,0,0,0,0,0,092,092
361190121022006,36,119,012102,2006,62,43,1,0,12,0,3,3,62,6,56,42,1,0,12,0,0,1,37,37,0,0,0,0,0,0,0,0,0,0,0,092,092
361199810001007,36,119,981000,1007,0,0,0,0,0,0,0,0,0,0,0,0,0,0,0,0,0,0,0,0,0,0,0,0,0,0,0,0,0,0,0,092,092
361190120001030,36,119,012000,1030,26,22,0,0,4,0,0,0,26,0,26,22,0,0,4,0,0,0,10,10,0,0,0,0,0,0,0,0,0,0,0,092,092
361190120001014,36,119,012000,1014,35,34,0,0,1,0,0,0,35,1,34,33,0,0,1,0,0,0,14,14,0,0,0,0,0,0,0,0,0,0,0,092,092
361190120001045,36,119,012000,1045,15,8,0,0,0,0,0,7,15,7,8,8,0,0,0,0,0,0,8,8,0,0,0,0,0,0,0,0,0,0,0,092,092
361190120001052,36,119,012000,1052,20,17,0,0,2,0,1,0,20,0,20,17,0,0,2,0,1,0,9,9,0,0,0,0,0,0,0,0,0,0,0,092,092
361190119021033,36,119,011902,1033,0,0,0,0,0,0,0,0,0,0,0,0,0,0,0,0,0,0,0,0,0,0,0,0,0,0,0,0,0,0,0,092,092
361190110002000,36,119,011000,2000,64,7,16,3,9,0,18,11,64,33,31,7,13,1,9,0,0,1,23,23,0,0,0,0,0,0,0,0,0,0,0,092,092
361190151002004,36,119,015100,2004,52,41,1,0,5,0,0,5,52,0,52,41,1,0,5,0,0,5,12,12,0,0,0,0,0,0,0,0,0,0,0,089,089
361190151002003,36,119,015100,2003,26,16,1,0,1,0,2,6,26,7,19,14,1,0,1,0,0,3,7,7,0,0,0,0,0,0,0,0,0,0,0,089,089
361190151002019,36,119,015100,2019,84,52,25,0,3,0,0,4,84,4,80,52,25,0,3,0,0,0,32,27,5,0,0,0,0,0,0,0,0,0,0,089,089
361190151002016,36,119,015100,2016,32,16,8,0,0,0,2,6,32,3,29,15,8,0,0,0,0,6,9,9,0,0,0,0,0,0,0,0,0,0,0,089,089
361190042002006,36,119,004200,2006,165,24,97,3,0,0,13,28,165,28,137,23,97,0,0,0,7,10,51,51,0,0,0,0,0,0,0,0,0,0,0,089,089
361190042001017,36,119,004200,1017,30,10,16,0,0,0,3,1,30,7,23,6,16,0,0,0,0,1,11,11,0,0,0,0,0,0,0,0,0,0,0,089,089
361190042001010,36,119,004200,1010,47,19,11,0,4,0,0,13,47,11,36,19,11,0,4,0,0,2,17,16,1,0,0,0,0,0,0,0,0,0,0,089,089
361190042001016,36,119,004200,1016,33,20,7,0,0,0,0,6,33,1,32,19,7,0,0,0,0,6,7,7,0,0,0,0,0,0,0,0,0,0,0,089,089
361190109023028,36,119,010902,3028,151,27,64,0,30,0,13,17,151,25,126,27,60,0,30,0,0,9,64,64,0,0,0,0,0,0,0,0,0,0,0,092,092
361190151002021,36,119,015100,2021,47,30,0,0,7,0,3,7,47,7,40,28,0,0,7,0,3,2,18,10,8,0,0,0,0,0,0,0,0,0,0,089,089
361190151002017,36,119,015100,2017,0,0,0,0,0,0,0,0,0,0,0,0,0,0,0,0,0,0,0,0,0,0,0,0,0,0,0,0,0,0,0,089,089
361190042002008,36,119,004200,2008,70,15,34,1,5,0,5,10,70,24,46,10,26,0,5,0,3,2,15,15,0,0,0,0,0,0,0,0,0,0,0,089,089
361190116011009,36,119,011601,1009,0,0,0,0,0,0,0,0,0,0,0,0,0,0,0,0,0,0,0,0,0,0,0,0,0,0,0,0,0,0,0,092,092
361190115003002,36,119,011500,3002,56,23,2,0,0,0,11,20,56,28,28,23,2,0,0,0,0,3,21,9,12,0,0,0,0,0,0,0,0,0,0,092,092
361190115003000,36,119,011500,3000,73,43,0,2,1,0,17,10,73,33,40,38,0,0,1,0,0,1,30,28,2,0,0,0,0,0,0,0,0,0,0,092,092
361190114012006,36,119,011401,2006,178,123,9,0,14,0,11,21,178,23,155,116,9,0,14,0,4,12,55,52,3,6,0,0,0,0,0,6,0,0,6,092,092
361190115003011,36,119,011500,3011,123,54,0,1,0,0,40,28,123,67,56,54,0,0,0,0,1,1,50,50,0,0,0,0,0,0,0,0,0,0,0,092,092
361190115003012,36,119,011500,3012,24,12,2,1,6,0,0,3,24,6,18,11,1,0,6,0,0,0,10,10,0,0,0,0,0,0,0,0,0,0,0,092,092
361190115003014,36,119,011500,3014,29,25,1,0,0,0,0,3,29,3,26,23,1,0,0,0,0,2,15,15,0,0,0,0,0,0,0,0,0,0,0,092,092
361190115003013,36,119,011500,3013,43,34,1,0,3,0,1,4,43,7,36,33,1,0,2,0,0,0,25,25,0,0,0,0,0,0,0,0,0,0,0,092,092
361190115003016,36,119,011500,3016,14,2,6,0,0,0,0,6,14,0,14,2,6,0,0,0,0,6,4,4,0,0,0,0,0,0,0,0,0,0,0,092,092
361190114012010,36,119,011401,2010,109,67,0,0,7,0,18,17,109,32,77,62,0,0,7,0,0,8,58,58,0,0,0,0,0,0,0,0,0,0,0,092,092
361190114012011,36,119,011401,2011,47,39,2,0,2,0,0,4,47,1,46,38,2,0,2,0,0,4,30,26,4,0,0,0,0,0,0,0,0,0,0,092,092
361190151001017,36,119,015100,1017,63,2,51,0,4,0,1,5,63,6,57,2,51,0,4,0,0,0,25,25,0,0,0,0,0,0,0,0,0,0,0,089,089
361190151001016,36,119,015100,1016,0,0,0,0,0,0,0,0,0,0,0,0,0,0,0,0,0,0,0,0,0,0,0,0,0,0,0,0,0,0,0,089,089
361190040021004,36,119,004002,1004,165,39,71,6,3,0,33,13,165,31,134,34,71,0,3,0,18,8,75,70,5,0,0,0,0,0,0,0,0,0,0,089,089
361190042002009,36,119,004200,2009,96,11,68,0,0,0,0,17,96,21,75,11,61,0,0,0,0,3,21,3,18,0,0,0,0,0,0,0,0,0,0,089,089
361190151001007,36,119,015100,1007,15,5,4,0,1,0,3,2,15,5,10,5,4,0,0,0,0,1,1,1,0,0,0,0,0,0,0,0,0,0,0,089,089
361190151001012,36,119,015100,1012,37,12,8,0,2,0,3,12,37,6,31,12,8,0,2,0,3,6,9,9,0,0,0,0,0,0,0,0,0,0,0,089,089
361190151001006,36,119,015100,1006,80,35,34,0,0,1,0,10,80,7,73,31,34,0,0,1,0,7,28,28,0,4,0,0,0,0,0,4,0,0,4,089,089
361190151001025,36,119,015100,1025,49,15,22,0,5,0,2,5,49,3,46,15,22,0,5,0,0,4,12,12,0,0,0,0,0,0,0,0,0,0,0,089,089
361190151001024,36,119,015100,1024,61,16,31,0,0,0,5,9,61,9,52,16,31,0,0,0,0,5,14,14,0,0,0,0,0,0,0,0,0,0,0,089,089
361190151001022,36,119,015100,1022,50,9,34,1,5,0,0,1,50,2,48,9,34,0,5,0,0,0,13,13,0,0,0,0,0,0,0,0,0,0,0,089,089
361190151001023,36,119,015100,1023,53,16,32,0,0,0,4,1,53,5,48,15,32,0,0,0,0,1,13,13,0,0,0,0,0,0,0,0,0,0,0,089,089
361190042004003,36,119,004200,4003,184,26,130,0,2,0,7,19,184,25,159,17,128,0,2,0,1,11,92,91,1,0,0,0,0,0,0,0,0,0,0,089,089
361190022042004,36,119,002204,2004,40,20,3,0,0,0,9,8,40,14,26,20,3,0,0,0,0,3,9,9,0,0,0,0,0,0,0,0,0,0,0,090,090
361190001031002,36,119,000103,1002,123,14,23,1,0,0,63,22,123,89,34,7,21,1,0,0,1,4,58,37,21,0,0,0,0,0,0,0,0,0,0,089,089
361190004013001,36,119,000401,3001,1120,304,399,3,79,0,193,142,1120,339,781,270,384,0,79,0,12,36,714,654,60,0,0,0,0,0,0,0,0,0,0,089,089
361190022042011,36,119,002204,2011,0,0,0,0,0,0,0,0,0,0,0,0,0,0,0,0,0,0,0,0,0,0,0,0,0,0,0,0,0,0,0,090,090
361190022041020,36,119,002204,1020,0,0,0,0,0,0,0,0,0,0,0,0,0,0,0,0,0,0,0,0,0,0,0,0,0,0,0,0,0,0,0,090,090
361190022042009,36,119,002204,2009,131,73,12,1,1,0,29,15,131,54,77,70,6,0,0,0,0,1,81,76,5,0,0,0,0,0,0,0,0,0,0,090,090
361190024035007,36,119,002403,5007,0,0,0,0,0,0,0,0,0,0,0,0,0,0,0,0,0,0,0,0,0,0,0,0,0,0,0,0,0,0,0,090,090
361190024031006,36,119,002403,1006,172,95,13,0,9,0,39,16,172,49,123,90,13,0,9,0,0,11,64,64,0,0,0,0,0,0,0,0,0,0,0,090,090
361190024031007,36,119,002403,1007,419,171,98,5,17,0,84,44,419,167,252,138,92,0,17,0,1,4,217,197,20,0,0,0,0,0,0,0,0,0,0,090,090
361190024022005,36,119,002402,2005,0,0,0,0,0,0,0,0,0,0,0,0,0,0,0,0,0,0,0,0,0,0,0,0,0,0,0,0,0,0,0,090,090
361190037003001,36,119,003700,3001,23,3,1,1,4,0,2,12,23,9,14,1,1,0,4,0,2,6,1,1,0,0,0,0,0,0,0,0,0,0,0,089,089
361190037003002,36,119,003700,3002,0,0,0,0,0,0,0,0,0,0,0,0,0,0,0,0,0,0,0,0,0,0,0,0,0,0,0,0,0,0,0,089,089
361190024035003,36,119,002403,5003,155,74,12,0,10,0,17,42,155,55,100,72,12,0,10,0,0,6,58,40,18,0,0,0,0,0,0,0,0,0,0,090,090
361190024034009,36,119,002403,4009,101,41,15,1,3,0,32,9,101,51,50,29,15,1,3,0,0,2,37,37,0,0,0,0,0,0,0,0,0,0,0,089,090
361190015041003,36,119,001504,1003,364,165,61,0,20,0,73,45,364,133,231,143,61,0,20,0,1,6,197,181,16,0,0,0,0,0,0,0,0,0,0,089,089
361190024035009,36,119,002403,5009,30,10,0,0,6,0,7,7,30,8,22,10,0,0,3,0,6,3,6,1,5,0,0,0,0,0,0,0,0,0,0,090,090
361190001041000,36,119,000104,1000,706,262,185,1,51,0,129,78,706,243,463,214,171,1,51,0,5,21,461,413,48,0,0,0,0,0,0,0,0,0,0,089,089
361190002032001,36,119,000203,2001,0,0,0,0,0,0,0,0,0,0,0,0,0,0,0,0,0,0,0,0,0,0,0,0,0,0,0,0,0,0,0,089,089
361190004013004,36,119,000401,3004,0,0,0,0,0,0,0,0,0,0,0,0,0,0,0,0,0,0,0,0,0,0,0,0,0,0,0,0,0,0,0,089,089
361190002022005,36,119,000202,2005,0,0,0,0,0,0,0,0,0,0,0,0,0,0,0,0,0,0,0,0,0,0,0,0,0,0,0,0,0,0,0,089,089
361190001033008,36,119,000103,3008,234,30,72,21,5,0,79,27,234,153,81,5,70,0,5,0,0,1,66,66,0,0,0,0,0,0,0,0,0,0,0,089,089
361190002023004,36,119,000202,3004,110,46,15,2,9,0,18,20,110,47,63,40,11,1,9,0,0,2,29,29,0,0,0,0,0,0,0,0,0,0,0,089,089
361190002023002,36,119,000202,3002,59,29,5,0,0,0,7,18,59,27,32,19,5,0,0,0,1,7,16,16,0,0,0,0,0,0,0,0,0,0,0,089,089
361190002023008,36,119,000202,3008,185,30,36,5,8,0,65,41,185,133,52,10,29,0,8,0,0,5,52,46,6,0,0,0,0,0,0,0,0,0,0,089,089
361190002033004,36,119,000203,3004,42,19,3,1,9,0,1,9,42,13,29,15,1,1,9,0,1,2,10,8,2,0,0,0,0,0,0,0,0,0,0,089,089
361190002032000,36,119,000203,2000,21,8,1,0,0,0,12,0,21,17,4,3,1,0,0,0,0,0,0,0,0,21,21,0,21,0,0,0,0,0,0,089,089
361190007023005,36,119,000702,3005,95,8,34,0,4,0,28,21,95,46,49,5,32,0,4,0,0,8,33,33,0,0,0,0,0,0,0,0,0,0,0,089,089
361190004041000,36,119,000404,1000,89,18,40,2,5,0,10,14,89,37,52,7,29,2,5,0,6,3,25,25,0,0,0,0,0,0,0,0,0,0,0,089,089
361190024034011,36,119,002403,4011,0,0,0,0,0,0,0,0,0,0,0,0,0,0,0,0,0,0,0,0,0,0,0,0,0,0,0,0,0,0,0,089,089
361190015051001,36,119,001505,1001,147,55,8,0,22,0,32,30,147,59,88,52,2,0,20,0,1,13,42,29,13,0,0,0,0,0,0,0,0,0,0,089,089
361190004034002,36,119,000403,4002,90,7,41,0,2,0,12,28,90,43,47,7,37,0,0,0,0,3,24,24,0,0,0,0,0,0,0,0,0,0,0,089,089
361190004042001,36,119,000404,2001,127,6,49,0,1,0,52,19,127,73,54,5,40,0,1,0,0,8,39,39,0,0,0,0,0,0,0,0,0,0,0,089,089
361190024011002,36,119,002401,1002,154,99,14,0,9,0,17,15,154,38,116,87,14,0,9,0,0,6,84,80,4,0,0,0,0,0,0,0,0,0,0,090,090
361190011022005,36,119,001102,2005,126,24,26,6,0,0,45,25,126,69,57,15,26,4,0,0,6,6,52,52,0,0,0,0,0,0,0,0,0,0,0,090,090
361190118003053,36,119,011800,3053,0,0,0,0,0,0,0,0,0,0,0,0,0,0,0,0,0,0,0,0,0,0,0,0,0,0,0,0,0,0,0,092,092
361190009003002,36,119,000900,3002,50,13,6,0,3,0,21,7,50,28,22,13,6,0,3,0,0,0,25,25,0,0,0,0,0,0,0,0,0,0,0,092,090
361190009003003,36,119,000900,3003,0,0,0,0,0,0,0,0,0,0,0,0,0,0,0,0,0,0,0,0,0,0,0,0,0,0,0,0,0,0,0,092,092
361190009003004,36,119,000900,3004,55,24,3,0,0,0,20,8,55,28,27,23,3,0,0,0,0,1,10,5,5,0,0,0,0,0,0,0,0,0,0,092,092
361190111013022,36,119,011101,3022,22,14,5,2,0,0,0,1,22,5,17,14,1,2,0,0,0,0,4,4,0,0,0,0,0,0,0,0,0,0,0,092,092
361190112002034,36,119,011200,2034,0,0,0,0,0,0,0,0,0,0,0,0,0,0,0,0,0,0,0,0,0,0,0,0,0,0,0,0,0,0,0,092,092
361190112002026,36,119,011200,2026,16,5,2,1,1,0,0,7,16,8,8,4,2,0,1,0,0,1,7,6,1,0,0,0,0,0,0,0,0,0,0,092,092
361190113001005,36,119,011300,1005,0,0,0,0,0,0,0,0,0,0,0,0,0,0,0,0,0,0,0,0,0,0,0,0,0,0,0,0,0,0,0,092,092
361190103002012,36,119,010300,2012,4,0,2,0,0,0,2,0,4,2,2,0,2,0,0,0,0,0,0,0,0,4,4,0,4,0,0,0,0,0,0,092,092
361190022041013,36,119,002204,1013,0,0,0,0,0,0,0,0,0,0,0,0,0,0,0,0,0,0,0,0,0,0,0,0,0,0,0,0,0,0,0,090,090
361190023002007,36,119,002300,2007,25,10,3,1,0,0,5,6,25,12,13,9,3,0,0,0,0,1,6,6,0,0,0,0,0,0,0,0,0,0,0,090,090
361190023002000,36,119,002300,2000,302,180,22,3,32,0,21,44,302,91,211,152,20,3,32,0,3,1,162,155,7,0,0,0,0,0,0,0,0,0,0,090,090
361190023002008,36,119,002300,2008,119,76,0,0,15,0,15,13,119,33,86,71,0,0,15,0,0,0,52,52,0,0,0,0,0,0,0,0,0,0,0,090,090
361190024011015,36,119,002401,1015,107,74,9,0,13,0,0,11,107,18,89,65,9,0,13,0,0,2,44,42,2,0,0,0,0,0,0,0,0,0,0,090,090
361190023002019,36,119,002300,2019,76,44,13,0,9,0,4,6,76,13,63,41,13,0,9,0,0,0,33,33,0,0,0,0,0,0,0,0,0,0,0,090,090
361190023002010,36,119,002300,2010,34,18,1,0,6,0,4,5,34,8,26,18,0,0,6,0,1,1,16,16,0,0,0,0,0,0,0,0,0,0,0,090,090
361190024011016,36,119,002401,1016,142,90,8,0,7,0,19,18,142,37,105,84,8,0,7,0,4,2,42,41,1,0,0,0,0,0,0,0,0,0,0,090,090
361190023002011,36,119,002300,2011,0,0,0,0,0,0,0,0,0,0,0,0,0,0,0,0,0,0,0,0,0,0,0,0,0,0,0,0,0,0,0,090,090
361190024011010,36,119,002401,1010,22,3,0,0,2,0,1,16,22,15,7,2,0,0,2,0,0,3,11,11,0,0,0,0,0,0,0,0,0,0,0,090,090
361190024011013,36,119,002401,1013,14,8,0,0,0,0,3,3,14,3,11,8,0,0,0,0,0,3,3,0,3,0,0,0,0,0,0,0,0,0,0,090,090
361190024011012,36,119,002401,1012,41,20,0,1,5,0,10,5,41,15,26,18,0,1,5,0,0,2,15,15,0,0,0,0,0,0,0,0,0,0,0,090,090
361190024011009,36,119,002401,1009,0,0,0,0,0,0,0,0,0,0,0,0,0,0,0,0,0,0,0,0,0,0,0,0,0,0,0,0,0,0,0,090,090
361190009001015,36,119,000900,1015,69,35,0,0,0,0,18,16,69,33,36,35,0,0,0,0,0,1,17,11,6,0,0,0,0,0,0,0,0,0,0,092,090
361190019001000,36,119,001900,1000,239,133,21,7,32,0,26,20,239,60,179,121,20,0,31,0,1,6,76,76,0,0,0,0,0,0,0,0,0,0,0,090,090
361190018001001,36,119,001800,1001,65,0,30,0,8,0,17,10,65,20,45,0,30,0,8,0,4,3,19,19,0,0,0,0,0,0,0,0,0,0,0,090,090
361190107011034,36,119,010701,1034,32,24,0,0,3,0,1,4,32,4,28,24,0,0,3,0,0,1,25,25,0,0,0,0,0,0,0,0,0,0,0,092,092
361190106003028,36,119,010600,3028,73,48,5,0,6,0,5,9,73,16,57,46,5,0,6,0,0,0,16,16,0,0,0,0,0,0,0,0,0,0,0,092,092
361190106003026,36,119,010600,3026,37,22,4,0,0,0,2,9,37,15,22,16,4,0,0,0,0,2,8,8,0,0,0,0,0,0,0,0,0,0,0,092,092
361190106002007,36,119,010600,2007,136,99,2,0,23,0,7,5,136,10,126,99,2,0,23,0,0,2,44,44,0,0,0,0,0,0,0,0,0,0,0,092,092
361190024011006,36,119,002401,1006,30,16,3,0,4,0,3,4,30,11,19,14,1,0,4,0,0,0,9,1,8,0,0,0,0,0,0,0,0,0,0,090,090
361190109032015,36,119,010903,2015,138,5,63,3,7,0,45,15,138,60,78,4,63,0,7,0,0,4,42,42,0,0,0,0,0,0,0,0,0,0,0,092,092
361190109032017,36,119,010903,2017,69,6,29,0,0,0,26,8,69,38,31,0,29,0,0,0,0,2,22,22,0,0,0,0,0,0,0,0,0,0,0,092,092
361190109023005,36,119,010902,3005,54,24,4,0,6,0,4,16,54,14,40,20,4,0,6,0,1,9,18,18,0,0,0,0,0,0,0,0,0,0,0,092,092
361190109023004,36,119,010902,3004,340,166,101,0,54,0,10,9,340,32,308,153,99,0,51,0,0,5,146,138,8,0,0,0,0,0,0,0,0,0,0,092,092
361190109023007,36,119,010902,3007,0,0,0,0,0,0,0,0,0,0,0,0,0,0,0,0,0,0,0,0,0,0,0,0,0,0,0,0,0,0,0,092,092
361190109023006,36,119,010902,3006,0,0,0,0,0,0,0,0,0,0,0,0,0,0,0,0,0,0,0,0,0,0,0,0,0,0,0,0,0,0,0,092,092
361190109034014,36,119,010903,4014,42,6,22,0,2,0,7,5,42,12,30,6,21,0,2,0,0,1,14,14,0,0,0,0,0,0,0,0,0,0,0,092,092
361190109034015,36,119,010903,4015,52,5,10,0,2,0,17,18,52,34,18,5,10,0,2,0,1,0,10,10,0,0,0,0,0,0,0,0,0,0,0,092,092
361190109034001,36,119,010903,4001,28,0,7,1,1,0,9,10,28,18,10,0,6,0,0,0,1,3,6,6,0,0,0,0,0,0,0,0,0,0,0,092,092
361190109023025,36,119,010902,3025,0,0,0,0,0,0,0,0,0,0,0,0,0,0,0,0,0,0,0,0,0,0,0,0,0,0,0,0,0,0,0,092,092
361190020004000,36,119,002000,4000,301,139,39,0,59,0,49,15,301,82,219,120,38,0,59,0,2,0,101,101,0,0,0,0,0,0,0,0,0,0,0,090,090
361190022031005,36,119,002203,1005,0,0,0,0,0,0,0,0,0,0,0,0,0,0,0,0,0,0,0,0,0,0,0,0,0,0,0,0,0,0,0,090,090
361190112004037,36,119,011200,4037,107,19,13,2,3,0,62,8,107,72,35,19,12,0,3,0,0,1,31,31,0,0,0,0,0,0,0,0,0,0,0,092,092
361190112002009,36,119,011200,2009,0,0,0,0,0,0,0,0,0,0,0,0,0,0,0,0,0,0,0,0,0,0,0,0,0,0,0,0,0,0,0,092,092
361190112003017,36,119,011200,3017,51,6,7,0,0,0,14,24,51,44,7,0,7,0,0,0,0,0,21,21,0,0,0,0,0,0,0,0,0,0,0,092,092
361190112002014,36,119,011200,2014,0,0,0,0,0,0,0,0,0,0,0,0,0,0,0,0,0,0,0,0,0,0,0,0,0,0,0,0,0,0,0,092,092
361190112003014,36,119,011200,3014,89,28,24,2,4,0,25,6,89,33,56,28,24,0,4,0,0,0,41,39,2,0,0,0,0,0,0,0,0,0,0,092,092
361190112003015,36,119,011200,3015,21,11,6,0,0,0,1,3,21,7,14,9,5,0,0,0,0,0,7,7,0,0,0,0,0,0,0,0,0,0,0,092,092
361190112002020,36,119,011200,2020,175,94,38,0,20,0,7,16,175,31,144,86,36,0,20,0,0,2,89,87,2,0,0,0,0,0,0,0,0,0,0,092,092
361190112002031,36,119,011200,2031,36,17,0,0,10,0,5,4,36,11,25,14,0,0,10,0,0,1,12,7,5,0,0,0,0,0,0,0,0,0,0,092,092
361190109033023,36,119,010903,3023,35,10,7,0,12,0,0,6,35,3,32,10,7,0,12,0,0,3,10,6,4,0,0,0,0,0,0,0,0,0,0,092,092
361190109033022,36,119,010903,3022,34,16,1,0,8,0,4,5,34,9,25,16,1,0,8,0,0,0,10,4,6,0,0,0,0,0,0,0,0,0,0,092,092
361190017022000,36,119,001702,2000,233,129,17,6,28,0,30,23,233,77,156,112,15,0,27,0,0,2,124,121,3,0,0,0,0,0,0,0,0,0,0,090,090
361190105002019,36,119,010500,2019,0,0,0,0,0,0,0,0,0,0,0,0,0,0,0,0,0,0,0,0,0,0,0,0,0,0,0,0,0,0,0,092,092
361190107011019,36,119,010701,1019,0,0,0,0,0,0,0,0,0,0,0,0,0,0,0,0,0,0,0,0,0,0,0,0,0,0,0,0,0,0,0,092,092
361190105002015,36,119,010500,2015,0,0,0,0,0,0,0,0,0,0,0,0,0,0,0,0,0,0,0,0,0,0,0,0,0,0,0,0,0,0,0,092,092
361190102005001,36,119,010200,5001,0,0,0,0,0,0,0,0,0,0,0,0,0,0,0,0,0,0,0,0,0,0,0,0,0,0,0,0,0,0,0,092,092
361190021051003,36,119,002105,1003,32,23,2,0,3,0,0,4,32,1,31,23,2,0,3,0,0,3,7,7,0,0,0,0,0,0,0,0,0,0,0,090,090
361190021051005,36,119,002105,1005,30,19,0,2,4,0,0,5,30,6,24,19,0,0,4,0,0,1,11,9,2,0,0,0,0,0,0,0,0,0,0,090,090
361190021052008,36,119,002105,2008,59,45,3,0,11,0,0,0,59,2,57,45,1,0,11,0,0,0,20,20,0,0,0,0,0,0,0,0,0,0,0,090,090
361190021052010,36,119,002105,2010,62,49,2,0,5,0,0,6,62,7,55,49,2,0,4,0,0,0,23,23,0,0,0,0,0,0,0,0,0,0,0,090,090
361190112004030,36,119,011200,4030,32,1,3,0,0,0,24,4,32,28,4,1,3,0,0,0,0,0,15,13,2,0,0,0,0,0,0,0,0,0,0,092,092
361190112004031,36,119,011200,4031,44,27,9,1,1,0,4,2,44,14,30,22,6,0,1,0,0,1,15,15,0,0,0,0,0,0,0,0,0,0,0,092,092
361190109033016,36,119,010903,3016,0,0,0,0,0,0,0,0,0,0,0,0,0,0,0,0,0,0,0,0,0,0,0,0,0,0,0,0,0,0,0,092,092
361190109033015,36,119,010903,3015,0,0,0,0,0,0,0,0,0,0,0,0,0,0,0,0,0,0,0,0,0,0,0,0,0,0,0,0,0,0,0,092,092
361190112001003,36,119,011200,1003,48,1,4,1,5,0,20,17,48,37,11,0,4,0,5,0,0,2,12,12,0,0,0,0,0,0,0,0,0,0,0,092,092
361190112004039,36,119,011200,4039,30,3,0,1,1,0,12,13,30,22,8,3,0,1,1,0,2,1,4,4,0,5,0,0,0,0,0,5,0,0,5,092,092
361190112001007,36,119,011200,1007,116,30,14,8,0,0,35,29,116,74,42,27,14,1,0,0,0,0,39,39,0,0,0,0,0,0,0,0,0,0,0,092,092
361190112001015,36,119,011200,1015,155,46,19,0,26,0,42,22,155,74,81,36,19,0,26,0,0,0,58,58,0,0,0,0,0,0,0,0,0,0,0,092,092
361190109033029,36,119,010903,3029,0,0,0,0,0,0,0,0,0,0,0,0,0,0,0,0,0,0,0,0,0,0,0,0,0,0,0,0,0,0,0,092,092
361190112002029,36,119,011200,2029,17,7,2,0,4,0,0,4,17,2,15,7,2,0,4,0,0,2,6,6,0,0,0,0,0,0,0,0,0,0,0,092,092
361190112001009,36,119,011200,1009,77,30,2,1,0,0,36,8,77,54,23,21,2,0,0,0,0,0,21,21,0,0,0,0,0,0,0,0,0,0,0,092,092
361190112001017,36,119,011200,1017,76,31,14,1,11,0,19,0,76,21,55,29,14,1,11,0,0,0,25,21,4,0,0,0,0,0,0,0,0,0,0,092,092
361190112004036,36,119,011200,4036,177,52,15,3,6,0,69,32,177,105,72,47,14,3,6,0,2,0,58,55,3,6,0,0,0,0,0,6,0,0,6,092,092
361190112001012,36,119,011200,1012,29,13,0,2,0,0,8,6,29,12,17,12,0,2,0,0,2,1,7,7,0,0,0,0,0,0,0,0,0,0,0,092,092
361190112004038,36,119,011200,4038,60,15,0,3,0,0,18,24,60,50,10,10,0,0,0,0,0,0,19,19,0,0,0,0,0,0,0,0,0,0,0,092,092
361190112002028,36,119,011200,2028,30,17,4,0,0,0,7,2,30,8,22,17,4,0,0,0,1,0,13,9,4,0,0,0,0,0,0,0,0,0,0,092,092
361190111013013,36,119,011101,3013,21,7,4,0,3,0,5,2,21,7,14,7,4,0,3,0,0,0,9,9,0,0,0,0,0,0,0,0,0,0,0,092,092
361190110002026,36,119,011000,2026,46,0,8,1,6,0,20,11,46,31,15,0,6,0,6,0,0,3,5,4,1,0,0,0,0,0,0,0,0,0,0,092,092
361190041003014,36,119,004100,3014,98,6,74,0,2,0,5,11,98,21,77,6,67,0,2,0,0,2,34,34,0,0,0,0,0,0,0,0,0,0,0,089,089
361190027001007,36,119,002700,1007,74,1,58,1,1,1,5,7,74,10,64,0,57,0,0,0,5,2,22,8,14,0,0,0,0,0,0,0,0,0,0,089,089
361190014021010,36,119,001402,1010,32,19,2,0,8,0,0,3,32,0,32,19,2,0,8,0,0,3,8,8,0,0,0,0,0,0,0,0,0,0,0,090,090
361190005012013,36,119,000501,2013,66,0,7,3,8,0,34,14,66,52,14,0,5,0,8,0,0,1,18,18,0,0,0,0,0,0,0,0,0,0,0,090,090
361190006022004,36,119,000602,2004,287,28,133,2,25,0,61,38,287,100,187,23,130,0,25,0,5,4,118,106,12,0,0,0,0,0,0,0,0,0,0,089,089
361190118002028,36,119,011800,2028,29,17,0,0,11,0,0,1,29,1,28,17,0,0,11,0,0,0,9,9,0,0,0,0,0,0,0,0,0,0,0,092,092
361190040021001,36,119,004002,1001,56,8,17,2,0,0,18,11,56,25,31,5,11,0,0,0,13,2,22,21,1,0,0,0,0,0,0,0,0,0,0,089,089
361190021031006,36,119,002103,1006,120,109,6,0,0,0,0,5,120,7,113,107,6,0,0,0,0,0,43,40,3,0,0,0,0,0,0,0,0,0,0,090,090
361190005012014,36,119,000501,2014,20,4,1,0,1,0,0,14,20,12,8,4,0,0,1,0,0,3,11,3,8,0,0,0,0,0,0,0,0,0,0,090,090
361190005012011,36,119,000501,2011,40,3,10,2,1,0,19,5,40,27,13,1,10,0,1,0,0,1,11,11,0,0,0,0,0,0,0,0,0,0,0,090,090
361190110001003,36,119,011000,1003,346,27,134,3,0,0,141,41,346,180,166,22,134,0,0,0,3,7,98,91,7,0,0,0,0,0,0,0,0,0,0,092,092
361190110001008,36,119,011000,1008,40,21,4,0,4,0,1,10,40,8,32,21,1,0,4,0,1,5,12,10,2,0,0,0,0,0,0,0,0,0,0,092,092
361190105002001,36,119,010500,2001,63,36,4,0,8,0,9,6,63,14,49,34,3,0,8,0,0,4,20,20,0,0,0,0,0,0,0,0,0,0,0,092,092
361190109033014,36,119,010903,3014,0,0,0,0,0,0,0,0,0,0,0,0,0,0,0,0,0,0,0,0,0,0,0,0,0,0,0,0,0,0,0,092,092
361190111022026,36,119,011102,2026,9,1,1,0,0,0,0,7,9,6,3,1,1,0,0,0,0,1,1,1,0,0,0,0,0,0,0,0,0,0,0,092,092
361190108011001,36,119,010801,1001,23,7,0,0,7,0,9,0,23,7,16,7,0,0,7,0,2,0,10,8,2,0,0,0,0,0,0,0,0,0,0,092,092
361190004012002,36,119,000401,2002,0,0,0,0,0,0,0,0,0,0,0,0,0,0,0,0,0,0,0,0,0,0,0,0,0,0,0,0,0,0,0,089,089
361199810001019,36,119,981000,1019,589,417,83,0,45,0,24,20,589,62,527,391,80,0,45,0,0,11,105,86,19,467,23,0,23,0,0,444,444,0,0,092,092
361190032002003,36,119,003200,2003,147,3,120,0,2,0,12,10,147,21,126,3,118,0,1,0,0,4,67,61,6,0,0,0,0,0,0,0,0,0,0,089,089
361190023001009,36,119,002300,1009,113,76,7,1,4,0,14,11,113,29,84,72,4,0,1,0,5,2,36,36,0,0,0,0,0,0,0,0,0,0,0,090,090
361190107011010,36,119,010701,1010,46,22,2,0,7,0,8,7,46,6,40,22,2,0,6,0,4,6,12,12,0,0,0,0,0,0,0,0,0,0,0,092,092
361190032002007,36,119,003200,2007,203,26,136,0,0,1,17,23,203,36,167,18,132,0,0,0,1,16,30,30,0,89,0,0,0,0,0,89,0,0,89,089,089
361190012002006,36,119,001200,2006,127,7,7,11,5,0,68,29,127,110,17,3,3,0,5,0,6,0,24,24,0,0,0,0,0,0,0,0,0,0,0,090,090
361190012002005,36,119,001200,2005,198,38,24,5,8,1,99,23,198,133,65,38,17,0,8,0,0,2,63,63,0,0,0,0,0,0,0,0,0,0,0,090,090
361190111021022,36,119,011102,1022,101,78,2,0,14,0,3,4,101,7,94,78,0,0,14,0,0,2,33,33,0,0,0,0,0,0,0,0,0,0,0,092,092
361190102003011,36,119,010200,3011,48,40,2,0,0,0,0,6,48,3,45,40,2,0,0,0,0,3,16,16,0,0,0,0,0,0,0,0,0,0,0,092,092
361190102003010,36,119,010200,3010,49,38,1,0,2,0,0,8,49,2,47,38,1,0,2,0,0,6,16,16,0,0,0,0,0,0,0,0,0,0,0,092,092
361190102003008,36,119,010200,3008,13,8,0,0,3,0,0,2,13,3,10,6,0,0,3,0,0,1,4,4,0,0,0,0,0,0,0,0,0,0,0,092,092
361190102003001,36,119,010200,3001,30,21,6,0,0,0,1,2,30,1,29,21,6,0,0,0,0,2,9,9,0,0,0,0,0,0,0,0,0,0,0,092,092
361190102003004,36,119,010200,3004,23,18,0,0,1,0,1,3,23,5,18,18,0,0,0,0,0,0,6,6,0,0,0,0,0,0,0,0,0,0,0,092,092
361190102003006,36,119,010200,3006,11,5,2,0,0,1,2,1,11,2,9,5,2,0,0,1,0,1,1,1,0,0,0,0,0,0,0,0,0,0,0,092,092
361190009003005,36,119,000900,3005,41,9,3,0,2,0,16,11,41,30,11,7,0,0,2,0,2,0,8,8,0,0,0,0,0,0,0,0,0,0,0,092,092
361190009003010,36,119,000900,3010,50,26,7,0,0,0,10,7,50,17,33,25,7,0,0,0,0,1,12,12,0,0,0,0,0,0,0,0,0,0,0,092,092
361190009002013,36,119,000900,2013,222,123,11,2,17,0,38,31,222,72,150,116,11,1,17,0,2,3,83,83,0,14,0,0,0,0,0,14,0,0,14,092,092
361190009003007,36,119,000900,3007,136,56,21,0,9,0,30,20,136,63,73,42,21,0,9,0,0,1,45,45,0,0,0,0,0,0,0,0,0,0,0,092,092
361190009003009,36,119,000900,3009,89,59,3,0,0,0,12,15,89,28,61,59,2,0,0,0,0,0,40,40,0,0,0,0,0,0,0,0,0,0,0,092,092
361190009003011,36,119,000900,3011,0,0,0,0,0,0,0,0,0,0,0,0,0,0,0,0,0,0,0,0,0,0,0,0,0,0,0,0,0,0,0,092,092
361190008015004,36,119,000801,5004,107,59,0,1,0,0,29,18,107,51,56,49,0,0,0,0,7,0,45,45,0,0,0,0,0,0,0,0,0,0,0,090,090
361190009002022,36,119,000900,2022,171,113,3,1,23,0,16,15,171,43,128,100,1,1,23,0,0,3,80,80,0,0,0,0,0,0,0,0,0,0,0,092,092
361190009002007,36,119,000900,2007,60,35,12,2,7,0,0,4,60,13,47,29,11,0,7,0,0,0,23,23,0,0,0,0,0,0,0,0,0,0,0,092,092
361190009002021,36,119,000900,2021,46,16,3,0,1,0,10,16,46,35,11,9,0,0,1,0,0,1,12,12,0,0,0,0,0,0,0,0,0,0,0,092,092
361190009002023,36,119,000900,2023,33,6,7,0,6,0,8,6,33,15,18,6,6,0,6,0,0,0,8,2,6,0,0,0,0,0,0,0,0,0,0,092,092
361190009002017,36,119,000900,2017,31,28,1,0,1,0,0,1,31,8,23,22,0,0,1,0,0,0,13,13,0,0,0,0,0,0,0,0,0,0,0,092,092
361190008022001,36,119,000802,2001,298,146,44,0,21,0,42,45,298,89,209,139,44,0,21,0,0,5,110,95,15,0,0,0,0,0,0,0,0,0,0,092,090
361190008022006,36,119,000802,2006,196,120,13,1,25,0,29,8,196,41,155,112,12,1,25,0,2,3,61,61,0,0,0,0,0,0,0,0,0,0,0,092,090
361190008022007,36,119,000802,2007,80,31,7,6,4,0,20,12,80,42,38,27,3,2,3,0,1,2,25,25,0,0,0,0,0,0,0,0,0,0,0,092,090
361190008022003,36,119,000802,2003,35,19,4,5,0,0,3,4,35,12,23,17,4,0,0,0,2,0,13,13,0,0,0,0,0,0,0,0,0,0,0,092,090
361190019001019,36,119,001900,1019,0,0,0,0,0,0,0,0,0,0,0,0,0,0,0,0,0,0,0,0,0,0,0,0,0,0,0,0,0,0,0,092,090
361190018001000,36,119,001800,1000,67,7,34,0,6,0,5,15,67,20,47,5,34,0,6,0,0,2,15,15,0,0,0,0,0,0,0,0,0,0,0,090,090
361190019001004,36,119,001900,1004,40,14,3,0,0,0,20,3,40,24,16,14,0,0,0,0,2,0,5,5,0,0,0,0,0,0,0,0,0,0,0,090,090
361190019001007,36,119,001900,1007,221,142,22,0,13,0,12,32,221,53,168,133,20,0,13,0,0,2,80,80,0,0,0,0,0,0,0,0,0,0,0,090,090
361190018001003,36,119,001800,1003,438,115,196,0,21,0,60,46,438,148,290,82,180,0,21,0,2,5,163,155,8,0,0,0,0,0,0,0,0,0,0,090,090
361190019001016,36,119,001900,1016,36,9,0,4,2,0,9,12,36,20,16,9,0,0,2,0,2,3,12,12,0,0,0,0,0,0,0,0,0,0,0,090,090
361190019001021,36,119,001900,1021,178,109,3,2,16,0,32,16,178,64,114,91,2,0,16,0,2,3,55,50,5,0,0,0,0,0,0,0,0,0,0,090,090
361190118003029,36,119,011800,3029,11,10,0,0,0,0,1,0,11,1,10,10,0,0,0,0,0,0,11,11,0,0,0,0,0,0,0,0,0,0,0,092,092
361190121011014,36,119,012101,1014,111,87,2,1,21,0,0,0,111,0,111,87,2,1,21,0,0,0,35,35,0,0,0,0,0,0,0,0,0,0,0,092,092
361190122013005,36,119,012201,3005,24,20,0,0,2,0,2,0,24,2,22,20,0,0,2,0,0,0,10,10,0,0,0,0,0,0,0,0,0,0,0,092,092
361190122013012,36,119,012201,3012,11,4,1,0,2,0,1,3,11,2,9,4,0,0,2,0,1,2,3,3,0,0,0,0,0,0,0,0,0,0,0,092,092
361190121012013,36,119,012101,2013,72,48,3,0,13,0,1,7,72,5,67,48,3,0,13,0,0,3,24,24,0,0,0,0,0,0,0,0,0,0,0,092,092
361190121011005,36,119,012101,1005,69,64,0,0,3,0,0,2,69,0,69,64,0,0,3,0,0,2,28,28,0,0,0,0,0,0,0,0,0,0,0,092,092
361190121012011,36,119,012101,2011,49,30,0,0,17,0,0,2,49,0,49,30,0,0,17,0,0,2,19,19,0,0,0,0,0,0,0,0,0,0,0,092,092
361190121012019,36,119,012101,2019,178,168,1,0,3,0,1,5,178,4,174,168,1,0,3,0,0,2,57,57,0,0,0,0,0,0,0,0,0,0,0,092,092
361190121012016,36,119,012101,2016,247,226,0,0,10,0,0,11,247,7,240,224,0,0,10,0,0,6,85,85,0,0,0,0,0,0,0,0,0,0,0,092,092
361190014021013,36,119,001402,1013,0,0,0,0,0,0,0,0,0,0,0,0,0,0,0,0,0,0,0,0,0,0,0,0,0,0,0,0,0,0,0,090,090
361190111011028,36,119,011101,1028,247,194,0,0,17,0,3,33,247,25,222,194,0,0,17,0,0,11,88,88,0,0,0,0,0,0,0,0,0,0,0,092,092
361190106003002,36,119,010600,3002,0,0,0,0,0,0,0,0,0,0,0,0,0,0,0,0,0,0,0,0,0,0,0,0,0,0,0,0,0,0,0,092,092
361190111014002,36,119,011101,4002,0,0,0,0,0,0,0,0,0,0,0,0,0,0,0,0,0,0,0,0,0,0,0,0,0,0,0,0,0,0,0,092,092
361190111021010,36,119,011102,1010,220,153,17,0,43,0,0,7,220,6,214,153,16,0,43,0,0,2,65,65,0,0,0,0,0,0,0,0,0,0,0,092,092
361190105001000,36,119,010500,1000,0,0,0,0,0,0,0,0,0,0,0,0,0,0,0,0,0,0,0,0,0,0,0,0,0,0,0,0,0,0,0,092,092
361190013012013,36,119,001301,2013,48,34,0,0,2,0,10,2,48,10,38,34,0,0,2,0,0,2,16,16,0,0,0,0,0,0,0,0,0,0,0,090,090
361190111011006,36,119,011101,1006,0,0,0,0,0,0,0,0,0,0,0,0,0,0,0,0,0,0,0,0,0,0,0,0,0,0,0,0,0,0,0,092,092
361190104003001,36,119,010400,3001,0,0,0,0,0,0,0,0,0,0,0,0,0,0,0,0,0,0,0,0,0,0,0,0,0,0,0,0,0,0,0,092,092
361190103001011,36,119,010300,1011,29,23,0,0,3,0,0,3,29,5,24,20,0,0,3,0,0,1,7,7,0,0,0,0,0,0,0,0,0,0,0,092,092
361190103003003,36,119,010300,3003,22,18,0,0,1,0,2,1,22,2,20,18,0,0,1,0,0,1,12,0,12,0,0,0,0,0,0,0,0,0,0,092,092
361190007022003,36,119,000702,2003,851,322,258,0,39,0,128,104,851,255,596,287,239,0,39,0,6,25,492,438,54,0,0,0,0,0,0,0,0,0,0,092,092
361190041002003,36,119,004100,2003,216,12,183,0,2,0,8,11,216,9,207,10,183,0,2,0,4,8,93,87,6,0,0,0,0,0,0,0,0,0,0,089,089
361190151004008,36,119,015100,4008,44,7,24,0,2,0,3,8,44,10,34,5,21,0,2,0,0,6,9,9,0,0,0,0,0,0,0,0,0,0,0,089,089
361190106001014,36,119,010600,1014,68,56,1,0,8,0,1,2,68,2,66,56,1,0,8,0,1,0,24,22,2,0,0,0,0,0,0,0,0,0,0,092,092
361190106003020,36,119,010600,3020,123,76,5,1,28,0,3,10,123,11,112,74,5,0,28,0,0,5,41,41,0,0,0,0,0,0,0,0,0,0,0,092,092
361190106003019,36,119,010600,3019,40,24,0,0,4,0,3,9,40,8,32,24,0,0,4,0,0,4,11,11,0,0,0,0,0,0,0,0,0,0,0,092,092
361190106003027,36,119,010600,3027,40,27,0,0,10,0,2,1,40,3,37,27,0,0,10,0,0,0,10,10,0,0,0,0,0,0,0,0,0,0,0,092,092
361190121023005,36,119,012102,3005,0,0,0,0,0,0,0,0,0,0,0,0,0,0,0,0,0,0,0,0,0,0,0,0,0,0,0,0,0,0,0,092,092
361190034004009,36,119,003400,4009,27,0,12,0,0,0,0,15,27,10,17,0,11,0,0,0,0,6,9,9,0,0,0,0,0,0,0,0,0,0,0,089,089
361190034004013,36,119,003400,4013,194,4,185,0,1,0,3,1,194,8,186,4,180,0,0,0,2,0,73,65,8,0,0,0,0,0,0,0,0,0,0,089,089
361190109034024,36,119,010903,4024,12,4,1,0,0,0,5,2,12,0,12,4,1,0,0,0,5,2,3,3,0,0,0,0,0,0,0,0,0,0,0,092,092
361190151004015,36,119,015100,4015,0,0,0,0,0,0,0,0,0,0,0,0,0,0,0,0,0,0,0,0,0,0,0,0,0,0,0,0,0,0,0,089,089
361190151004018,36,119,015100,4018,0,0,0,0,0,0,0,0,0,0,0,0,0,0,0,0,0,0,0,0,0,0,0,0,0,0,0,0,0,0,0,089,089
361190042001022,36,119,004200,1022,27,7,8,0,2,0,2,8,27,1,26,7,8,0,2,0,2,7,9,9,0,0,0,0,0,0,0,0,0,0,0,089,089
361190042001014,36,119,004200,1014,41,10,22,0,2,0,5,2,41,9,32,9,22,0,0,0,0,1,18,17,1,0,0,0,0,0,0,0,0,0,0,089,089
361190041003017,36,119,004100,3017,55,9,19,0,3,0,15,9,55,18,37,9,19,0,3,0,0,6,17,17,0,0,0,0,0,0,0,0,0,0,0,089,089
361190151001008,36,119,015100,1008,23,18,0,0,1,0,3,1,23,6,17,15,0,0,1,0,0,1,6,6,0,0,0,0,0,0,0,0,0,0,0,089,089
361190022042001,36,119,002204,2001,185,147,11,0,19,0,1,7,185,8,177,143,11,0,19,0,0,4,87,87,0,0,0,0,0,0,0,0,0,0,0,090,090
361190151001021,36,119,015100,1021,45,12,20,0,4,0,2,7,45,10,35,11,17,0,2,0,0,5,17,17,0,0,0,0,0,0,0,0,0,0,0,089,089
361190151004007,36,119,015100,4007,510,167,300,0,8,0,17,18,510,26,484,166,293,0,8,0,4,13,299,272,27,0,0,0,0,0,0,0,0,0,0,089,089
361190040021006,36,119,004002,1006,132,13,53,2,4,0,36,24,132,33,99,12,52,0,4,0,15,16,49,49,0,0,0,0,0,0,0,0,0,0,0,089,089
361190111013015,36,119,011101,3015,212,112,36,0,48,0,5,11,212,11,201,112,34,0,48,0,0,7,76,76,0,0,0,0,0,0,0,0,0,0,0,092,092
361190109022035,36,119,010902,2035,75,9,48,0,2,0,6,10,75,16,59,6,48,0,2,0,0,3,27,25,2,0,0,0,0,0,0,0,0,0,0,092,092
361190004032001,36,119,000403,2001,30,2,8,0,0,0,2,18,30,8,22,2,6,0,0,0,0,14,11,4,7,0,0,0,0,0,0,0,0,0,0,089,089
361190004041002,36,119,000404,1002,229,55,98,0,16,0,40,20,229,59,170,46,90,0,16,0,12,6,134,110,24,0,0,0,0,0,0,0,0,0,0,089,089
361190005021001,36,119,000502,1001,99,9,42,1,1,0,37,9,99,50,49,3,42,0,0,0,1,3,39,31,8,0,0,0,0,0,0,0,0,0,0,090,090
361190008032004,36,119,000803,2004,53,27,6,0,3,0,8,9,53,14,39,24,6,0,3,0,0,6,15,15,0,0,0,0,0,0,0,0,0,0,0,090,090
361190121012024,36,119,012101,2024,0,0,0,0,0,0,0,0,0,0,0,0,0,0,0,0,0,0,0,0,0,0,0,0,0,0,0,0,0,0,0,092,092
361190121022018,36,119,012102,2018,23,17,0,0,3,0,1,2,23,1,22,17,0,0,3,0,0,2,8,8,0,0,0,0,0,0,0,0,0,0,0,092,092
361190119021008,36,119,011902,1008,22,12,2,0,2,0,2,4,22,4,18,12,2,0,2,0,2,0,5,5,0,0,0,0,0,0,0,0,0,0,0,092,092
361190039002002,36,119,003900,2002,119,33,53,0,0,0,12,21,119,26,93,29,49,0,0,0,3,12,45,42,3,0,0,0,0,0,0,0,0,0,0,089,089
361190151002009,36,119,015100,2009,58,37,12,0,2,0,3,4,58,3,55,37,10,0,2,0,3,3,17,17,0,0,0,0,0,0,0,0,0,0,0,089,089
361190042001004,36,119,004200,1004,65,17,44,0,0,0,0,4,65,5,60,17,42,0,0,0,0,1,21,21,0,0,0,0,0,0,0,0,0,0,0,089,089
361190122013002,36,119,012201,3002,29,21,0,1,1,0,0,6,29,3,26,21,0,0,1,0,0,4,7,7,0,5,0,0,0,0,0,5,0,0,5,092,092
361190118004009,36,119,011800,4009,30,23,0,0,3,0,3,1,30,3,27,23,0,0,3,0,0,1,13,13,0,0,0,0,0,0,0,0,0,0,0,092,092
361190122024011,36,119,012202,4011,17,12,3,0,1,0,1,0,17,3,14,9,3,0,1,0,1,0,6,6,0,0,0,0,0,0,0,0,0,0,0,092,092
361190118004010,36,119,011800,4010,10,1,0,0,4,0,0,5,10,5,5,1,0,0,4,0,0,0,3,3,0,0,0,0,0,0,0,0,0,0,0,092,092
361190122022006,36,119,012202,2006,82,66,8,0,3,0,0,5,82,3,79,63,8,0,3,0,0,5,34,34,0,0,0,0,0,0,0,0,0,0,0,092,092
361190109022004,36,119,010902,2004,42,12,6,0,12,0,3,9,42,7,35,12,6,0,12,0,0,5,11,11,0,0,0,0,0,0,0,0,0,0,0,092,092
361190030002011,36,119,003000,2011,0,0,0,0,0,0,0,0,0,0,0,0,0,0,0,0,0,0,0,0,0,0,0,0,0,0,0,0,0,0,0,089,089
361190036002002,36,119,003600,2002,265,42,92,3,1,0,90,37,265,117,148,28,89,0,1,0,6,24,90,90,0,0,0,0,0,0,0,0,0,0,0,089,089
361190017022002,36,119,001702,2002,0,0,0,0,0,0,0,0,0,0,0,0,0,0,0,0,0,0,0,0,0,0,0,0,0,0,0,0,0,0,0,090,090
361190017022013,36,119,001702,2013,231,119,19,0,8,0,50,35,231,89,142,115,19,0,8,0,0,0,72,72,0,0,0,0,0,0,0,0,0,0,0,090,090
361190111014003,36,119,011101,4003,12,4,3,0,5,0,0,0,12,2,10,2,3,0,5,0,0,0,2,2,0,0,0,0,0,0,0,0,0,0,0,092,092
361190113002002,36,119,011300,2002,100,79,0,0,4,0,3,14,100,7,93,78,0,0,4,0,0,11,31,31,0,0,0,0,0,0,0,0,0,0,0,092,092
361190113003005,36,119,011300,3005,67,52,0,0,12,0,0,3,67,1,66,52,0,0,11,0,0,3,28,28,0,0,0,0,0,0,0,0,0,0,0,092,092
361190113003008,36,119,011300,3008,7,3,0,0,2,0,1,1,7,3,4,2,0,0,2,0,0,0,2,2,0,0,0,0,0,0,0,0,0,0,0,092,092
361190113003010,36,119,011300,3010,37,26,1,0,2,0,1,7,37,7,30,22,1,0,2,0,1,4,8,8,0,0,0,0,0,0,0,0,0,0,0,092,092
361190113003006,36,119,011300,3006,41,39,0,0,2,0,0,0,41,0,41,39,0,0,2,0,0,0,9,9,0,0,0,0,0,0,0,0,0,0,0,092,092
361190113003015,36,119,011300,3015,21,4,5,0,3,0,0,9,21,7,14,4,5,0,0,0,0,5,1,0,1,0,0,0,0,0,0,0,0,0,0,092,092
361190113002010,36,119,011300,2010,18,12,2,0,4,0,0,0,18,0,18,12,2,0,4,0,0,0,6,0,6,0,0,0,0,0,0,0,0,0,0,092,092
361190113003012,36,119,011300,3012,19,15,0,2,0,0,0,2,19,3,16,15,0,0,0,0,0,1,4,4,0,0,0,0,0,0,0,0,0,0,0,092,092
361190030001004,36,119,003000,1004,270,4,236,0,0,0,23,7,270,14,256,1,230,0,0,0,18,7,108,96,12,0,0,0,0,0,0,0,0,0,0,089,089
361190045001008,36,119,004500,1008,75,38,12,0,3,0,4,18,75,10,65,38,11,0,2,0,3,11,32,30,2,0,0,0,0,0,0,0,0,0,0,089,089
361190039002001,36,119,003900,2001,519,253,155,0,10,0,46,55,519,96,423,243,154,0,10,0,0,16,319,309,10,0,0,0,0,0,0,0,0,0,0,089,089
361190020001000,36,119,002000,1000,893,611,46,0,135,0,49,52,893,145,748,556,44,0,135,0,12,1,399,399,0,0,0,0,0,0,0,0,0,0,0,090,090
361190019001006,36,119,001900,1006,107,58,5,0,13,0,12,19,107,29,78,53,4,0,13,0,2,6,37,37,0,0,0,0,0,0,0,0,0,0,0,090,090
361190016001000,36,119,001600,1000,35,5,13,0,0,0,5,12,35,16,19,5,9,0,0,0,0,5,5,5,0,0,0,0,0,0,0,0,0,0,0,090,090
361190017012008,36,119,001701,2008,95,55,11,0,4,0,21,4,95,26,69,55,10,0,4,0,0,0,31,31,0,0,0,0,0,0,0,0,0,0,0,090,090
361190018002004,36,119,001800,2004,109,6,71,0,3,1,18,10,109,27,82,6,68,0,3,0,0,5,40,28,12,0,0,0,0,0,0,0,0,0,0,090,090
361190008014004,36,119,000801,4004,179,86,4,0,21,0,49,19,179,71,108,81,4,0,21,0,0,2,92,78,14,0,0,0,0,0,0,0,0,0,0,090,090
361190114021016,36,119,011402,1016,5,3,0,0,1,0,0,1,5,1,4,3,0,0,1,0,0,0,2,2,0,0,0,0,0,0,0,0,0,0,0,092,092
361190114021015,36,119,011402,1015,13,4,0,0,3,0,3,3,13,4,9,4,0,0,3,0,0,2,1,1,0,0,0,0,0,0,0,0,0,0,0,092,092
361190113004001,36,119,011300,4001,0,0,0,0,0,0,0,0,0,0,0,0,0,0,0,0,0,0,0,0,0,0,0,0,0,0,0,0,0,0,0,092,092
361190008015000,36,119,000801,5000,126,56,18,0,9,0,32,11,126,44,82,50,16,0,9,0,1,6,39,31,8,0,0,0,0,0,0,0,0,0,0,090,090
361190008015005,36,119,000801,5005,93,38,9,6,1,0,21,18,93,52,41,28,5,0,1,0,0,7,35,33,2,0,0,0,0,0,0,0,0,0,0,092,090
361190114021020,36,119,011402,1020,210,165,2,0,33,0,1,9,210,8,202,165,0,0,33,0,0,4,64,60,4,0,0,0,0,0,0,0,0,0,0,092,092
361190114021023,36,119,011402,1023,32,7,0,0,11,0,7,7,32,11,21,6,0,0,11,0,1,3,2,2,0,0,0,0,0,0,0,0,0,0,0,092,092
361190113005006,36,119,011300,5006,0,0,0,0,0,0,0,0,0,0,0,0,0,0,0,0,0,0,0,0,0,0,0,0,0,0,0,0,0,0,0,092,092
361190113005003,36,119,011300,5003,59,50,1,0,4,0,0,4,59,1,58,49,1,0,4,0,0,4,32,32,0,0,0,0,0,0,0,0,0,0,0,092,092
361190113004004,36,119,011300,4004,0,0,0,0,0,0,0,0,0,0,0,0,0,0,0,0,0,0,0,0,0,0,0,0,0,0,0,0,0,0,0,092,092
361190111011041,36,119,011101,1041,0,0,0,0,0,0,0,0,0,0,0,0,0,0,0,0,0,0,0,0,0,0,0,0,0,0,0,0,0,0,0,092,092
361190113004006,36,119,011300,4006,66,57,0,0,4,0,2,3,66,5,61,56,0,0,4,0,0,1,25,21,4,0,0,0,0,0,0,0,0,0,0,092,092
361190113004008,36,119,011300,4008,32,24,0,0,5,0,1,2,32,7,25,18,0,0,5,0,1,1,17,17,0,0,0,0,0,0,0,0,0,0,0,092,092
361190113004010,36,119,011300,4010,70,46,2,0,1,0,2,19,70,14,56,43,2,0,1,0,0,10,27,27,0,0,0,0,0,0,0,0,0,0,0,092,092
361190114021012,36,119,011402,1012,93,67,0,0,3,0,6,17,93,10,83,67,0,0,3,0,1,12,37,37,0,0,0,0,0,0,0,0,0,0,0,092,092
361190114021010,36,119,011402,1010,54,39,0,0,10,0,2,3,54,2,52,37,0,0,10,0,2,3,23,23,0,0,0,0,0,0,0,0,0,0,0,092,092
361190108031010,36,119,010803,1010,80,55,11,2,3,0,3,6,80,16,64,49,6,0,3,0,2,4,36,36,0,0,0,0,0,0,0,0,0,0,0,092,092
361190108031008,36,119,010803,1008,0,0,0,0,0,0,0,0,0,0,0,0,0,0,0,0,0,0,0,0,0,0,0,0,0,0,0,0,0,0,0,092,092
361190108032017,36,119,010803,2017,35,17,7,2,3,0,2,4,35,8,27,15,7,0,3,0,0,2,10,8,2,0,0,0,0,0,0,0,0,0,0,092,092
361190109031006,36,119,010903,1006,57,6,7,9,6,0,8,21,57,41,16,3,7,0,5,0,0,1,17,17,0,0,0,0,0,0,0,0,0,0,0,092,092
361190109031002,36,119,010903,1002,66,6,30,0,0,0,22,8,66,37,29,2,27,0,0,0,0,0,17,12,5,0,0,0,0,0,0,0,0,0,0,092,092
361190108032003,36,119,010803,2003,71,30,8,1,9,0,8,15,71,25,46,21,8,0,9,0,0,8,29,24,5,0,0,0,0,0,0,0,0,0,0,092,092
361190108032009,36,119,010803,2009,50,21,4,0,10,0,10,5,50,6,44,21,4,0,10,0,9,0,21,20,1,0,0,0,0,0,0,0,0,0,0,092,092
361190108012002,36,119,010801,2002,47,24,0,0,11,0,8,4,47,11,36,22,0,0,11,0,0,3,14,14,0,0,0,0,0,0,0,0,0,0,0,092,092
361190109031005,36,119,010903,1005,21,4,8,0,0,0,6,3,21,6,15,1,8,0,0,0,3,3,8,1,7,0,0,0,0,0,0,0,0,0,0,092,092
361190109022040,36,119,010902,2040,35,2,9,0,10,0,14,0,35,13,22,2,9,0,10,0,1,0,10,10,0,0,0,0,0,0,0,0,0,0,0,092,092
361190107011029,36,119,010701,1029,0,0,0,0,0,0,0,0,0,0,0,0,0,0,0,0,0,0,0,0,0,0,0,0,0,0,0,0,0,0,0,092,092
361190111013001,36,119,011101,3001,0,0,0,0,0,0,0,0,0,0,0,0,0,0,0,0,0,0,0,0,0,0,0,0,0,0,0,0,0,0,0,092,092
361190105001022,36,119,010500,1022,63,40,5,0,9,0,6,3,63,7,56,39,5,0,9,0,0,3,16,16,0,0,0,0,0,0,0,0,0,0,0,092,092
361190106001009,36,119,010600,1009,15,5,0,0,4,0,6,0,15,2,13,5,0,0,4,0,4,0,2,2,0,0,0,0,0,0,0,0,0,0,0,092,092
361190115001011,36,119,011500,1011,0,0,0,0,0,0,0,0,0,0,0,0,0,0,0,0,0,0,0,0,0,0,0,0,0,0,0,0,0,0,0,092,092
361190115001014,36,119,011500,1014,42,31,3,1,0,0,6,1,42,7,35,27,1,0,0,0,6,1,11,11,0,0,0,0,0,0,0,0,0,0,0,092,092
361190015032008,36,119,001503,2008,87,71,5,0,10,0,0,1,87,8,79,66,3,0,10,0,0,0,35,35,0,0,0,0,0,0,0,0,0,0,0,089,089
361190015031009,36,119,001503,1009,27,22,1,0,0,0,4,0,27,5,22,22,0,0,0,0,0,0,22,22,0,0,0,0,0,0,0,0,0,0,0,089,089
361190015022005,36,119,001502,2005,176,141,0,3,15,0,8,9,176,21,155,128,0,3,15,0,0,9,77,67,10,0,0,0,0,0,0,0,0,0,0,089,089
361190015021004,36,119,001502,1004,336,164,73,0,16,0,54,29,336,102,234,143,69,0,16,0,2,4,201,198,3,0,0,0,0,0,0,0,0,0,0,089,089
361190029002006,36,119,002900,2006,0,0,0,0,0,0,0,0,0,0,0,0,0,0,0,0,0,0,0,0,0,0,0,0,0,0,0,0,0,0,0,089,089
361190029002011,36,119,002900,2011,212,2,164,0,0,0,22,24,212,42,170,2,155,0,0,0,0,13,74,74,0,0,0,0,0,0,0,0,0,0,0,089,089
361190028002003,36,119,002800,2003,140,0,130,0,0,0,6,4,140,3,137,0,129,0,0,0,5,3,50,50,0,0,0,0,0,0,0,0,0,0,0,089,089
361190028002000,36,119,002800,2000,200,4,172,0,0,0,12,12,200,20,180,0,167,0,0,0,3,10,74,74,0,0,0,0,0,0,0,0,0,0,0,089,089
361190026003005,36,119,002600,3005,93,3,84,0,2,0,2,2,93,3,90,3,84,0,2,0,0,1,23,23,0,0,0,0,0,0,0,0,0,0,0,089,089
361190026003007,36,119,002600,3007,55,0,47,0,1,0,6,1,55,6,49,0,47,0,1,0,0,1,21,14,7,0,0,0,0,0,0,0,0,0,0,089,089
361190027002004,36,119,002700,2004,264,5,226,0,0,0,22,11,264,29,235,5,220,0,0,0,0,10,112,85,27,0,0,0,0,0,0,0,0,0,0,089,089
361190027002007,36,119,002700,2007,295,4,263,1,0,0,12,15,295,28,267,2,257,0,0,0,0,8,97,85,12,0,0,0,0,0,0,0,0,0,0,089,089
361190026002015,36,119,002600,2015,141,5,125,0,1,0,6,4,141,10,131,3,120,0,0,0,6,2,46,33,13,0,0,0,0,0,0,0,0,0,0,089,089
361190026002008,36,119,002600,2008,78,4,52,2,0,0,9,11,78,15,63,4,49,2,0,0,0,8,17,17,0,0,0,0,0,0,0,0,0,0,0,089,089
361190026003009,36,119,002600,3009,48,2,34,0,1,0,1,10,48,5,43,1,34,0,1,0,0,7,21,21,0,0,0,0,0,0,0,0,0,0,0,089,089
361190026002019,36,119,002600,2019,130,3,114,0,2,0,6,5,130,10,120,3,114,0,2,0,0,1,40,40,0,0,0,0,0,0,0,0,0,0,0,089,089
361190121023020,36,119,012102,3020,13,6,1,0,0,0,3,3,13,5,8,6,1,0,0,0,0,1,7,7,0,0,0,0,0,0,0,0,0,0,0,092,092
361190121023017,36,119,012102,3017,21,18,0,0,3,0,0,0,21,0,21,18,0,0,3,0,0,0,10,10,0,0,0,0,0,0,0,0,0,0,0,092,092
361190121021006,36,119,012102,1006,0,0,0,0,0,0,0,0,0,0,0,0,0,0,0,0,0,0,0,0,0,0,0,0,0,0,0,0,0,0,0,092,092
361190023002018,36,119,002300,2018,39,15,8,0,0,0,11,5,39,18,21,15,6,0,0,0,0,0,15,15,0,0,0,0,0,0,0,0,0,0,0,090,090
361190024011011,36,119,002401,1011,118,81,3,0,6,0,9,19,118,23,95,80,1,0,6,0,0,8,53,53,0,0,0,0,0,0,0,0,0,0,0,090,090
361190024051000,36,119,002405,1000,0,0,0,0,0,0,0,0,0,0,0,0,0,0,0,0,0,0,0,0,0,0,0,0,0,0,0,0,0,0,0,090,090
361190109032018,36,119,010903,2018,0,0,0,0,0,0,0,0,0,0,0,0,0,0,0,0,0,0,0,0,0,0,0,0,0,0,0,0,0,0,0,092,092
361190109023027,36,119,010902,3027,126,17,29,0,30,0,15,35,126,45,81,15,27,0,30,0,5,4,46,46,0,0,0,0,0,0,0,0,0,0,0,092,092
361190109023024,36,119,010902,3024,0,0,0,0,0,0,0,0,0,0,0,0,0,0,0,0,0,0,0,0,0,0,0,0,0,0,0,0,0,0,0,092,092
361190109022009,36,119,010902,2009,12,0,6,0,0,0,0,6,12,6,6,0,6,0,0,0,0,0,7,0,7,0,0,0,0,0,0,0,0,0,0,092,092
361190109022007,36,119,010902,2007,31,5,19,0,1,0,0,6,31,8,23,5,17,0,0,0,0,1,8,5,3,0,0,0,0,0,0,0,0,0,0,092,092
361190109024012,36,119,010902,4012,28,7,12,0,0,0,9,0,28,12,16,5,11,0,0,0,0,0,5,5,0,0,0,0,0,0,0,0,0,0,0,092,092
361190109024006,36,119,010902,4006,90,28,24,1,7,0,18,12,90,30,60,26,24,1,7,0,1,1,29,28,1,9,0,0,0,0,0,9,0,0,9,092,092
361190109024001,36,119,010902,4001,448,98,228,1,41,0,54,26,448,75,373,88,228,0,41,0,10,6,241,237,4,0,0,0,0,0,0,0,0,0,0,092,092
361190108031001,36,119,010803,1001,83,20,22,4,4,0,19,14,83,37,46,19,21,0,4,0,1,1,21,20,1,0,0,0,0,0,0,0,0,0,0,092,092
361190109023030,36,119,010902,3030,0,0,0,0,0,0,0,0,0,0,0,0,0,0,0,0,0,0,0,0,0,0,0,0,0,0,0,0,0,0,0,092,092
361190106003039,36,119,010600,3039,13,4,2,0,1,0,0,6,13,1,12,4,2,0,1,0,0,5,2,2,0,0,0,0,0,0,0,0,0,0,0,092,092
361190106003018,36,119,010600,3018,24,14,0,0,0,0,4,6,24,3,21,14,0,0,0,0,4,3,8,8,0,0,0,0,0,0,0,0,0,0,0,092,092
361190111022023,36,119,011102,2023,94,71,0,0,16,0,1,6,94,9,85,65,0,0,16,0,0,4,31,29,2,0,0,0,0,0,0,0,0,0,0,092,092
361190111022018,36,119,011102,2018,28,27,0,0,0,0,0,1,28,1,27,27,0,0,0,0,0,0,12,12,0,0,0,0,0,0,0,0,0,0,0,092,092
361190111022019,36,119,011102,2019,31,18,0,0,7,0,0,6,31,4,27,18,0,0,7,0,0,2,14,14,0,0,0,0,0,0,0,0,0,0,0,092,092
361190108041000,36,119,010804,1000,0,0,0,0,0,0,0,0,0,0,0,0,0,0,0,0,0,0,0,0,0,0,0,0,0,0,0,0,0,0,0,092,092
361190108041028,36,119,010804,1028,61,36,3,0,17,0,2,3,61,5,56,36,3,0,17,0,0,0,22,20,2,0,0,0,0,0,0,0,0,0,0,092,092
361190112004009,36,119,011200,4009,0,0,0,0,0,0,0,0,0,0,0,0,0,0,0,0,0,0,0,0,0,0,0,0,0,0,0,0,0,0,0,092,092
361190109011022,36,119,010901,1022,104,24,68,0,0,0,6,6,104,14,90,18,68,0,0,0,0,4,62,62,0,0,0,0,0,0,0,0,0,0,0,092,092
361190109034023,36,119,010903,4023,0,0,0,0,0,0,0,0,0,0,0,0,0,0,0,0,0,0,0,0,0,0,0,0,0,0,0,0,0,0,0,092,092
361190112002021,36,119,011200,2021,37,4,4,0,7,0,12,10,37,21,16,3,4,0,7,0,0,2,11,11,0,0,0,0,0,0,0,0,0,0,0,092,092
361190112003018,36,119,011200,3018,165,34,8,2,16,0,80,25,165,110,55,32,6,0,16,0,0,1,56,46,10,0,0,0,0,0,0,0,0,0,0,092,092
361190109033011,36,119,010903,3011,16,2,7,1,2,0,0,4,16,5,11,2,7,0,2,0,0,0,10,10,0,0,0,0,0,0,0,0,0,0,0,092,092
361190111013012,36,119,011101,3012,62,32,13,0,11,0,1,5,62,10,52,28,13,0,10,0,0,1,18,11,7,0,0,0,0,0,0,0,0,0,0,092,092
361190109033018,36,119,010903,3018,142,64,27,0,18,0,4,29,142,34,108,58,27,0,18,0,0,5,57,52,5,14,0,0,0,0,0,14,0,0,14,092,092
361190111013020,36,119,011101,3020,21,6,8,0,1,0,1,5,21,2,19,6,8,0,1,0,0,4,5,5,0,0,0,0,0,0,0,0,0,0,0,092,092
361190111013008,36,119,011101,3008,24,11,4,0,3,0,1,5,24,8,16,10,1,0,3,0,0,2,14,9,5,0,0,0,0,0,0,0,0,0,0,092,092
361190111013017,36,119,011101,3017,12,9,2,0,0,0,0,1,12,2,10,8,2,0,0,0,0,0,4,4,0,0,0,0,0,0,0,0,0,0,0,092,092
361190111013000,36,119,011101,3000,0,0,0,0,0,0,0,0,0,0,0,0,0,0,0,0,0,0,0,0,0,0,0,0,0,0,0,0,0,0,0,092,092
361190109034022,36,119,010903,4022,0,0,0,0,0,0,0,0,0,0,0,0,0,0,0,0,0,0,0,0,0,0,0,0,0,0,0,0,0,0,0,092,092
361190111013007,36,119,011101,3007,18,6,0,0,10,0,1,1,18,3,15,6,0,0,9,0,0,0,3,3,0,0,0,0,0,0,0,0,0,0,0,092,092
361190109034021,36,119,010903,4021,0,0,0,0,0,0,0,0,0,0,0,0,0,0,0,0,0,0,0,0,0,0,0,0,0,0,0,0,0,0,0,092,092
361190112003009,36,119,011200,3009,73,2,23,15,0,0,25,8,73,48,25,1,23,0,0,0,0,1,24,24,0,0,0,0,0,0,0,0,0,0,0,092,092
361190112004034,36,119,011200,4034,0,0,0,0,0,0,0,0,0,0,0,0,0,0,0,0,0,0,0,0,0,0,0,0,0,0,0,0,0,0,0,092,092
361190151002006,36,119,015100,2006,183,138,19,0,4,2,5,15,183,12,171,138,19,0,3,2,1,8,69,69,0,2,0,0,0,0,0,2,0,0,2,089,089
361190037001006,36,119,003700,1006,38,8,6,0,5,0,9,10,38,9,29,7,3,0,5,0,7,7,12,12,0,0,0,0,0,0,0,0,0,0,0,089,089
361190022012013,36,119,002201,2013,0,0,0,0,0,0,0,0,0,0,0,0,0,0,0,0,0,0,0,0,0,0,0,0,0,0,0,0,0,0,0,090,090
361190108041029,36,119,010804,1029,0,0,0,0,0,0,0,0,0,0,0,0,0,0,0,0,0,0,0,0,0,0,0,0,0,0,0,0,0,0,0,092,092
361190015031003,36,119,001503,1003,47,31,5,0,5,0,2,4,47,12,35,28,2,0,5,0,0,0,15,0,15,0,0,0,0,0,0,0,0,0,0,089,089
361190014021008,36,119,001402,1008,0,0,0,0,0,0,0,0,0,0,0,0,0,0,0,0,0,0,0,0,0,0,0,0,0,0,0,0,0,0,0,090,090
361190121023006,36,119,012102,3006,39,37,0,0,0,0,2,0,39,2,37,37,0,0,0,0,0,0,11,11,0,0,0,0,0,0,0,0,0,0,0,092,092
361190111021025,36,119,011102,1025,61,39,1,0,8,0,0,13,61,9,52,36,1,0,8,0,0,7,19,19,0,0,0,0,0,0,0,0,0,0,0,092,092
361190006022002,36,119,000602,2002,97,22,37,1,7,0,9,21,97,27,70,21,36,0,7,0,0,6,36,32,4,10,0,0,0,0,0,10,0,0,10,089,089
361190041003021,36,119,004100,3021,42,0,23,0,3,0,11,5,42,13,29,0,22,0,3,0,0,4,11,11,0,0,0,0,0,0,0,0,0,0,0,089,089
361190041003013,36,119,004100,3013,53,0,47,1,0,1,2,2,53,7,46,0,43,1,0,0,0,2,24,24,0,0,0,0,0,0,0,0,0,0,0,089,089
361190120001017,36,119,012000,1017,0,0,0,0,0,0,0,0,0,0,0,0,0,0,0,0,0,0,0,0,0,0,0,0,0,0,0,0,0,0,0,092,092
361190001031004,36,119,000103,1004,0,0,0,0,0,0,0,0,0,0,0,0,0,0,0,0,0,0,0,0,0,0,0,0,0,0,0,0,0,0,0,089,089
361190110002020,36,119,011000,2020,32,14,3,4,4,0,0,7,32,9,23,14,3,0,4,0,0,2,8,8,0,0,0,0,0,0,0,0,0,0,0,092,092
361190003001008,36,119,000300,1008,26,5,4,2,0,0,5,10,26,16,10,0,3,2,0,0,1,4,2,2,0,0,0,0,0,0,0,0,0,0,0,090,090
361190004032005,36,119,000403,2005,988,62,513,0,7,0,310,96,988,455,533,24,475,0,7,0,9,18,501,472,29,0,0,0,0,0,0,0,0,0,0,089,089
361190004012008,36,119,000401,2008,0,0,0,0,0,0,0,0,0,0,0,0,0,0,0,0,0,0,0,0,0,0,0,0,0,0,0,0,0,0,0,089,089
361190004032000,36,119,000403,2000,110,12,74,0,0,0,11,13,110,34,76,6,65,0,0,0,0,5,48,44,4,0,0,0,0,0,0,0,0,0,0,089,089
361190004042005,36,119,000404,2005,118,16,56,2,5,0,25,14,118,49,69,10,51,0,5,0,1,2,49,31,18,0,0,0,0,0,0,0,0,0,0,089,089
361190005022000,36,119,000502,2000,469,66,165,7,7,0,171,53,469,272,197,29,153,0,7,0,0,8,349,344,5,0,0,0,0,0,0,0,0,0,0,090,090
361190007012009,36,119,000701,2009,43,24,0,4,0,0,4,11,43,13,30,24,0,0,0,0,1,5,8,8,0,0,0,0,0,0,0,0,0,0,0,090,090
361190007011001,36,119,000701,1001,43,31,1,0,6,0,1,4,43,4,39,31,1,0,6,0,0,1,24,24,0,0,0,0,0,0,0,0,0,0,0,090,090
361190024041004,36,119,002404,1004,56,20,11,2,6,0,2,15,56,24,32,14,11,0,6,0,0,1,23,23,0,0,0,0,0,0,0,0,0,0,0,090,090
361190041003020,36,119,004100,3020,0,0,0,0,0,0,0,0,0,0,0,0,0,0,0,0,0,0,0,0,0,0,0,0,0,0,0,0,0,0,0,089,089
361190022012001,36,119,002201,2001,0,0,0,0,0,0,0,0,0,0,0,0,0,0,0,0,0,0,0,0,0,0,0,0,0,0,0,0,0,0,0,090,090
361190038003003,36,119,003800,3003,0,0,0,0,0,0,0,0,0,0,0,0,0,0,0,0,0,0,0,0,0,0,0,0,0,0,0,0,0,0,0,089,089
361190118003064,36,119,011800,3064,13,8,0,0,3,0,2,0,13,2,11,8,0,0,3,0,0,0,2,2,0,0,0,0,0,0,0,0,0,0,0,092,092
361190014021009,36,119,001402,1009,0,0,0,0,0,0,0,0,0,0,0,0,0,0,0,0,0,0,0,0,0,0,0,0,0,0,0,0,0,0,0,090,090
361190016004009,36,119,001600,4009,29,3,4,0,3,0,1,18,29,18,11,1,2,0,3,0,0,5,2,0,2,0,0,0,0,0,0,0,0,0,0,090,090
361190016004010,36,119,001600,4010,281,153,43,7,8,0,49,21,281,67,214,150,41,0,8,0,4,11,27,23,4,171,0,0,0,0,0,171,0,0,171,090,090
361190010001003,36,119,001000,1003,400,74,96,1,44,0,133,52,400,244,156,40,65,1,44,0,1,5,238,223,15,0,0,0,0,0,0,0,0,0,0,090,090
361190011021005,36,119,001102,1005,188,23,64,3,10,0,65,23,188,109,79,9,55,1,10,0,0,4,69,65,4,0,0,0,0,0,0,0,0,0,0,090,090
361190010001004,36,119,001000,1004,66,20,2,13,0,2,22,7,66,53,13,8,2,0,0,0,3,0,23,17,6,0,0,0,0,0,0,0,0,0,0,090,090
361190003002007,36,119,000300,2007,1245,135,610,13,148,0,220,119,1245,432,813,65,565,5,148,0,19,11,563,554,9,37,0,0,0,0,0,37,0,0,37,090,090
361190001033002,36,119,000103,3002,184,19,41,17,5,0,71,31,184,132,52,9,29,0,5,0,3,6,77,77,0,19,0,0,0,0,0,19,0,0,19,089,089
361190002021003,36,119,000202,1003,452,36,174,6,10,0,176,50,452,269,183,17,151,0,9,0,6,0,150,141,9,0,0,0,0,0,0,0,0,0,0,089,089
361190001033010,36,119,000103,3010,358,28,84,12,0,0,170,64,358,256,102,18,80,0,0,0,2,2,114,114,0,0,0,0,0,0,0,0,0,0,0,089,089
361190112002015,36,119,011200,2015,120,27,51,0,10,0,31,1,120,37,83,25,46,0,10,0,1,1,33,24,9,0,0,0,0,0,0,0,0,0,0,092,092
361190112004012,36,119,011200,4012,0,0,0,0,0,0,0,0,0,0,0,0,0,0,0,0,0,0,0,0,0,0,0,0,0,0,0,0,0,0,0,092,092
361190008032006,36,119,000803,2006,60,26,4,4,10,0,7,9,60,15,45,26,4,1,10,0,0,4,12,8,4,0,0,0,0,0,0,0,0,0,0,090,090
361190006022005,36,119,000602,2005,161,32,65,0,3,0,31,30,161,67,94,22,61,0,3,0,0,8,76,72,4,0,0,0,0,0,0,0,0,0,0,090,090
361190122012009,36,119,012201,2009,9,1,0,0,0,0,3,5,9,9,0,0,0,0,0,0,0,0,4,2,2,0,0,0,0,0,0,0,0,0,0,092,092
361190015033008,36,119,001503,3008,60,51,3,0,0,0,6,0,60,7,53,50,3,0,0,0,0,0,22,22,0,0,0,0,0,0,0,0,0,0,0,089,089
361190024053007,36,119,002405,3007,52,24,0,0,5,0,19,4,52,20,32,24,0,0,5,0,2,1,20,16,4,0,0,0,0,0,0,0,0,0,0,090,090
361190108041009,36,119,010804,1009,145,75,19,0,22,0,13,16,145,22,123,74,19,0,22,0,0,8,49,49,0,0,0,0,0,0,0,0,0,0,0,092,092
361190030002012,36,119,003000,2012,99,7,83,0,0,0,1,8,99,1,98,7,83,0,0,0,1,7,29,23,6,0,0,0,0,0,0,0,0,0,0,089,089
361190036003001,36,119,003600,3001,383,46,172,0,21,0,90,54,383,140,243,33,166,0,21,0,10,13,146,146,0,0,0,0,0,0,0,0,0,0,0,089,089
361190036003006,36,119,003600,3006,191,16,34,0,0,0,110,31,191,134,57,7,34,0,0,0,10,6,66,66,0,0,0,0,0,0,0,0,0,0,0,089,089
361190036003005,36,119,003600,3005,98,12,32,9,2,1,27,15,98,49,49,7,32,0,1,1,1,7,35,24,11,0,0,0,0,0,0,0,0,0,0,089,089
361190030002003,36,119,003000,2003,238,6,172,0,13,0,32,15,238,30,208,6,172,0,13,0,5,12,98,95,3,0,0,0,0,0,0,0,0,0,0,089,089
361190029002004,36,119,002900,2004,242,1,220,0,0,0,3,18,242,11,231,1,217,0,0,0,0,13,94,88,6,0,0,0,0,0,0,0,0,0,0,089,089
361190030002000,36,119,003000,2000,260,10,201,0,3,0,25,21,260,41,219,0,200,0,3,0,4,12,100,79,21,0,0,0,0,0,0,0,0,0,0,089,089
361190029002003,36,119,002900,2003,318,7,293,0,1,0,5,12,318,31,287,0,282,0,1,0,0,4,92,92,0,0,0,0,0,0,0,0,0,0,0,089,089
361190036003004,36,119,003600,3004,89,19,44,6,4,0,3,13,89,29,60,13,39,0,3,0,2,3,41,37,4,0,0,0,0,0,0,0,0,0,0,089,089
361190029002002,36,119,002900,2002,301,9,269,0,0,0,11,12,301,36,265,0,257,0,0,0,1,7,102,99,3,0,0,0,0,0,0,0,0,0,0,089,089
361190030001001,36,119,003000,1001,0,0,0,0,0,0,0,0,0,0,0,0,0,0,0,0,0,0,0,0,0,0,0,0,0,0,0,0,0,0,0,089,089
361190038003001,36,119,003800,3001,0,0,0,0,0,0,0,0,0,0,0,0,0,0,0,0,0,0,0,0,0,0,0,0,0,0,0,0,0,0,0,089,089
361190045001007,36,119,004500,1007,0,0,0,0,0,0,0,0,0,0,0,0,0,0,0,0,0,0,0,0,0,0,0,0,0,0,0,0,0,0,0,089,089
361190107013001,36,119,010701,3001,0,0,0,0,0,0,0,0,0,0,0,0,0,0,0,0,0,0,0,0,0,0,0,0,0,0,0,0,0,0,0,092,092
361190114022009,36,119,011402,2009,0,0,0,0,0,0,0,0,0,0,0,0,0,0,0,0,0,0,0,0,0,0,0,0,0,0,0,0,0,0,0,092,092
361190113001009,36,119,011300,1009,6,0,1,0,1,0,0,4,6,2,4,0,1,0,1,0,0,2,1,1,0,0,0,0,0,0,0,0,0,0,0,092,092
361190107013007,36,119,010701,3007,0,0,0,0,0,0,0,0,0,0,0,0,0,0,0,0,0,0,0,0,0,0,0,0,0,0,0,0,0,0,0,092,092
361190021052000,36,119,002105,2000,0,0,0,0,0,0,0,0,0,0,0,0,0,0,0,0,0,0,0,0,0,0,0,0,0,0,0,0,0,0,0,090,090
361190111011009,36,119,011101,1009,0,0,0,0,0,0,0,0,0,0,0,0,0,0,0,0,0,0,0,0,0,0,0,0,0,0,0,0,0,0,0,092,092
361190107025001,36,119,010702,5001,0,0,0,0,0,0,0,0,0,0,0,0,0,0,0,0,0,0,0,0,0,0,0,0,0,0,0,0,0,0,0,092,092
361190107025000,36,119,010702,5000,715,384,58,3,202,0,18,50,715,69,646,370,57,0,202,0,0,17,360,344,16,0,0,0,0,0,0,0,0,0,0,092,092
361190107013003,36,119,010701,3003,0,0,0,0,0,0,0,0,0,0,0,0,0,0,0,0,0,0,0,0,0,0,0,0,0,0,0,0,0,0,0,092,092
361190107013005,36,119,010701,3005,16,10,0,0,4,0,2,0,16,0,16,10,0,0,4,0,2,0,1,1,0,0,0,0,0,0,0,0,0,0,0,092,092
361190004013002,36,119,000401,3002,0,0,0,0,0,0,0,0,0,0,0,0,0,0,0,0,0,0,0,0,0,0,0,0,0,0,0,0,0,0,0,089,089
361190121013033,36,119,012101,3033,0,0,0,0,0,0,0,0,0,0,0,0,0,0,0,0,0,0,0,0,0,0,0,0,0,0,0,0,0,0,0,092,092
361190108011014,36,119,010801,1014,0,0,0,0,0,0,0,0,0,0,0,0,0,0,0,0,0,0,0,0,0,0,0,0,0,0,0,0,0,0,0,092,092
361190041003006,36,119,004100,3006,0,0,0,0,0,0,0,0,0,0,0,0,0,0,0,0,0,0,0,0,0,0,0,0,0,0,0,0,0,0,0,089,089
361190118002002,36,119,011800,2002,0,0,0,0,0,0,0,0,0,0,0,0,0,0,0,0,0,0,0,0,0,0,0,0,0,0,0,0,0,0,0,092,092
361190151002018,36,119,015100,2018,0,0,0,0,0,0,0,0,0,0,0,0,0,0,0,0,0,0,0,0,0,0,0,0,0,0,0,0,0,0,0,089,089
361190042002002,36,119,004200,2002,42,5,15,0,0,0,14,8,42,18,24,2,15,0,0,0,2,5,7,7,0,0,0,0,0,0,0,0,0,0,0,089,089
361190036001001,36,119,003600,1001,46,2,8,0,0,1,22,13,46,34,12,2,5,0,0,1,0,4,8,8,0,0,0,0,0,0,0,0,0,0,0,089,089
361190036001006,36,119,003600,1006,203,32,95,2,4,0,60,10,203,73,130,24,90,0,4,0,5,7,79,79,0,0,0,0,0,0,0,0,0,0,0,089,089
361190039002005,36,119,003900,2005,160,58,47,2,6,0,21,26,160,40,120,48,47,1,6,0,3,15,65,61,4,0,0,0,0,0,0,0,0,0,0,089,089
361190017011006,36,119,001701,1006,0,0,0,0,0,0,0,0,0,0,0,0,0,0,0,0,0,0,0,0,0,0,0,0,0,0,0,0,0,0,0,090,090
361190030001002,36,119,003000,1002,226,4,200,0,2,0,11,9,226,12,214,4,199,0,2,0,0,9,83,83,0,0,0,0,0,0,0,0,0,0,0,089,089
361190036001016,36,119,003600,1016,0,0,0,0,0,0,0,0,0,0,0,0,0,0,0,0,0,0,0,0,0,0,0,0,0,0,0,0,0,0,0,089,089
361190040012006,36,119,004001,2006,0,0,0,0,0,0,0,0,0,0,0,0,0,0,0,0,0,0,0,0,0,0,0,0,0,0,0,0,0,0,0,089,089
361190031001000,36,119,003100,1000,0,0,0,0,0,0,0,0,0,0,0,0,0,0,0,0,0,0,0,0,0,0,0,0,0,0,0,0,0,0,0,089,089
361190039003003,36,119,003900,3003,233,90,47,1,6,0,48,41,233,74,159,77,47,1,6,0,10,18,75,75,0,0,0,0,0,0,0,0,0,0,0,089,089
361190122023040,36,119,012202,3040,0,0,0,0,0,0,0,0,0,0,0,0,0,0,0,0,0,0,0,0,0,0,0,0,0,0,0,0,0,0,0,092,092
361190040023002,36,119,004002,3002,150,34,24,0,4,0,53,35,150,68,82,33,24,0,4,0,11,10,64,64,0,0,0,0,0,0,0,0,0,0,0,089,089
361190115004005,36,119,011500,4005,177,101,14,0,10,0,16,36,177,51,126,94,13,0,10,0,4,5,99,90,9,0,0,0,0,0,0,0,0,0,0,092,092
361190005012015,36,119,000501,2015,146,7,58,5,1,0,65,10,146,81,65,5,58,0,1,0,0,1,69,69,0,0,0,0,0,0,0,0,0,0,0,090,090
361190011012005,36,119,001101,2005,513,48,146,32,0,0,240,47,513,361,152,22,120,0,0,0,7,3,149,137,12,0,0,0,0,0,0,0,0,0,0,090,090
361190010002001,36,119,001000,2001,58,10,17,3,3,0,12,13,58,25,33,3,17,2,3,0,0,8,17,11,6,0,0,0,0,0,0,0,0,0,0,090,090
361190006011004,36,119,000601,1004,228,33,111,10,3,0,53,18,228,84,144,31,104,0,3,0,3,3,79,69,10,0,0,0,0,0,0,0,0,0,0,090,090
361190010002000,36,119,001000,2000,114,20,51,3,6,0,17,17,114,36,78,15,51,2,5,0,0,5,85,85,0,6,0,0,0,0,0,6,0,0,6,090,090
361190011021002,36,119,001102,1002,440,80,93,22,2,0,198,45,440,315,125,40,72,0,2,0,1,10,154,138,16,0,0,0,0,0,0,0,0,0,0,090,090
361190001032001,36,119,000103,2001,0,0,0,0,0,0,0,0,0,0,0,0,0,0,0,0,0,0,0,0,0,0,0,0,0,0,0,0,0,0,0,089,089
361190001034001,36,119,000103,4001,180,16,16,3,0,1,115,29,180,146,34,6,14,3,0,1,8,2,55,46,9,0,0,0,0,0,0,0,0,0,0,089,089
361190002023000,36,119,000202,3000,203,38,65,5,1,0,57,37,203,108,95,28,60,0,1,0,0,6,58,58,0,0,0,0,0,0,0,0,0,0,0,089,089
361190002021002,36,119,000202,1002,264,61,45,8,3,0,126,21,264,188,76,32,40,0,3,0,1,0,93,93,0,0,0,0,0,0,0,0,0,0,0,089,089
361190111011042,36,119,011101,1042,0,0,0,0,0,0,0,0,0,0,0,0,0,0,0,0,0,0,0,0,0,0,0,0,0,0,0,0,0,0,0,092,092
361190011023003,36,119,001102,3003,423,90,139,0,7,0,141,46,423,247,176,34,125,0,5,0,8,4,137,122,15,0,0,0,0,0,0,0,0,0,0,090,090
361190011022006,36,119,001102,2006,170,49,32,1,14,0,54,20,170,91,79,33,21,0,14,0,4,7,65,64,1,0,0,0,0,0,0,0,0,0,0,090,090
361190011023005,36,119,001102,3005,370,92,50,6,3,1,152,66,370,261,109,56,32,3,3,1,8,6,128,128,0,0,0,0,0,0,0,0,0,0,0,090,090
361190011022011,36,119,001102,2011,113,33,18,1,7,0,38,16,113,56,57,31,14,1,7,0,2,2,51,51,0,0,0,0,0,0,0,0,0,0,0,090,090
361190012003005,36,119,001200,3005,61,12,8,0,17,0,14,10,61,21,40,12,3,0,17,0,7,1,16,15,1,0,0,0,0,0,0,0,0,0,0,090,090
361190013012012,36,119,001301,2012,45,27,6,0,3,0,7,2,45,20,25,16,6,0,3,0,0,0,15,15,0,0,0,0,0,0,0,0,0,0,0,090,090
361190011022010,36,119,001102,2010,90,19,13,0,38,0,11,9,90,21,69,18,9,0,38,0,2,2,28,27,1,0,0,0,0,0,0,0,0,0,0,090,090
361190013012004,36,119,001301,2004,36,12,7,0,8,0,6,3,36,9,27,11,7,0,8,0,0,1,13,11,2,0,0,0,0,0,0,0,0,0,0,090,090
361190013013004,36,119,001301,3004,41,11,9,1,3,0,3,14,41,13,28,11,7,0,2,0,0,8,8,8,0,0,0,0,0,0,0,0,0,0,0,090,090
361190013012001,36,119,001301,2001,50,10,9,0,24,0,5,2,50,8,42,10,6,0,24,0,0,2,18,18,0,0,0,0,0,0,0,0,0,0,0,090,090
361190013012019,36,119,001301,2019,72,15,2,0,15,0,31,9,72,40,32,14,2,0,15,0,1,0,24,24,0,0,0,0,0,0,0,0,0,0,0,090,090
361190013012005,36,119,001301,2005,28,18,4,0,1,0,0,5,28,3,25,18,4,0,1,0,0,2,15,11,4,0,0,0,0,0,0,0,0,0,0,090,090
361190011021006,36,119,001102,1006,124,37,26,2,4,0,25,30,124,80,44,16,20,1,1,0,0,6,41,41,0,0,0,0,0,0,0,0,0,0,0,090,090
361190112003006,36,119,011200,3006,44,11,14,0,0,0,9,10,44,13,31,10,14,0,0,0,4,3,11,11,0,0,0,0,0,0,0,0,0,0,0,092,092
361190015051003,36,119,001505,1003,0,0,0,0,0,0,0,0,0,0,0,0,0,0,0,0,0,0,0,0,0,0,0,0,0,0,0,0,0,0,0,089,089
361190004012007,36,119,000401,2007,0,0,0,0,0,0,0,0,0,0,0,0,0,0,0,0,0,0,0,0,0,0,0,0,0,0,0,0,0,0,0,089,089
361190013012008,36,119,001301,2008,19,9,0,2,0,0,1,7,19,7,12,4,0,2,0,0,1,5,1,1,0,0,0,0,0,0,0,0,0,0,0,090,090
361190021062004,36,119,002106,2004,0,0,0,0,0,0,0,0,0,0,0,0,0,0,0,0,0,0,0,0,0,0,0,0,0,0,0,0,0,0,0,090,090
361190022031003,36,119,002203,1003,0,0,0,0,0,0,0,0,0,0,0,0,0,0,0,0,0,0,0,0,0,0,0,0,0,0,0,0,0,0,0,090,090
361190112004002,36,119,011200,4002,20,4,8,0,1,0,5,2,20,7,13,4,8,0,1,0,0,0,3,3,0,0,0,0,0,0,0,0,0,0,0,092,092
361190109033002,36,119,010903,3002,0,0,0,0,0,0,0,0,0,0,0,0,0,0,0,0,0,0,0,0,0,0,0,0,0,0,0,0,0,0,0,092,092
361190108032008,36,119,010803,2008,386,228,75,0,29,0,28,26,386,52,334,219,75,0,29,0,5,6,203,192,11,0,0,0,0,0,0,0,0,0,0,092,092
361199810001024,36,119,981000,1024,9,5,0,0,0,0,1,3,9,2,7,5,0,0,0,0,0,2,2,2,0,0,0,0,0,0,0,0,0,0,0,092,092
361190008033004,36,119,000803,3004,321,77,72,2,4,0,101,65,321,198,123,42,63,0,4,0,0,14,102,102,0,0,0,0,0,0,0,0,0,0,0,090,090
361190008031004,36,119,000803,1004,175,67,8,0,12,0,63,25,175,90,85,60,7,0,12,0,0,6,54,54,0,0,0,0,0,0,0,0,0,0,0,090,090
361190008012008,36,119,000801,2008,98,60,3,2,4,0,11,18,98,28,70,54,2,0,4,0,2,8,28,26,2,0,0,0,0,0,0,0,0,0,0,090,090
361190006012001,36,119,000601,2001,257,40,72,7,2,0,101,35,257,155,102,33,55,2,2,0,0,10,87,65,22,0,0,0,0,0,0,0,0,0,0,090,090
361190008021006,36,119,000802,1006,143,34,31,0,5,0,45,28,143,75,68,27,30,0,5,0,5,1,52,52,0,0,0,0,0,0,0,0,0,0,0,090,090
361190117002023,36,119,011700,2023,32,22,0,0,4,0,0,6,32,0,32,22,0,0,4,0,0,6,9,9,0,0,0,0,0,0,0,0,0,0,0,092,092
361190117001017,36,119,011700,1017,85,58,0,0,2,0,11,14,85,26,59,55,0,0,2,0,0,2,42,42,0,0,0,0,0,0,0,0,0,0,0,092,092
361190117001010,36,119,011700,1010,151,127,0,0,1,0,11,12,151,27,124,116,0,0,1,0,1,6,72,71,1,0,0,0,0,0,0,0,0,0,0,092,092
361190116011000,36,119,011601,1000,84,65,1,0,5,0,0,13,84,19,65,57,1,0,5,0,0,2,22,22,0,0,0,0,0,0,0,0,0,0,0,092,092
361190116021003,36,119,011602,1003,171,62,2,3,0,0,57,47,171,107,64,49,1,0,0,0,8,6,51,51,0,0,0,0,0,0,0,0,0,0,0,092,092
361190116012000,36,119,011601,2000,338,37,4,6,0,0,208,83,338,306,32,25,1,6,0,0,0,0,84,84,0,0,0,0,0,0,0,0,0,0,0,092,092
361190115004004,36,119,011500,4004,276,162,2,0,27,0,43,42,276,85,191,146,2,0,27,0,1,15,138,137,1,0,0,0,0,0,0,0,0,0,0,092,092
361190115003010,36,119,011500,3010,113,43,6,0,8,0,38,18,113,62,51,37,6,0,8,0,0,0,45,45,0,0,0,0,0,0,0,0,0,0,0,092,092
361190117001020,36,119,011700,1020,48,33,1,2,2,0,6,4,48,11,37,33,1,0,2,0,1,0,24,24,0,0,0,0,0,0,0,0,0,0,0,092,092
361190115003003,36,119,011500,3003,120,41,6,1,1,0,62,9,120,72,48,37,6,1,1,0,2,1,57,49,8,0,0,0,0,0,0,0,0,0,0,092,092
361190115003008,36,119,011500,3008,42,26,6,0,2,0,4,4,42,12,30,26,2,0,2,0,0,0,22,22,0,0,0,0,0,0,0,0,0,0,0,092,092
361190115003015,36,119,011500,3015,52,28,0,0,1,0,10,13,52,22,30,23,0,0,1,0,6,0,16,10,6,0,0,0,0,0,0,0,0,0,0,092,092
361190114011015,36,119,011401,1015,44,35,5,0,2,0,0,2,44,1,43,34,5,0,2,0,0,2,16,16,0,0,0,0,0,0,0,0,0,0,0,092,092
361190115002006,36,119,011500,2006,386,219,49,2,60,0,13,43,386,55,331,213,49,2,58,0,0,9,236,236,0,6,0,0,0,0,0,6,0,0,6,092,092
361190103001009,36,119,010300,1009,23,20,0,0,0,0,0,3,23,3,20,20,0,0,0,0,0,0,9,9,0,0,0,0,0,0,0,0,0,0,0,092,092
361190105005022,36,119,010500,5022,131,115,0,0,4,0,8,4,131,9,122,114,0,0,4,0,0,4,47,43,4,0,0,0,0,0,0,0,0,0,0,092,092
361190102005025,36,119,010200,5025,27,21,1,0,2,0,0,3,27,3,24,21,1,0,0,0,0,2,6,6,0,0,0,0,0,0,0,0,0,0,0,092,092
361190102003014,36,119,010200,3014,52,33,0,0,2,0,2,15,52,7,45,33,0,0,2,0,2,8,12,12,0,0,0,0,0,0,0,0,0,0,0,092,092
361190102002005,36,119,010200,2005,55,34,3,0,0,0,2,16,55,8,47,34,2,0,0,0,2,9,16,16,0,0,0,0,0,0,0,0,0,0,0,092,092
361190105004000,36,119,010500,4000,804,471,91,1,52,0,99,90,804,182,622,439,72,1,52,0,6,52,329,326,3,20,11,0,11,0,0,9,0,0,9,092,092
361190108041027,36,119,010804,1027,26,11,4,0,5,0,0,6,26,8,18,9,4,0,5,0,0,0,8,8,0,0,0,0,0,0,0,0,0,0,0,092,092
361190111011027,36,119,011101,1027,0,0,0,0,0,0,0,0,0,0,0,0,0,0,0,0,0,0,0,0,0,0,0,0,0,0,0,0,0,0,0,092,092
361199810001023,36,119,981000,1023,308,87,146,4,2,0,69,0,308,111,197,61,132,0,2,0,2,0,0,0,0,308,308,308,0,0,0,0,0,0,0,092,092
361190116011004,36,119,011601,1004,298,80,9,6,0,0,161,42,298,235,63,41,9,0,0,0,2,11,97,88,9,0,0,0,0,0,0,0,0,0,0,092,092
361190115004003,36,119,011500,4003,387,152,4,1,10,0,137,83,387,264,123,106,3,0,9,0,0,5,155,155,0,0,0,0,0,0,0,0,0,0,0,092,092
361190115003004,36,119,011500,3004,75,62,8,0,2,0,0,3,75,5,70,61,6,0,1,0,0,2,40,40,0,0,0,0,0,0,0,0,0,0,0,092,092
361190115002000,36,119,011500,2000,98,66,2,0,8,0,2,20,98,17,81,65,1,0,8,0,0,7,28,28,0,0,0,0,0,0,0,0,0,0,0,092,092
361190114011013,36,119,011401,1013,29,14,6,0,2,0,4,3,29,5,24,14,6,0,2,0,0,2,9,5,4,0,0,0,0,0,0,0,0,0,0,092,092
361190114011014,36,119,011401,1014,47,38,1,0,1,0,0,7,47,3,44,35,1,0,1,0,0,7,11,11,0,0,0,0,0,0,0,0,0,0,0,092,092
361190115001020,36,119,011500,1020,23,9,0,0,0,0,5,9,23,9,14,7,0,0,0,0,0,7,7,7,0,0,0,0,0,0,0,0,0,0,0,092,092
361190114014005,36,119,011401,4005,80,56,12,0,1,0,2,9,80,19,61,49,8,0,1,0,0,3,27,27,0,0,0,0,0,0,0,0,0,0,0,092,092
361190001033006,36,119,000103,3006,0,0,0,0,0,0,0,0,0,0,0,0,0,0,0,0,0,0,0,0,0,0,0,0,0,0,0,0,0,0,0,089,089
361190118001001,36,119,011800,1001,0,0,0,0,0,0,0,0,0,0,0,0,0,0,0,0,0,0,0,0,0,0,0,0,0,0,0,0,0,0,0,092,092
361190009002009,36,119,000900,2009,0,0,0,0,0,0,0,0,0,0,0,0,0,0,0,0,0,0,0,0,0,0,0,0,0,0,0,0,0,0,0,092,092
361190109034005,36,119,010903,4005,220,138,24,0,17,0,13,28,220,34,186,137,24,0,17,0,1,7,125,125,0,0,0,0,0,0,0,0,0,0,0,092,092
361190122024001,36,119,012202,4001,0,0,0,0,0,0,0,0,0,0,0,0,0,0,0,0,0,0,0,0,0,0,0,0,0,0,0,0,0,0,0,092,092
361199810001017,36,119,981000,1017,0,0,0,0,0,0,0,0,0,0,0,0,0,0,0,0,0,0,0,0,0,0,0,0,0,0,0,0,0,0,0,092,092
361190116022001,36,119,011602,2001,199,24,7,4,4,0,112,48,199,178,21,20,0,0,0,0,0,1,59,55,4,0,0,0,0,0,0,0,0,0,0,092,092
361190131022029,36,119,013102,2029,0,0,0,0,0,0,0,0,0,0,0,0,0,0,0,0,0,0,0,0,0,0,0,0,0,0,0,0,0,0,0,092,
361190131022025,36,119,013102,2025,0,0,0,0,0,0,0,0,0,0,0,0,0,0,0,0,0,0,0,0,0,0,0,0,0,0,0,0,0,0,0,092,
361190106002012,36,119,010600,2012,0,0,0,0,0,0,0,0,0,0,0,0,0,0,0,0,0,0,0,0,0,0,0,0,0,0,0,0,0,0,0,092,092
361190106002011,36,119,010600,2011,12,1,0,0,5,0,0,6,12,6,6,1,0,0,5,0,0,0,1,1,0,0,0,0,0,0,0,0,0,0,0,092,092
361190022012023,36,119,002201,2023,108,84,4,0,0,1,8,11,108,16,92,84,4,0,0,1,0,3,44,43,1,0,0,0,0,0,0,0,0,0,0,090,090
361190022023006,36,119,002202,3006,46,41,1,0,0,0,1,3,46,4,42,41,0,0,0,0,0,1,22,22,0,0,0,0,0,0,0,0,0,0,0,090,090
361190022023014,36,119,002202,3014,85,69,2,0,6,0,0,8,85,13,72,64,2,0,6,0,0,0,45,45,0,0,0,0,0,0,0,0,0,0,0,090,090
361190037003003,36,119,003700,3003,0,0,0,0,0,0,0,0,0,0,0,0,0,0,0,0,0,0,0,0,0,0,0,0,0,0,0,0,0,0,0,089,089
361190121012017,36,119,012101,2017,104,89,1,0,6,0,0,8,104,5,99,89,1,0,6,0,0,3,39,39,0,0,0,0,0,0,0,0,0,0,0,092,092
361190022023005,36,119,002202,3005,322,237,6,0,14,0,43,22,322,65,257,234,6,0,14,0,0,3,165,153,12,0,0,0,0,0,0,0,0,0,0,090,090
361190022011005,36,119,002201,1005,29,23,6,0,0,0,0,0,29,2,27,21,6,0,0,0,0,0,8,8,0,0,0,0,0,0,0,0,0,0,0,090,090
361190022011024,36,119,002201,1024,17,10,0,0,0,0,1,6,17,6,11,10,0,0,0,0,1,0,1,1,0,0,0,0,0,0,0,0,0,0,0,090,090
361190022011003,36,119,002201,1003,114,73,19,0,17,0,5,0,114,6,108,71,19,0,17,0,1,0,45,44,1,0,0,0,0,0,0,0,0,0,0,090,090
361190022011026,36,119,002201,1026,47,41,0,0,0,0,4,2,47,6,41,41,0,0,0,0,0,0,11,11,0,0,0,0,0,0,0,0,0,0,0,090,090
361190022011002,36,119,002201,1002,0,0,0,0,0,0,0,0,0,0,0,0,0,0,0,0,0,0,0,0,0,0,0,0,0,0,0,0,0,0,0,090,090
361190022012021,36,119,002201,2021,0,0,0,0,0,0,0,0,0,0,0,0,0,0,0,0,0,0,0,0,0,0,0,0,0,0,0,0,0,0,0,090,090
361190022023002,36,119,002202,3002,41,28,0,0,0,0,1,12,41,9,32,28,0,0,0,0,0,4,17,17,0,0,0,0,0,0,0,0,0,0,0,090,090
361190026002034,36,119,002600,2034,0,0,0,0,0,0,0,0,0,0,0,0,0,0,0,0,0,0,0,0,0,0,0,0,0,0,0,0,0,0,0,089,089
361190122023000,36,119,012202,3000,0,0,0,0,0,0,0,0,0,0,0,0,0,0,0,0,0,0,0,0,0,0,0,0,0,0,0,0,0,0,0,092,092
361190112003007,36,119,011200,3007,46,4,21,0,1,0,15,5,46,24,22,0,21,0,1,0,0,0,15,15,0,0,0,0,0,0,0,0,0,0,0,092,092
361190112003008,36,119,011200,3008,38,5,24,1,0,0,7,1,38,9,29,5,24,0,0,0,0,0,17,17,0,0,0,0,0,0,0,0,0,0,0,092,092
361190112004021,36,119,011200,4021,21,5,0,6,0,0,9,1,21,16,5,5,0,0,0,0,0,0,7,7,0,0,0,0,0,0,0,0,0,0,0,092,092
361190112004020,36,119,011200,4020,66,2,21,3,1,0,26,13,66,41,25,2,21,0,1,0,0,1,25,22,3,0,0,0,0,0,0,0,0,0,0,092,092
361190112004022,36,119,011200,4022,22,1,3,3,4,0,6,5,22,14,8,1,3,0,4,0,0,0,2,2,0,0,0,0,0,0,0,0,0,0,0,092,092
361190112004023,36,119,011200,4023,24,5,1,1,0,0,16,1,24,20,4,2,1,0,0,0,0,1,1,0,1,0,0,0,0,0,0,0,0,0,0,092,092
361190112004024,36,119,011200,4024,28,0,9,0,0,0,18,1,28,19,9,0,7,0,0,0,2,0,8,8,0,0,0,0,0,0,0,0,0,0,0,092,092
361190112004032,36,119,011200,4032,50,9,9,1,0,0,17,14,50,41,9,2,7,0,0,0,0,0,10,8,2,0,0,0,0,0,0,0,0,0,0,092,092
361190014014000,36,119,001401,4000,0,0,0,0,0,0,0,0,0,0,0,0,0,0,0,0,0,0,0,0,0,0,0,0,0,0,0,0,0,0,0,090,090
361190109022031,36,119,010902,2031,87,10,40,0,4,1,19,13,87,22,65,10,40,0,4,1,0,10,24,22,2,13,0,0,0,0,0,13,0,0,13,092,092
361190109022011,36,119,010902,2011,63,30,18,0,6,0,3,6,63,12,51,28,17,0,5,0,0,1,30,30,0,0,0,0,0,0,0,0,0,0,0,092,092
361190109022036,36,119,010902,2036,30,6,13,0,5,0,4,2,30,2,28,5,13,0,5,0,4,1,10,8,2,0,0,0,0,0,0,0,0,0,0,092,092
361190109024016,36,119,010902,4016,62,14,25,0,5,0,10,8,62,26,36,8,23,0,5,0,0,0,19,19,0,0,0,0,0,0,0,0,0,0,0,092,092
361190109022038,36,119,010902,2038,38,9,14,1,1,0,3,10,38,12,26,9,14,0,1,0,0,2,9,9,0,0,0,0,0,0,0,0,0,0,0,092,092
361190109022032,36,119,010902,2032,20,5,4,0,0,0,3,8,20,10,10,5,4,0,0,0,0,1,8,7,1,0,0,0,0,0,0,0,0,0,0,092,092
361190109022012,36,119,010902,2012,22,5,4,0,0,0,6,7,22,12,10,3,4,0,0,0,0,3,9,9,0,0,0,0,0,0,0,0,0,0,0,092,092
361190109022008,36,119,010902,2008,47,9,10,1,5,0,14,8,47,23,24,9,10,0,5,0,0,0,8,0,8,0,0,0,0,0,0,0,0,0,0,092,092
361190109022023,36,119,010902,2023,36,8,23,0,0,0,2,3,36,4,32,8,23,0,0,0,1,0,8,8,0,0,0,0,0,0,0,0,0,0,0,092,092
361190109022015,36,119,010902,2015,26,2,14,2,2,0,3,3,26,5,21,0,14,2,2,0,0,3,10,10,0,0,0,0,0,0,0,0,0,0,0,092,092
361190109022016,36,119,010902,2016,30,10,12,0,1,0,3,4,30,6,24,10,12,0,1,0,1,0,14,14,0,0,0,0,0,0,0,0,0,0,0,092,092
361190109022033,36,119,010902,2033,26,8,14,0,0,0,0,4,26,8,18,8,10,0,0,0,0,0,10,10,0,0,0,0,0,0,0,0,0,0,0,092,092
361190109022034,36,119,010902,2034,45,0,17,0,0,0,4,24,45,25,20,0,17,0,0,0,0,3,10,10,0,0,0,0,0,0,0,0,0,0,0,092,092
361190109024019,36,119,010902,4019,76,9,34,1,6,0,17,9,76,27,49,9,31,0,6,0,0,3,27,27,0,0,0,0,0,0,0,0,0,0,0,092,092
361190109022030,36,119,010902,2030,18,3,10,0,0,0,4,1,18,6,12,0,10,0,0,0,2,0,9,9,0,0,0,0,0,0,0,0,0,0,0,092,092
361190022024007,36,119,002202,4007,75,68,0,0,7,0,0,0,75,2,73,66,0,0,7,0,0,0,25,25,0,0,0,0,0,0,0,0,0,0,0,090,090
361190022021002,36,119,002202,1002,62,49,1,0,8,0,0,4,62,3,59,49,1,0,8,0,0,1,29,28,1,0,0,0,0,0,0,0,0,0,0,090,090
361190022024018,36,119,002202,4018,52,38,1,0,6,0,4,3,52,5,47,38,1,0,6,0,0,2,20,20,0,0,0,0,0,0,0,0,0,0,0,090,090
361190022043003,36,119,002204,3003,49,37,6,0,4,1,0,1,49,0,49,37,6,0,4,1,0,1,14,14,0,0,0,0,0,0,0,0,0,0,0,090,090
361190022024005,36,119,002202,4005,62,58,0,1,1,0,0,2,62,3,59,57,0,1,0,0,0,1,20,20,0,0,0,0,0,0,0,0,0,0,0,090,090
361190022024013,36,119,002202,4013,13,2,0,0,7,0,4,0,13,4,9,2,0,0,7,0,0,0,4,4,0,0,0,0,0,0,0,0,0,0,0,090,090
361190022044007,36,119,002204,4007,5,4,0,0,0,0,1,0,5,1,4,4,0,0,0,0,0,0,2,2,0,0,0,0,0,0,0,0,0,0,0,090,090
361190110001004,36,119,011000,1004,59,27,5,1,9,0,2,15,59,17,42,24,5,1,9,0,0,3,18,18,0,0,0,0,0,0,0,0,0,0,0,092,092
361190151001003,36,119,015100,1003,38,26,7,0,2,0,2,1,38,6,32,25,7,0,0,0,0,0,28,28,0,0,0,0,0,0,0,0,0,0,0,089,089
361190151004012,36,119,015100,4012,54,1,45,1,1,0,2,4,54,2,52,1,45,1,1,0,0,4,19,19,0,0,0,0,0,0,0,0,0,0,0,089,089
361190122024006,36,119,012202,4006,112,101,2,0,0,0,6,3,112,7,105,101,2,0,0,0,0,2,46,46,0,0,0,0,0,0,0,0,0,0,0,092,092
361190034003004,36,119,003400,3004,238,21,143,0,3,0,55,16,238,67,171,19,143,0,3,0,3,3,76,66,10,0,0,0,0,0,0,0,0,0,0,089,089
361190022024022,36,119,002202,4022,44,38,0,0,0,0,0,6,44,3,41,37,0,0,0,0,0,4,22,21,1,0,0,0,0,0,0,0,0,0,0,090,090
361190022024021,36,119,002202,4021,19,7,0,1,0,0,0,11,19,11,8,7,0,0,0,0,0,1,3,3,0,0,0,0,0,0,0,0,0,0,0,090,090
361190022022002,36,119,002202,2002,0,0,0,0,0,0,0,0,0,0,0,0,0,0,0,0,0,0,0,0,0,0,0,0,0,0,0,0,0,0,0,090,090
361190022022000,36,119,002202,2000,0,0,0,0,0,0,0,0,0,0,0,0,0,0,0,0,0,0,0,0,0,0,0,0,0,0,0,0,0,0,0,090,090
361190022022012,36,119,002202,2012,0,0,0,0,0,0,0,0,0,0,0,0,0,0,0,0,0,0,0,0,0,0,0,0,0,0,0,0,0,0,0,090,090
361190022022005,36,119,002202,2005,0,0,0,0,0,0,0,0,0,0,0,0,0,0,0,0,0,0,0,0,0,0,0,0,0,0,0,0,0,0,0,090,090
361190022041002,36,119,002204,1002,43,35,2,0,0,0,5,1,43,1,42,34,2,0,0,0,5,1,14,8,6,0,0,0,0,0,0,0,0,0,0,090,090
361190121022016,36,119,012102,2016,68,48,0,0,6,0,9,5,68,10,58,48,0,0,6,0,0,4,26,26,0,0,0,0,0,0,0,0,0,0,0,092,092
361190022041003,36,119,002204,1003,39,30,0,0,1,0,7,1,39,8,31,30,0,0,1,0,0,0,12,5,7,0,0,0,0,0,0,0,0,0,0,090,090
361190022041001,36,119,002204,1001,22,18,0,0,0,0,0,4,22,3,19,18,0,0,0,0,0,1,8,8,0,0,0,0,0,0,0,0,0,0,0,090,090
361190022041009,36,119,002204,1009,69,56,1,0,1,0,3,8,69,9,60,54,1,0,1,0,1,3,28,28,0,0,0,0,0,0,0,0,0,0,0,090,090
361190022041008,36,119,002204,1008,48,40,0,0,0,0,1,7,48,9,39,37,0,0,0,0,0,2,17,10,7,0,0,0,0,0,0,0,0,0,0,090,090
361190022041006,36,119,002204,1006,14,8,2,0,3,0,1,0,14,2,12,8,1,0,3,0,0,0,6,4,2,0,0,0,0,0,0,0,0,0,0,090,090
361190022042006,36,119,002204,2006,240,176,8,1,11,0,20,24,240,50,190,164,8,1,11,0,4,2,116,108,8,0,0,0,0,0,0,0,0,0,0,090,090
361190022042007,36,119,002204,2007,64,37,1,2,6,0,4,14,64,15,49,37,0,0,4,0,3,5,15,15,0,0,0,0,0,0,0,0,0,0,0,090,090
361190022041022,36,119,002204,1022,124,110,4,1,5,0,3,1,124,7,117,104,4,0,5,0,3,1,46,46,0,0,0,0,0,0,0,0,0,0,0,090,090
361190022041019,36,119,002204,1019,26,23,0,0,0,1,0,2,26,8,18,18,0,0,0,0,0,0,12,12,0,0,0,0,0,0,0,0,0,0,0,090,090
361190022041018,36,119,002204,1018,167,111,2,0,10,0,27,17,167,33,134,111,2,0,10,0,4,7,112,112,0,0,0,0,0,0,0,0,0,0,0,090,090
361190022011031,36,119,002201,1031,0,0,0,0,0,0,0,0,0,0,0,0,0,0,0,0,0,0,0,0,0,0,0,0,0,0,0,0,0,0,0,090,090
361190022023010,36,119,002202,3010,34,22,1,2,2,0,0,7,34,6,28,19,1,0,2,0,0,6,9,0,9,0,0,0,0,0,0,0,0,0,0,090,090
361190022023013,36,119,002202,3013,44,28,0,0,0,0,1,15,44,14,30,28,0,0,0,0,0,2,11,11,0,0,0,0,0,0,0,0,0,0,0,090,090
361190022023016,36,119,002202,3016,35,26,2,0,2,0,0,5,35,4,31,24,1,0,2,0,0,4,8,8,0,0,0,0,0,0,0,0,0,0,0,090,090
361190022023008,36,119,002202,3008,43,32,7,0,3,0,0,1,43,8,35,28,3,0,3,0,0,1,13,13,0,0,0,0,0,0,0,0,0,0,0,090,090
361190022012018,36,119,002201,2018,36,22,2,0,2,0,0,10,36,5,31,22,2,0,2,0,0,5,12,10,2,0,0,0,0,0,0,0,0,0,0,090,090
361190022012017,36,119,002201,2017,62,41,2,0,0,0,5,14,62,18,44,40,0,0,0,0,0,4,19,19,0,0,0,0,0,0,0,0,0,0,0,090,090
361190036001000,36,119,003600,1000,33,4,10,0,0,0,0,19,33,19,14,0,10,0,0,0,0,4,16,16,0,0,0,0,0,0,0,0,0,0,0,089,089
361190005012018,36,119,000501,2018,182,12,73,4,4,0,35,54,182,97,85,4,68,1,4,0,0,8,62,60,2,0,0,0,0,0,0,0,0,0,0,090,090
361190102002015,36,119,010200,2015,15,10,4,0,1,0,0,0,15,0,15,10,4,0,1,0,0,0,7,7,0,0,0,0,0,0,0,0,0,0,0,092,092
361190009001011,36,119,000900,1011,54,33,1,0,4,0,11,5,54,20,34,29,1,0,4,0,0,0,28,28,0,0,0,0,0,0,0,0,0,0,0,092,090
361190009001005,36,119,000900,1005,0,0,0,0,0,0,0,0,0,0,0,0,0,0,0,0,0,0,0,0,0,0,0,0,0,0,0,0,0,0,0,090,090
361190021031002,36,119,002103,1002,64,48,2,0,3,0,0,11,64,8,56,48,2,0,3,0,0,3,20,19,1,0,0,0,0,0,0,0,0,0,0,090,090
361190021031003,36,119,002103,1003,53,52,0,0,0,0,0,1,53,0,53,52,0,0,0,0,0,1,22,22,0,0,0,0,0,0,0,0,0,0,0,090,090
361190021033000,36,119,002103,3000,43,38,0,0,2,0,0,3,43,3,40,38,0,0,2,0,0,0,16,16,0,0,0,0,0,0,0,0,0,0,0,090,090
361190021033002,36,119,002103,3002,23,14,3,0,1,0,4,1,23,5,18,14,3,0,1,0,0,0,9,9,0,6,0,0,0,0,0,6,0,0,6,090,090
361190021033003,36,119,002103,3003,10,8,0,0,0,0,0,2,10,0,10,8,0,0,0,0,0,2,3,3,0,0,0,0,0,0,0,0,0,0,0,090,090
361190021033027,36,119,002103,3027,22,16,0,0,5,0,0,1,22,3,19,14,0,0,5,0,0,0,8,7,1,0,0,0,0,0,0,0,0,0,0,090,090
361190021071003,36,119,002107,1003,37,17,10,0,0,0,3,7,37,13,24,14,7,0,0,0,2,1,9,9,0,0,0,0,0,0,0,0,0,0,0,090,090
361190016004001,36,119,001600,4001,115,57,9,5,9,0,15,20,115,39,76,57,8,0,9,0,0,2,44,44,0,0,0,0,0,0,0,0,0,0,0,090,090
361190017021011,36,119,001702,1011,119,73,17,0,6,0,12,11,119,32,87,63,17,0,6,0,0,1,42,42,0,0,0,0,0,0,0,0,0,0,0,090,090
361190017011000,36,119,001701,1000,170,78,6,1,9,0,43,33,170,93,77,58,5,0,9,0,0,5,55,53,2,0,0,0,0,0,0,0,0,0,0,090,090
361190109033008,36,119,010903,3008,48,12,6,0,6,0,16,8,48,22,26,12,6,0,6,0,0,2,14,14,0,0,0,0,0,0,0,0,0,0,0,092,092
361190109033004,36,119,010903,3004,34,5,11,0,6,0,3,9,34,14,20,3,11,0,6,0,0,0,6,1,5,0,0,0,0,0,0,0,0,0,0,092,092
361190109034017,36,119,010903,4017,33,2,17,0,4,0,2,8,33,7,26,2,17,0,4,0,0,3,12,12,0,0,0,0,0,0,0,0,0,0,0,092,092
361190109034028,36,119,010903,4028,55,14,18,1,7,0,6,9,55,18,37,14,16,0,7,0,0,0,18,18,0,0,0,0,0,0,0,0,0,0,0,092,092
361190109034019,36,119,010903,4019,29,5,11,0,4,0,3,6,29,6,23,5,8,0,3,0,3,4,5,5,0,0,0,0,0,0,0,0,0,0,0,092,092
361190109033024,36,119,010903,3024,40,13,10,0,1,0,12,4,40,19,21,12,8,0,1,0,0,0,18,18,0,0,0,0,0,0,0,0,0,0,0,092,092
361190108011004,36,119,010801,1004,20,9,3,0,4,0,3,1,20,4,16,9,3,0,4,0,0,0,5,5,0,0,0,0,0,0,0,0,0,0,0,092,092
361190109033028,36,119,010903,3028,29,0,10,3,6,0,7,3,29,12,17,0,10,0,6,0,0,1,7,7,0,0,0,0,0,0,0,0,0,0,0,092,092
361190109033027,36,119,010903,3027,88,34,31,0,8,0,14,1,88,17,71,34,27,0,8,0,1,1,35,35,0,0,0,0,0,0,0,0,0,0,0,092,092
361190105001015,36,119,010500,1015,76,65,0,1,5,0,4,1,76,0,76,65,0,1,5,0,4,1,20,20,0,0,0,0,0,0,0,0,0,0,0,092,092
361190104001014,36,119,010400,1014,87,56,0,0,18,0,6,7,87,15,72,53,0,0,18,0,0,1,32,32,0,0,0,0,0,0,0,0,0,0,0,092,092
361190104001017,36,119,010400,1017,91,77,0,0,8,0,0,6,91,3,88,76,0,0,8,0,0,4,35,35,0,0,0,0,0,0,0,0,0,0,0,092,092
361190105004003,36,119,010500,4003,87,60,10,0,7,0,0,10,87,11,76,55,10,0,7,0,0,4,34,26,8,0,0,0,0,0,0,0,0,0,0,092,092
361190104001016,36,119,010400,1016,108,83,1,0,15,0,1,8,108,7,101,81,0,0,15,0,0,5,49,49,0,0,0,0,0,0,0,0,0,0,0,092,092
361190105003001,36,119,010500,3001,1048,724,25,2,127,0,74,96,1048,169,879,695,25,0,127,0,7,25,547,501,46,0,0,0,0,0,0,0,0,0,0,092,092
361190105003002,36,119,010500,3002,139,95,9,0,9,0,11,15,139,30,109,89,9,0,9,0,0,2,51,45,6,0,0,0,0,0,0,0,0,0,0,092,092
361190105002006,36,119,010500,2006,95,77,2,0,6,0,0,10,95,10,85,73,1,0,6,0,0,5,38,34,4,0,0,0,0,0,0,0,0,0,0,092,092
361190105002013,36,119,010500,2013,32,10,2,0,7,0,0,13,32,8,24,8,2,0,7,0,0,7,4,3,1,0,0,0,0,0,0,0,0,0,0,092,092
361190105001012,36,119,010500,1012,33,21,0,1,3,0,1,7,33,7,26,21,0,0,3,0,0,2,11,11,0,0,0,0,0,0,0,0,0,0,0,092,092
361190105001019,36,119,010500,1019,47,33,0,2,0,0,2,10,47,8,39,33,0,0,0,0,2,4,14,14,0,0,0,0,0,0,0,0,0,0,0,092,092
361190105001018,36,119,010500,1018,23,17,0,0,0,0,3,3,23,0,23,17,0,0,0,0,3,3,10,10,0,0,0,0,0,0,0,0,0,0,0,092,092
361190105001020,36,119,010500,1020,76,40,1,0,9,0,15,11,76,21,55,40,1,0,9,0,1,4,36,36,0,0,0,0,0,0,0,0,0,0,0,092,092
361190021044000,36,119,002104,4000,411,220,73,0,26,0,41,51,411,123,288,194,64,0,26,0,0,4,260,247,13,0,0,0,0,0,0,0,0,0,0,090,090
361190103001003,36,119,010300,1003,0,0,0,0,0,0,0,0,0,0,0,0,0,0,0,0,0,0,0,0,0,0,0,0,0,0,0,0,0,0,0,092,092
361190027001001,36,119,002700,1001,142,4,132,0,0,0,0,6,142,2,140,3,132,0,0,0,0,5,60,60,0,0,0,0,0,0,0,0,0,0,0,089,089
361199810001013,36,119,981000,1013,0,0,0,0,0,0,0,0,0,0,0,0,0,0,0,0,0,0,0,0,0,0,0,0,0,0,0,0,0,0,0,092,092
361190022043001,36,119,002204,3001,21,14,0,0,0,0,3,4,21,6,15,14,0,0,0,0,0,1,10,3,7,0,0,0,0,0,0,0,0,0,0,090,090
361190024011005,36,119,002401,1005,176,80,6,0,15,0,42,33,176,62,114,76,6,0,15,0,3,14,66,62,4,0,0,0,0,0,0,0,0,0,0,090,090
361190024011004,36,119,002401,1004,67,36,1,1,10,0,13,6,67,15,52,36,0,1,10,0,2,3,18,17,1,0,0,0,0,0,0,0,0,0,0,090,090
361190024011003,36,119,002401,1003,51,31,4,1,8,0,3,4,51,7,44,29,3,1,8,0,0,3,13,11,2,8,0,0,0,0,0,8,0,0,8,090,090
361190024011000,36,119,002401,1000,130,69,17,0,12,0,26,6,130,29,101,69,17,0,12,0,1,2,40,37,3,0,0,0,0,0,0,0,0,0,0,090,090
361190022043002,36,119,002204,3002,36,14,9,0,0,0,0,13,36,5,31,13,8,0,0,0,0,10,11,11,0,0,0,0,0,0,0,0,0,0,0,090,090
361190022024023,36,119,002202,4023,16,15,1,0,0,0,0,0,16,0,16,15,1,0,0,0,0,0,4,0,4,0,0,0,0,0,0,0,0,0,0,090,090
361190022024006,36,119,002202,4006,16,11,1,0,0,0,2,2,16,3,13,11,1,0,0,0,1,0,4,4,0,0,0,0,0,0,0,0,0,0,0,090,090
361190022044004,36,119,002204,4004,65,53,1,0,4,0,1,6,65,8,57,53,0,0,4,0,0,0,33,31,2,0,0,0,0,0,0,0,0,0,0,090,090
361190022024012,36,119,002202,4012,58,51,0,0,0,0,3,4,58,5,53,51,0,0,0,0,2,0,21,21,0,0,0,0,0,0,0,0,0,0,0,090,090
361190022023018,36,119,002202,3018,21,16,0,1,0,0,0,4,21,2,19,16,0,1,0,0,0,2,11,11,0,0,0,0,0,0,0,0,0,0,0,090,090
361190022024011,36,119,002202,4011,114,79,7,0,8,0,9,11,114,21,93,72,7,0,8,0,1,5,59,53,6,0,0,0,0,0,0,0,0,0,0,090,090
361190022022008,36,119,002202,2008,157,148,4,0,0,0,1,4,157,9,148,143,2,0,0,0,0,3,121,103,18,0,0,0,0,0,0,0,0,0,0,090,090
361190022022009,36,119,002202,2009,0,0,0,0,0,0,0,0,0,0,0,0,0,0,0,0,0,0,0,0,0,0,0,0,0,0,0,0,0,0,0,090,090
361190022044012,36,119,002204,4012,36,32,0,0,2,0,0,2,36,14,22,20,0,0,2,0,0,0,0,0,0,36,0,0,0,0,0,36,36,0,0,090,090
361190022043008,36,119,002204,3008,121,93,6,1,17,0,2,2,121,6,115,93,5,0,17,0,0,0,3,3,0,102,0,0,0,0,0,102,102,0,0,090,090
361190022044011,36,119,002204,4011,24,14,1,0,0,0,0,9,24,0,24,14,1,0,0,0,0,9,4,4,0,0,0,0,0,0,0,0,0,0,0,090,090
361190022044009,36,119,002204,4009,25,15,6,0,0,0,0,4,25,3,22,15,6,0,0,0,0,1,10,10,0,0,0,0,0,0,0,0,0,0,0,090,090
361190022042005,36,119,002204,2005,41,29,4,1,7,0,0,0,41,6,35,27,1,0,7,0,0,0,11,11,0,0,0,0,0,0,0,0,0,0,0,090,090
361190022011016,36,119,002201,1016,139,98,4,0,8,0,16,13,139,26,113,98,4,0,8,0,2,1,53,50,3,0,0,0,0,0,0,0,0,0,0,090,090
361190022011021,36,119,002201,1021,49,29,2,0,15,0,0,3,49,5,44,26,0,0,15,0,0,3,13,13,0,0,0,0,0,0,0,0,0,0,0,090,090
361190022011009,36,119,002201,1009,18,12,0,0,3,0,0,3,18,5,13,12,0,0,1,0,0,0,6,6,0,0,0,0,0,0,0,0,0,0,0,090,090
361190022021004,36,119,002202,1004,30,19,0,0,1,0,0,10,30,6,24,19,0,0,1,0,0,4,11,11,0,0,0,0,0,0,0,0,0,0,0,090,090
361190022012011,36,119,002201,2011,60,13,5,0,32,0,6,4,60,7,53,13,5,0,32,0,2,1,16,16,0,0,0,0,0,0,0,0,0,0,0,090,090
361190022012008,36,119,002201,2008,60,45,3,0,2,0,5,5,60,12,48,44,0,0,2,0,0,2,20,20,0,0,0,0,0,0,0,0,0,0,0,090,090
361190022011008,36,119,002201,1008,23,16,0,0,0,0,3,4,23,7,16,16,0,0,0,0,0,0,7,7,0,0,0,0,0,0,0,0,0,0,0,090,090
361190022011020,36,119,002201,1020,14,13,0,0,0,0,0,1,14,1,13,13,0,0,0,0,0,0,6,6,0,0,0,0,0,0,0,0,0,0,0,090,090
361190022021005,36,119,002202,1005,31,15,0,0,0,0,8,8,31,7,24,14,0,0,0,0,6,4,8,8,0,0,0,0,0,0,0,0,0,0,0,090,090
361190022023017,36,119,002202,3017,56,43,0,0,0,0,1,12,56,13,43,41,0,0,0,0,0,2,23,22,1,0,0,0,0,0,0,0,0,0,0,090,090
361190022012016,36,119,002201,2016,34,16,10,0,3,0,1,4,34,4,30,14,10,0,3,0,1,2,7,7,0,0,0,0,0,0,0,0,0,0,0,090,090
361190023002020,36,119,002300,2020,45,27,3,0,3,0,7,5,45,11,34,27,1,0,2,0,0,4,19,19,0,0,0,0,0,0,0,0,0,0,0,090,090
361190113003013,36,119,011300,3013,32,23,0,0,1,0,0,8,32,4,28,21,0,0,0,0,0,7,8,8,0,0,0,0,0,0,0,0,0,0,0,092,092
361190104002013,36,119,010400,2013,368,230,26,0,27,0,38,47,368,86,282,219,25,0,27,0,0,11,202,182,20,0,0,0,0,0,0,0,0,0,0,092,092
361190104001009,36,119,010400,1009,55,31,0,0,10,0,2,12,55,6,49,30,0,0,10,0,0,9,16,16,0,0,0,0,0,0,0,0,0,0,0,092,092
361190105002000,36,119,010500,2000,74,39,0,0,26,0,4,5,74,7,67,39,0,0,26,0,0,2,25,25,0,0,0,0,0,0,0,0,0,0,0,092,092
361190105003000,36,119,010500,3000,60,46,2,0,0,0,12,0,60,12,48,46,2,0,0,0,0,0,30,29,1,0,0,0,0,0,0,0,0,0,0,092,092
361190109031000,36,119,010903,1000,498,47,375,1,12,0,37,26,498,50,448,43,374,1,12,0,0,18,221,211,10,0,0,0,0,0,0,0,0,0,0,092,092
361190014031000,36,119,001403,1000,162,40,17,1,34,0,49,21,162,69,93,40,17,0,34,0,1,1,56,54,2,0,0,0,0,0,0,0,0,0,0,090,090
361190016001003,36,119,001600,1003,72,42,6,0,6,0,11,7,72,25,47,31,6,0,5,0,0,5,33,31,2,0,0,0,0,0,0,0,0,0,0,090,090
361190018002002,36,119,001800,2002,138,14,31,7,7,1,54,24,138,91,47,6,23,0,4,0,0,14,46,46,0,0,0,0,0,0,0,0,0,0,0,090,090
361190016002003,36,119,001600,2003,129,50,12,3,0,0,40,24,129,73,56,45,9,1,0,0,1,0,63,48,15,0,0,0,0,0,0,0,0,0,0,090,090
361190017013009,36,119,001701,3009,140,58,18,0,3,0,36,25,140,60,80,58,16,0,3,0,0,3,46,40,6,0,0,0,0,0,0,0,0,0,0,090,090
361190109033019,36,119,010903,3019,33,19,12,0,0,0,1,1,33,12,21,12,8,0,0,0,0,1,10,10,0,0,0,0,0,0,0,0,0,0,0,092,092
361190109034003,36,119,010903,4003,221,98,40,0,18,0,48,17,221,85,136,77,40,0,18,0,0,1,87,76,11,0,0,0,0,0,0,0,0,0,0,092,092
361190109034009,36,119,010903,4009,190,21,90,3,26,0,40,10,190,58,132,12,90,0,26,0,0,4,67,67,0,0,0,0,0,0,0,0,0,0,0,092,092
361190121013024,36,119,012101,3024,0,0,0,0,0,0,0,0,0,0,0,0,0,0,0,0,0,0,0,0,0,0,0,0,0,0,0,0,0,0,0,092,092
361190119021029,36,119,011902,1029,0,0,0,0,0,0,0,0,0,0,0,0,0,0,0,0,0,0,0,0,0,0,0,0,0,0,0,0,0,0,0,092,092
361190120002054,36,119,012000,2054,25,18,2,0,1,0,4,0,25,4,21,18,2,0,1,0,0,0,9,6,3,0,0,0,0,0,0,0,0,0,0,092,092
361190120002038,36,119,012000,2038,39,39,0,0,0,0,0,0,39,0,39,39,0,0,0,0,0,0,15,15,0,0,0,0,0,0,0,0,0,0,0,092,092
361190107011007,36,119,010701,1007,13,3,5,0,5,0,0,0,13,0,13,3,5,0,5,0,0,0,2,2,0,0,0,0,0,0,0,0,0,0,0,092,092
361190107011006,36,119,010701,1006,17,2,0,0,6,0,4,5,17,6,11,2,0,0,5,0,4,0,5,5,0,0,0,0,0,0,0,0,0,0,0,092,092
361190118004002,36,119,011800,4002,37,23,0,0,6,0,2,6,37,2,35,23,0,0,6,0,0,6,14,14,0,0,0,0,0,0,0,0,0,0,0,092,092
361190021042034,36,119,002104,2034,17,3,0,6,0,0,0,8,17,12,5,0,0,2,0,0,0,3,1,1,0,0,0,0,0,0,0,0,0,0,0,090,090
361190020004003,36,119,002000,4003,0,0,0,0,0,0,0,0,0,0,0,0,0,0,0,0,0,0,0,0,0,0,0,0,0,0,0,0,0,0,0,090,090
361190022011019,36,119,002201,1019,28,13,4,0,4,0,0,7,28,12,16,8,4,0,4,0,0,0,9,9,0,0,0,0,0,0,0,0,0,0,0,090,090
361190021071016,36,119,002107,1016,58,31,9,0,0,2,7,9,58,15,43,31,5,0,0,2,4,1,14,14,0,0,0,0,0,0,0,0,0,0,0,090,090
361190015042002,36,119,001504,2002,36,15,0,1,8,0,0,12,36,13,23,15,0,0,4,0,0,4,10,10,0,0,0,0,0,0,0,0,0,0,0,090,090
361190021052011,36,119,002105,2011,15,13,0,0,0,0,1,1,15,3,12,12,0,0,0,0,0,0,6,6,0,0,0,0,0,0,0,0,0,0,0,090,090
361190102001009,36,119,010200,1009,7,7,0,0,0,0,0,0,7,3,4,4,0,0,0,0,0,0,3,3,0,0,0,0,0,0,0,0,0,0,0,092,092
361190014013001,36,119,001401,3001,23,9,0,0,2,0,9,3,23,11,12,9,0,0,2,0,0,1,2,2,0,0,0,0,0,0,0,0,0,0,0,090,090
361190106001004,36,119,010600,1004,152,96,2,0,44,1,1,8,152,7,145,94,2,0,44,1,0,4,49,49,0,0,0,0,0,0,0,0,0,0,0,092,092
361190112002030,36,119,011200,2030,76,31,12,0,9,0,7,17,76,23,53,31,12,0,9,0,0,1,28,28,0,0,0,0,0,0,0,0,0,0,0,092,092
361190023001005,36,119,002300,1005,248,155,4,0,17,0,26,46,248,67,181,151,3,0,17,0,0,10,104,97,7,0,0,0,0,0,0,0,0,0,0,090,090
361190109024015,36,119,010902,4015,74,8,47,0,0,0,9,10,74,13,61,8,47,0,0,0,5,1,22,22,0,0,0,0,0,0,0,0,0,0,0,092,092
361190104001005,36,119,010400,1005,0,0,0,0,0,0,0,0,0,0,0,0,0,0,0,0,0,0,0,0,0,0,0,0,0,0,0,0,0,0,0,092,092
361190018002001,36,119,001800,2001,107,15,51,0,0,0,21,20,107,49,58,8,47,0,0,0,3,0,40,39,1,0,0,0,0,0,0,0,0,0,0,090,090
361190108012015,36,119,010801,2015,16,9,2,0,0,0,5,0,16,7,9,7,2,0,0,0,0,0,6,6,0,0,0,0,0,0,0,0,0,0,0,092,092
361190113005002,36,119,011300,5002,322,275,2,1,18,0,20,6,322,24,298,272,2,0,18,0,1,5,167,148,19,0,0,0,0,0,0,0,0,0,0,092,092
361190012002000,36,119,001200,2000,229,33,62,0,0,0,118,16,229,159,70,11,54,0,0,0,0,5,111,110,1,0,0,0,0,0,0,0,0,0,0,090,090
361190112001006,36,119,011200,1006,0,0,0,0,0,0,0,0,0,0,0,0,0,0,0,0,0,0,0,0,0,0,0,0,0,0,0,0,0,0,0,092,092
361190002023003,36,119,000202,3003,29,10,0,0,11,0,2,6,29,6,23,10,0,0,8,0,0,5,17,12,5,0,0,0,0,0,0,0,0,0,0,089,089
361190016004012,36,119,001600,4012,0,0,0,0,0,0,0,0,0,0,0,0,0,0,0,0,0,0,0,0,0,0,0,0,0,0,0,0,0,0,0,090,090
361190111012001,36,119,011101,2001,0,0,0,0,0,0,0,0,0,0,0,0,0,0,0,0,0,0,0,0,0,0,0,0,0,0,0,0,0,0,0,092,092
361190116011008,36,119,011601,1008,60,18,2,0,2,0,25,13,60,37,23,17,1,0,2,0,2,1,29,29,0,1,0,0,0,0,0,1,0,0,1,092,092
361190004042003,36,119,000404,2003,165,22,76,11,7,0,22,27,165,60,105,21,68,0,7,0,1,8,59,57,2,0,0,0,0,0,0,0,0,0,0,089,089
361190121022021,36,119,012102,2021,25,20,0,0,0,0,5,0,25,5,20,20,0,0,0,0,0,0,10,10,0,0,0,0,0,0,0,0,0,0,0,092,092
361190001041002,36,119,000104,1002,0,0,0,0,0,0,0,0,0,0,0,0,0,0,0,0,0,0,0,0,0,0,0,0,0,0,0,0,0,0,0,089,089
361190105002008,36,119,010500,2008,26,11,0,0,9,0,3,3,26,7,19,7,0,0,9,0,2,1,6,4,2,0,0,0,0,0,0,0,0,0,0,092,092
361190105002003,36,119,010500,2003,11,1,0,0,0,0,0,10,11,4,7,0,0,0,0,0,0,7,3,3,0,0,0,0,0,0,0,0,0,0,0,092,092
361190111011034,36,119,011101,1034,147,110,0,0,24,0,8,5,147,6,141,108,0,0,24,0,8,1,43,43,0,0,0,0,0,0,0,0,0,0,0,092,092
361190109022041,36,119,010902,2041,33,6,12,5,5,0,1,4,33,6,27,6,12,0,5,0,0,4,13,13,0,0,0,0,0,0,0,0,0,0,0,092,092
361190109023010,36,119,010902,3010,76,25,11,0,4,0,25,11,76,42,34,19,11,0,4,0,0,0,27,27,0,0,0,0,0,0,0,0,0,0,0,092,092
361190109031003,36,119,010903,1003,38,6,20,0,0,0,10,2,38,17,21,0,19,0,0,0,0,2,19,19,0,0,0,0,0,0,0,0,0,0,0,092,092
361190109032013,36,119,010903,2013,100,1,71,1,0,0,22,5,100,29,71,0,71,0,0,0,0,0,32,28,4,0,0,0,0,0,0,0,0,0,0,092,092
361190109032011,36,119,010903,2011,41,1,11,0,5,0,10,14,41,21,20,1,11,0,5,0,0,3,6,5,1,0,0,0,0,0,0,0,0,0,0,092,092
361190109034006,36,119,010903,4006,86,19,47,0,1,0,11,8,86,26,60,13,46,0,1,0,0,0,23,23,0,0,0,0,0,0,0,0,0,0,0,092,092
361190109034007,36,119,010903,4007,55,3,18,0,0,0,19,15,55,33,22,3,18,0,0,0,0,1,17,15,2,0,0,0,0,0,0,0,0,0,0,092,092
361190021071011,36,119,002107,1011,62,21,2,0,11,2,6,20,62,26,36,16,2,0,11,2,0,5,13,8,5,4,0,0,0,0,0,4,0,0,4,090,090
361190021071013,36,119,002107,1013,36,10,7,0,7,0,0,12,36,15,21,8,4,0,7,0,0,2,8,8,0,0,0,0,0,0,0,0,0,0,0,090,090
361190021041003,36,119,002104,1003,56,41,0,0,12,0,0,3,56,6,50,38,0,0,12,0,0,0,15,15,0,0,0,0,0,0,0,0,0,0,0,090,090
361190021041012,36,119,002104,1012,60,28,0,0,6,0,8,18,60,21,39,28,0,0,6,0,2,3,16,16,0,0,0,0,0,0,0,0,0,0,0,090,090
361190020001004,36,119,002000,1004,0,0,0,0,0,0,0,0,0,0,0,0,0,0,0,0,0,0,0,0,0,0,0,0,0,0,0,0,0,0,0,090,090
361199810001020,36,119,981000,1020,0,0,0,0,0,0,0,0,0,0,0,0,0,0,0,0,0,0,0,0,0,0,0,0,0,0,0,0,0,0,0,092,092
361190110002022,36,119,011000,2022,274,74,76,0,72,0,44,8,274,53,221,69,75,0,72,0,4,1,123,123,0,0,0,0,0,0,0,0,0,0,0,092,092
361190114014002,36,119,011401,4002,145,130,0,0,3,0,1,11,145,7,138,127,0,0,3,0,1,7,52,52,0,0,0,0,0,0,0,0,0,0,0,092,092
361190109024014,36,119,010902,4014,225,35,116,1,18,0,46,9,225,59,166,26,114,0,18,0,5,3,73,68,5,0,0,0,0,0,0,0,0,0,0,092,092
361190109032009,36,119,010903,2009,43,9,20,0,0,0,10,4,43,20,23,0,20,0,0,0,1,2,12,12,0,0,0,0,0,0,0,0,0,0,0,092,092
361190109032014,36,119,010903,2014,83,8,37,0,3,0,25,10,83,32,51,6,37,0,3,0,2,3,26,25,1,0,0,0,0,0,0,0,0,0,0,092,092
361190014032000,36,119,001403,2000,113,57,3,1,18,0,18,16,113,32,81,54,3,0,18,0,5,1,30,30,0,0,0,0,0,0,0,0,0,0,0,090,090
361190014032002,36,119,001403,2002,80,28,21,0,2,0,17,12,80,32,48,25,14,0,2,0,0,7,38,38,0,0,0,0,0,0,0,0,0,0,0,089,089
361190014033000,36,119,001403,3000,434,209,57,4,32,0,78,54,434,154,280,187,48,0,32,0,4,9,237,223,14,0,0,0,0,0,0,0,0,0,0,089,089
361190008012006,36,119,000801,2006,109,46,3,3,9,0,31,17,109,53,56,44,3,0,9,0,0,0,34,27,7,0,0,0,0,0,0,0,0,0,0,090,090
361190016001002,36,119,001600,1002,27,2,12,0,0,0,1,12,27,13,14,2,10,0,0,0,0,2,1,1,0,0,0,0,0,0,0,0,0,0,0,090,090
361190016002002,36,119,001600,2002,49,25,8,2,1,0,3,10,49,22,27,17,5,0,1,0,0,4,17,17,0,0,0,0,0,0,0,0,0,0,0,090,090
361190008022009,36,119,000802,2009,24,3,9,0,5,0,2,5,24,11,13,0,3,0,5,0,2,3,5,5,0,0,0,0,0,0,0,0,0,0,0,090,090
361190018002006,36,119,001800,2006,22,3,8,0,0,0,6,5,22,7,15,3,6,0,0,0,3,3,5,5,0,0,0,0,0,0,0,0,0,0,0,090,090
361190017012003,36,119,001701,2003,91,32,2,0,4,0,47,6,91,53,38,32,2,0,4,0,0,0,29,29,0,0,0,0,0,0,0,0,0,0,0,090,090
361190016003009,36,119,001600,3009,56,14,9,4,0,0,15,14,56,44,12,5,3,0,0,0,0,4,25,25,0,0,0,0,0,0,0,0,0,0,0,090,090
361190017014010,36,119,001701,4010,76,31,12,0,2,0,6,25,76,26,50,30,9,0,2,0,2,7,23,23,0,0,0,0,0,0,0,0,0,0,0,090,090
361190017011001,36,119,001701,1001,98,64,15,0,2,0,7,10,98,26,72,58,12,0,1,0,0,1,43,43,0,0,0,0,0,0,0,0,0,0,0,090,090
361190016004005,36,119,001600,4005,103,42,28,0,4,0,17,12,103,37,66,40,23,0,2,0,0,1,46,46,0,0,0,0,0,0,0,0,0,0,0,090,090
361190112002035,36,119,011200,2035,44,11,26,0,2,0,0,5,44,5,39,11,26,0,2,0,0,0,11,11,0,0,0,0,0,0,0,0,0,0,0,092,092
361190112002016,36,119,011200,2016,39,1,16,0,5,0,12,5,39,16,23,1,16,0,5,0,0,1,12,12,0,0,0,0,0,0,0,0,0,0,0,092,092
361190109033026,36,119,010903,3026,0,0,0,0,0,0,0,0,0,0,0,0,0,0,0,0,0,0,0,0,0,0,0,0,0,0,0,0,0,0,0,092,092
361190108011020,36,119,010801,1020,6,6,0,0,0,0,0,0,6,0,6,6,0,0,0,0,0,0,0,0,0,6,0,0,0,0,0,6,0,0,6,092,092
361190109031012,36,119,010903,1012,0,0,0,0,0,0,0,0,0,0,0,0,0,0,0,0,0,0,0,0,0,0,0,0,0,0,0,0,0,0,0,092,092
361190022023011,36,119,002202,3011,26,20,3,0,3,0,0,0,26,0,26,20,3,0,3,0,0,0,12,8,4,0,0,0,0,0,0,0,0,0,0,090,090
361190022011004,36,119,002201,1004,26,24,1,0,0,0,0,1,26,3,23,21,1,0,0,0,0,1,11,11,0,0,0,0,0,0,0,0,0,0,0,090,090
361190111011043,36,119,011101,1043,0,0,0,0,0,0,0,0,0,0,0,0,0,0,0,0,0,0,0,0,0,0,0,0,0,0,0,0,0,0,0,092,092
361190022041000,36,119,002204,1000,83,66,0,1,3,0,4,9,83,12,71,63,0,1,3,0,4,0,37,36,1,0,0,0,0,0,0,0,0,0,0,090,090
361190022041023,36,119,002204,1023,12,11,0,0,0,0,0,1,12,1,11,11,0,0,0,0,0,0,11,11,0,0,0,0,0,0,0,0,0,0,0,090,090
361190022041017,36,119,002204,1017,227,161,23,0,8,0,27,8,227,40,187,155,23,0,8,0,1,0,172,168,4,0,0,0,0,0,0,0,0,0,0,090,090
361190118002025,36,119,011800,2025,0,0,0,0,0,0,0,0,0,0,0,0,0,0,0,0,0,0,0,0,0,0,0,0,0,0,0,0,0,0,0,092,092
361190038003000,36,119,003800,3000,0,0,0,0,0,0,0,0,0,0,0,0,0,0,0,0,0,0,0,0,0,0,0,0,0,0,0,0,0,0,0,089,089
361190118003044,36,119,011800,3044,0,0,0,0,0,0,0,0,0,0,0,0,0,0,0,0,0,0,0,0,0,0,0,0,0,0,0,0,0,0,0,092,092
361190116021005,36,119,011602,1005,46,29,3,0,1,0,3,10,46,19,27,27,0,0,0,0,0,0,26,17,9,0,0,0,0,0,0,0,0,0,0,092,092
361190118003070,36,119,011800,3070,38,12,3,0,12,2,8,1,38,9,29,12,3,0,10,2,1,1,4,4,0,23,0,0,0,0,0,23,0,0,23,092,092
361190114021006,36,119,011402,1006,0,0,0,0,0,0,0,0,0,0,0,0,0,0,0,0,0,0,0,0,0,0,0,0,0,0,0,0,0,0,0,092,092
361190015031005,36,119,001503,1005,143,90,21,0,1,0,20,11,143,47,96,80,12,0,1,0,2,1,67,59,8,0,0,0,0,0,0,0,0,0,0,089,089
361190015031006,36,119,001503,1006,140,101,7,0,11,0,13,8,140,33,107,91,1,0,11,0,0,4,65,65,0,0,0,0,0,0,0,0,0,0,0,089,089
361190015031008,36,119,001503,1008,72,42,5,0,2,0,20,3,72,24,48,40,3,0,2,0,2,1,30,25,5,0,0,0,0,0,0,0,0,0,0,089,089
361190015023005,36,119,001502,3005,214,132,14,0,9,1,33,25,214,55,159,127,14,0,9,0,0,9,87,71,16,0,0,0,0,0,0,0,0,0,0,089,089
361190015031011,36,119,001503,1011,45,27,3,0,0,0,10,5,45,11,34,27,0,0,0,0,3,4,16,16,0,0,0,0,0,0,0,0,0,0,0,089,089
361190015023000,36,119,001502,3000,142,106,11,4,5,0,2,14,142,21,121,103,11,3,4,0,0,0,65,59,6,0,0,0,0,0,0,0,0,0,0,089,089
361190015031010,36,119,001503,1010,12,4,2,0,0,0,3,3,12,5,7,4,2,0,0,0,0,1,10,8,2,0,0,0,0,0,0,0,0,0,0,089,089
361190015022003,36,119,001502,2003,99,65,5,5,2,0,14,8,99,33,66,59,0,0,2,0,0,5,31,31,0,0,0,0,0,0,0,0,0,0,0,089,089
361190021052003,36,119,002105,2003,12,3,0,0,7,0,0,2,12,2,10,3,0,0,7,0,0,0,5,5,0,0,0,0,0,0,0,0,0,0,0,090,090
361190122022014,36,119,012202,2014,52,48,0,0,2,0,2,0,52,5,47,45,0,0,2,0,0,0,22,22,0,0,0,0,0,0,0,0,0,0,0,092,092
361190001032000,36,119,000103,2000,0,0,0,0,0,0,0,0,0,0,0,0,0,0,0,0,0,0,0,0,0,0,0,0,0,0,0,0,0,0,0,089,089
361190122023017,36,119,012202,3017,0,0,0,0,0,0,0,0,0,0,0,0,0,0,0,0,0,0,0,0,0,0,0,0,0,0,0,0,0,0,0,092,092
361190107011023,36,119,010701,1023,20,9,0,0,1,0,4,6,20,11,9,7,0,0,1,0,1,0,6,4,2,0,0,0,0,0,0,0,0,0,0,092,092
361190115001012,36,119,011500,1012,0,0,0,0,0,0,0,0,0,0,0,0,0,0,0,0,0,0,0,0,0,0,0,0,0,0,0,0,0,0,0,092,092
361190114021007,36,119,011402,1007,0,0,0,0,0,0,0,0,0,0,0,0,0,0,0,0,0,0,0,0,0,0,0,0,0,0,0,0,0,0,0,092,092
361190114012008,36,119,011401,2008,103,97,0,0,0,0,2,4,103,3,100,96,0,0,0,0,0,4,53,49,4,0,0,0,0,0,0,0,0,0,0,092,092
361190107011009,36,119,010701,1009,146,109,1,0,18,0,1,17,146,9,137,109,0,0,18,0,0,10,49,44,5,0,0,0,0,0,0,0,0,0,0,092,092
361190118003026,36,119,011800,3026,0,0,0,0,0,0,0,0,0,0,0,0,0,0,0,0,0,0,0,0,0,0,0,0,0,0,0,0,0,0,0,092,092
361190118003024,36,119,011800,3024,96,85,0,0,8,0,0,3,96,1,95,85,0,0,8,0,0,2,36,36,0,0,0,0,0,0,0,0,0,0,0,092,092
361190042002011,36,119,004200,2011,123,51,46,0,6,0,7,13,123,22,101,49,40,0,6,0,1,5,84,84,0,0,0,0,0,0,0,0,0,0,0,089,089
361190113003002,36,119,011300,3002,18,12,0,0,2,0,3,1,18,1,17,12,0,0,2,0,3,0,7,7,0,0,0,0,0,0,0,0,0,0,0,092,092
361190009003013,36,119,000900,3013,43,18,7,1,0,0,16,1,43,17,26,18,7,0,0,0,0,1,19,19,0,0,0,0,0,0,0,0,0,0,0,092,090
361190035002005,36,119,003500,2005,0,0,0,0,0,0,0,0,0,0,0,0,0,0,0,0,0,0,0,0,0,0,0,0,0,0,0,0,0,0,0,089,089
361190022022007,36,119,002202,2007,198,179,0,0,2,0,2,15,198,13,185,179,0,0,1,0,0,5,136,126,10,0,0,0,0,0,0,0,0,0,0,090,090
361190122023011,36,119,012202,3011,8,7,0,0,0,0,0,1,8,1,7,7,0,0,0,0,0,0,2,0,2,0,0,0,0,0,0,0,0,0,0,092,092
361190122023012,36,119,012202,3012,18,15,1,0,0,0,0,2,18,3,15,14,1,0,0,0,0,0,5,5,0,0,0,0,0,0,0,0,0,0,0,092,092
361190122023013,36,119,012202,3013,58,52,0,0,0,0,3,3,58,12,46,46,0,0,0,0,0,0,29,29,0,0,0,0,0,0,0,0,0,0,0,092,092
361190122023009,36,119,012202,3009,15,3,0,0,0,0,8,4,15,10,5,1,0,0,0,0,0,4,2,2,0,0,0,0,0,0,0,0,0,0,0,092,092
361190122023046,36,119,012202,3046,10,10,0,0,0,0,0,0,10,3,7,7,0,0,0,0,0,0,1,1,0,0,0,0,0,0,0,0,0,0,0,092,092
361190118004012,36,119,011800,4012,78,75,0,2,1,0,0,0,78,0,78,75,0,2,1,0,0,0,28,28,0,0,0,0,0,0,0,0,0,0,0,092,092
361190122023019,36,119,012202,3019,30,14,0,0,9,0,3,4,30,7,23,12,0,0,9,0,0,2,16,15,1,0,0,0,0,0,0,0,0,0,0,092,092
361190120003012,36,119,012000,3012,37,28,1,0,1,0,3,4,37,6,31,28,1,0,1,0,0,1,11,11,0,0,0,0,0,0,0,0,0,0,0,092,092
361190120001031,36,119,012000,1031,31,28,0,0,0,0,2,1,31,3,28,28,0,0,0,0,0,0,11,11,0,0,0,0,0,0,0,0,0,0,0,092,092
361190120003001,36,119,012000,3001,25,18,0,0,0,0,7,0,25,7,18,18,0,0,0,0,0,0,14,14,0,0,0,0,0,0,0,0,0,0,0,092,092
361190120002022,36,119,012000,2022,39,38,0,0,0,0,0,1,39,1,38,38,0,0,0,0,0,0,18,18,0,0,0,0,0,0,0,0,0,0,0,092,092
361190120003004,36,119,012000,3004,12,11,0,0,0,0,0,1,12,1,11,10,0,0,0,0,0,1,8,8,0,0,0,0,0,0,0,0,0,0,0,092,092
361190120001009,36,119,012000,1009,0,0,0,0,0,0,0,0,0,0,0,0,0,0,0,0,0,0,0,0,0,0,0,0,0,0,0,0,0,0,0,092,092
361190121021028,36,119,012102,1028,55,49,0,0,1,0,2,3,55,11,44,43,0,0,1,0,0,0,18,18,0,0,0,0,0,0,0,0,0,0,0,092,092
361190119021018,36,119,011902,1018,0,0,0,0,0,0,0,0,0,0,0,0,0,0,0,0,0,0,0,0,0,0,0,0,0,0,0,0,0,0,0,092,092
361190120001010,36,119,012000,1010,0,0,0,0,0,0,0,0,0,0,0,0,0,0,0,0,0,0,0,0,0,0,0,0,0,0,0,0,0,0,0,092,092
361190119021004,36,119,011902,1004,0,0,0,0,0,0,0,0,0,0,0,0,0,0,0,0,0,0,0,0,0,0,0,0,0,0,0,0,0,0,0,092,092
361190109034020,36,119,010903,4020,16,2,2,0,0,0,8,4,16,8,8,2,2,0,0,0,2,2,2,2,0,0,0,0,0,0,0,0,0,0,0,092,092
361190111013003,36,119,011101,3003,18,4,7,0,6,0,0,1,18,0,18,4,7,0,6,0,0,1,3,0,3,0,0,0,0,0,0,0,0,0,0,092,092
361190112003019,36,119,011200,3019,140,36,17,0,9,0,58,20,140,79,61,30,15,0,9,0,6,1,52,52,0,0,0,0,0,0,0,0,0,0,0,092,092
361190112002017,36,119,011200,2017,0,0,0,0,0,0,0,0,0,0,0,0,0,0,0,0,0,0,0,0,0,0,0,0,0,0,0,0,0,0,0,092,092
361190112002013,36,119,011200,2013,143,43,12,0,38,0,32,18,143,60,83,37,6,0,38,0,1,1,43,39,4,0,0,0,0,0,0,0,0,0,0,092,092
361190001013002,36,119,000101,3002,913,101,40,32,11,0,594,135,913,809,104,48,33,0,10,0,10,3,315,309,6,0,0,0,0,0,0,0,0,0,0,090,090
361190003001011,36,119,000300,1011,68,11,3,6,0,0,45,3,68,61,7,7,0,0,0,0,0,0,18,18,0,0,0,0,0,0,0,0,0,0,0,090,090
361190012002009,36,119,001200,2009,227,106,28,0,9,0,63,21,227,103,124,86,24,0,9,0,1,4,103,96,7,0,0,0,0,0,0,0,0,0,0,090,090
361190002041001,36,119,000204,1001,775,41,234,19,17,0,384,80,775,533,242,15,191,0,17,0,3,16,261,257,4,0,0,0,0,0,0,0,0,0,0,089,089
361190114014003,36,119,011401,4003,0,0,0,0,0,0,0,0,0,0,0,0,0,0,0,0,0,0,0,0,0,0,0,0,0,0,0,0,0,0,0,092,092
361190117001001,36,119,011700,1001,0,0,0,0,0,0,0,0,0,0,0,0,0,0,0,0,0,0,0,0,0,0,0,0,0,0,0,0,0,0,0,092,092
361190114011005,36,119,011401,1005,68,53,1,0,6,0,1,7,68,3,65,51,1,0,6,0,1,6,21,21,0,0,0,0,0,0,0,0,0,0,0,092,092
361190111011016,36,119,011101,1016,0,0,0,0,0,0,0,0,0,0,0,0,0,0,0,0,0,0,0,0,0,0,0,0,0,0,0,0,0,0,0,092,092
361190104003012,36,119,010400,3012,37,19,0,0,9,0,4,5,37,5,32,19,0,0,9,0,4,0,8,8,0,0,0,0,0,0,0,0,0,0,0,092,092
361190108011023,36,119,010801,1023,35,27,1,0,4,0,3,0,35,8,27,22,0,0,4,0,1,0,13,8,5,0,0,0,0,0,0,0,0,0,0,092,092
361190113004003,36,119,011300,4003,56,40,8,0,2,0,5,1,56,3,53,40,8,0,2,0,2,1,41,40,1,0,0,0,0,0,0,0,0,0,0,092,092
361190113004009,36,119,011300,4009,105,74,0,3,11,0,7,10,105,22,83,68,0,0,11,0,0,4,46,43,3,0,0,0,0,0,0,0,0,0,0,092,092
361190114021011,36,119,011402,1011,26,18,0,0,7,0,1,0,26,8,18,12,0,0,6,0,0,0,5,5,0,0,0,0,0,0,0,0,0,0,0,092,092
361190105005001,36,119,010500,5001,67,56,0,0,1,0,4,6,67,2,65,56,0,0,1,0,4,4,39,38,1,0,0,0,0,0,0,0,0,0,0,092,092
361190113001010,36,119,011300,1010,38,26,1,0,1,0,1,9,38,6,32,26,1,0,1,0,0,4,11,11,0,0,0,0,0,0,0,0,0,0,0,092,092
361190109033009,36,119,010903,3009,46,15,23,0,3,0,3,2,46,7,39,13,23,0,3,0,0,0,14,14,0,0,0,0,0,0,0,0,0,0,0,092,092
361190022023020,36,119,002202,3020,169,150,0,0,9,0,2,8,169,7,162,150,0,0,9,0,2,1,88,87,1,0,0,0,0,0,0,0,0,0,0,090,090
361190114011003,36,119,011401,1003,15,3,1,0,2,0,4,5,15,7,8,3,1,0,2,0,0,2,6,2,4,0,0,0,0,0,0,0,0,0,0,092,092
361190022012002,36,119,002201,2002,0,0,0,0,0,0,0,0,0,0,0,0,0,0,0,0,0,0,0,0,0,0,0,0,0,0,0,0,0,0,0,090,090
361190104003002,36,119,010400,3002,0,0,0,0,0,0,0,0,0,0,0,0,0,0,0,0,0,0,0,0,0,0,0,0,0,0,0,0,0,0,0,092,092
361190022041021,36,119,002204,1021,0,0,0,0,0,0,0,0,0,0,0,0,0,0,0,0,0,0,0,0,0,0,0,0,0,0,0,0,0,0,0,090,090
361190106001000,36,119,010600,1000,0,0,0,0,0,0,0,0,0,0,0,0,0,0,0,0,0,0,0,0,0,0,0,0,0,0,0,0,0,0,0,092,092
361190107013000,36,119,010701,3000,4,3,0,0,0,0,0,1,4,3,1,1,0,0,0,0,0,0,1,1,0,0,0,0,0,0,0,0,0,0,0,092,092
361190108011033,36,119,010801,1033,46,18,3,0,14,0,0,11,46,5,41,18,3,0,14,0,0,6,13,13,0,0,0,0,0,0,0,0,0,0,0,092,092
361190108041026,36,119,010804,1026,0,0,0,0,0,0,0,0,0,0,0,0,0,0,0,0,0,0,0,0,0,0,0,0,0,0,0,0,0,0,0,092,092
361190108041017,36,119,010804,1017,590,396,23,1,82,0,29,59,590,81,509,386,23,0,82,0,10,8,351,342,9,0,0,0,0,0,0,0,0,0,0,092,092
361190108042003,36,119,010804,2003,34,26,0,0,1,0,4,3,34,10,24,20,0,0,1,0,0,3,14,11,3,0,0,0,0,0,0,0,0,0,0,092,092
361190108042002,36,119,010804,2002,42,28,0,0,0,0,4,10,42,12,30,28,0,0,0,0,0,2,13,13,0,0,0,0,0,0,0,0,0,0,0,092,092
361190108042000,36,119,010804,2000,27,11,3,0,2,0,4,7,27,9,18,11,3,0,2,0,1,1,8,8,0,0,0,0,0,0,0,0,0,0,0,092,092
361190108032001,36,119,010803,2001,71,33,15,1,5,0,12,5,71,18,53,29,15,0,5,0,3,1,19,19,0,0,0,0,0,0,0,0,0,0,0,092,092
361190108011007,36,119,010801,1007,27,20,0,1,2,0,0,4,27,5,22,20,0,0,2,0,0,0,10,10,0,0,0,0,0,0,0,0,0,0,0,092,092
361190108011009,36,119,010801,1009,24,6,1,0,11,0,0,6,24,4,20,6,1,0,11,0,0,2,5,5,0,0,0,0,0,0,0,0,0,0,0,092,092
361190108011011,36,119,010801,1011,38,29,1,1,0,0,4,3,38,5,33,29,0,1,0,0,0,3,17,17,0,0,0,0,0,0,0,0,0,0,0,092,092
361190108012007,36,119,010801,2007,36,30,4,0,0,0,0,2,36,1,35,29,4,0,0,0,0,2,14,14,0,0,0,0,0,0,0,0,0,0,0,092,092
361190108012000,36,119,010801,2000,166,116,4,0,18,0,17,11,166,29,137,114,4,0,17,0,0,2,51,49,2,44,0,0,0,0,0,44,0,0,44,092,092
361190108012016,36,119,010801,2016,45,20,14,1,4,0,1,5,45,6,39,19,14,0,4,0,0,2,39,39,0,0,0,0,0,0,0,0,0,0,0,092,092
361190108011003,36,119,010801,1003,39,14,10,0,9,0,6,0,39,0,39,14,10,0,9,0,6,0,14,14,0,0,0,0,0,0,0,0,0,0,0,092,092
361190108031002,36,119,010803,1002,1204,755,152,2,132,0,63,100,1204,171,1033,722,144,0,132,0,9,26,734,722,12,4,0,0,0,0,0,4,0,0,4,092,092
361190108011024,36,119,010801,1024,34,28,1,0,0,0,0,5,34,2,32,28,1,0,0,0,0,3,14,14,0,0,0,0,0,0,0,0,0,0,0,092,092
361190108011002,36,119,010801,1002,33,21,2,0,0,0,4,6,33,10,23,21,2,0,0,0,0,0,12,12,0,0,0,0,0,0,0,0,0,0,0,092,092
361190108011025,36,119,010801,1025,59,41,8,0,0,0,2,8,59,9,50,41,6,0,0,0,0,3,21,21,0,0,0,0,0,0,0,0,0,0,0,092,092
361190108032011,36,119,010803,2011,27,16,0,0,0,0,1,10,27,7,20,16,0,0,0,0,0,4,10,10,0,0,0,0,0,0,0,0,0,0,0,092,092
361190013012016,36,119,001301,2016,0,0,0,0,0,0,0,0,0,0,0,0,0,0,0,0,0,0,0,0,0,0,0,0,0,0,0,0,0,0,0,090,090
361190110001011,36,119,011000,1011,0,0,0,0,0,0,0,0,0,0,0,0,0,0,0,0,0,0,0,0,0,0,0,0,0,0,0,0,0,0,0,092,092
361190109022022,36,119,010902,2022,0,0,0,0,0,0,0,0,0,0,0,0,0,0,0,0,0,0,0,0,0,0,0,0,0,0,0,0,0,0,0,092,092
361190109023020,36,119,010902,3020,0,0,0,0,0,0,0,0,0,0,0,0,0,0,0,0,0,0,0,0,0,0,0,0,0,0,0,0,0,0,0,092,092
361190108031006,36,119,010803,1006,0,0,0,0,0,0,0,0,0,0,0,0,0,0,0,0,0,0,0,0,0,0,0,0,0,0,0,0,0,0,0,092,092
361190014032007,36,119,001403,2007,54,7,0,0,2,0,24,21,54,42,12,5,0,0,2,0,0,5,24,8,16,0,0,0,0,0,0,0,0,0,0,089,089
361190014034000,36,119,001403,4000,0,0,0,0,0,0,0,0,0,0,0,0,0,0,0,0,0,0,0,0,0,0,0,0,0,0,0,0,0,0,0,089,089
361190022044013,36,119,002204,4013,368,309,15,2,38,0,0,4,368,32,336,284,14,0,38,0,0,0,2,0,2,363,0,0,0,0,0,363,363,0,0,090,090
361190035002013,36,119,003500,2013,104,7,76,1,0,0,5,15,104,19,85,7,73,0,0,0,5,0,44,40,4,0,0,0,0,0,0,0,0,0,0,089,089
361190041001009,36,119,004100,1009,101,18,66,2,2,0,12,1,101,18,83,10,66,2,2,0,3,0,45,45,0,0,0,0,0,0,0,0,0,0,0,089,089
361190022011015,36,119,002201,1015,0,0,0,0,0,0,0,0,0,0,0,0,0,0,0,0,0,0,0,0,0,0,0,0,0,0,0,0,0,0,0,090,090
361190024022004,36,119,002402,2004,0,0,0,0,0,0,0,0,0,0,0,0,0,0,0,0,0,0,0,0,0,0,0,0,0,0,0,0,0,0,0,090,090
361190118003005,36,119,011800,3005,0,0,0,0,0,0,0,0,0,0,0,0,0,0,0,0,0,0,0,0,0,0,0,0,0,0,0,0,0,0,0,092,092
361190106002004,36,119,010600,2004,25,12,1,0,4,0,1,7,25,6,19,10,1,0,4,0,0,4,8,8,0,0,0,0,0,0,0,0,0,0,0,092,092
361190106003021,36,119,010600,3021,48,30,0,0,11,0,3,4,48,5,43,30,0,0,11,0,1,1,18,18,0,0,0,0,0,0,0,0,0,0,0,092,092
361190105005012,36,119,010500,5012,20,11,0,0,0,0,0,9,20,7,13,10,0,0,0,0,0,3,6,6,0,0,0,0,0,0,0,0,0,0,0,092,092
361190104003009,36,119,010400,3009,445,346,40,2,19,1,15,22,445,42,403,339,34,1,19,1,0,9,54,54,0,296,296,0,35,261,0,0,0,0,0,092,092
361190102001004,36,119,010200,1004,38,34,0,0,0,0,0,4,38,3,35,34,0,0,0,0,0,1,18,18,0,0,0,0,0,0,0,0,0,0,0,092,092
361190105005021,36,119,010500,5021,84,81,0,0,0,0,1,2,84,3,81,81,0,0,0,0,0,0,31,31,0,0,0,0,0,0,0,0,0,0,0,092,092
361190102005026,36,119,010200,5026,0,0,0,0,0,0,0,0,0,0,0,0,0,0,0,0,0,0,0,0,0,0,0,0,0,0,0,0,0,0,0,092,092
361190102005020,36,119,010200,5020,45,35,1,0,7,0,2,0,45,5,40,32,1,0,7,0,0,0,14,14,0,0,0,0,0,0,0,0,0,0,0,092,092
361190102004004,36,119,010200,4004,62,35,4,0,6,0,8,9,62,13,49,32,4,0,6,0,0,7,13,11,2,0,0,0,0,0,0,0,0,0,0,092,092
361190102005013,36,119,010200,5013,71,60,0,0,8,0,0,3,71,6,65,55,0,0,8,0,0,2,20,20,0,0,0,0,0,0,0,0,0,0,0,092,092
361190102004007,36,119,010200,4007,48,27,3,3,3,0,5,7,48,10,38,27,3,0,3,0,0,5,14,14,0,0,0,0,0,0,0,0,0,0,0,092,092
361190009002000,36,119,000900,2000,35,14,6,1,2,0,3,9,35,15,20,14,3,0,2,0,0,1,6,4,2,0,0,0,0,0,0,0,0,0,0,092,092
361190105004016,36,119,010500,4016,0,0,0,0,0,0,0,0,0,0,0,0,0,0,0,0,0,0,0,0,0,0,0,0,0,0,0,0,0,0,0,092,092
361190014013007,36,119,001401,3007,123,64,15,3,15,0,18,8,123,33,90,56,14,0,15,0,0,5,48,44,4,0,0,0,0,0,0,0,0,0,0,090,090
361190014011007,36,119,001401,1007,120,81,3,0,13,0,18,5,120,25,95,78,3,0,13,0,0,1,51,49,2,0,0,0,0,0,0,0,0,0,0,090,090
361190014012005,36,119,001401,2005,69,40,0,0,4,0,12,13,69,33,36,31,0,0,4,0,0,1,24,24,0,0,0,0,0,0,0,0,0,0,0,090,090
361190014022006,36,119,001402,2006,99,72,5,0,7,0,10,5,99,16,83,70,5,0,7,0,0,1,41,36,5,0,0,0,0,0,0,0,0,0,0,090,090
361190014034004,36,119,001403,4004,37,15,4,4,2,0,9,3,37,18,19,12,3,0,2,0,1,1,5,2,3,0,0,0,0,0,0,0,0,0,0,089,089
361190014034007,36,119,001403,4007,175,74,33,1,20,0,26,21,175,52,123,69,24,0,19,0,1,10,71,61,10,0,0,0,0,0,0,0,0,0,0,089,089
361190118003028,36,119,011800,3028,23,13,3,0,0,0,0,7,23,2,21,13,3,0,0,0,0,5,7,7,0,0,0,0,0,0,0,0,0,0,0,092,092
361190117002001,36,119,011700,2001,62,43,5,1,4,0,1,8,62,6,56,43,5,0,4,0,1,3,15,15,0,0,0,0,0,0,0,0,0,0,0,092,092
361190115001006,36,119,011500,1006,144,106,3,1,14,0,5,15,144,18,126,105,3,0,14,0,0,4,73,64,9,0,0,0,0,0,0,0,0,0,0,092,092
361190118003057,36,119,011800,3057,0,0,0,0,0,0,0,0,0,0,0,0,0,0,0,0,0,0,0,0,0,0,0,0,0,0,0,0,0,0,0,092,092
361190122013001,36,119,012201,3001,56,43,0,0,9,0,2,2,56,3,53,43,0,0,9,0,1,0,18,18,0,0,0,0,0,0,0,0,0,0,0,092,092
361190002032002,36,119,000203,2002,0,0,0,0,0,0,0,0,0,0,0,0,0,0,0,0,0,0,0,0,0,0,0,0,0,0,0,0,0,0,0,089,089
361190004031001,36,119,000403,1001,266,13,150,0,1,0,45,57,266,106,160,8,143,0,1,0,0,8,129,119,10,0,0,0,0,0,0,0,0,0,0,089,089
361190110001002,36,119,011000,1002,47,19,9,0,0,0,4,15,47,18,29,19,9,0,0,0,0,1,12,12,0,0,0,0,0,0,0,0,0,0,0,092,092
361190109011007,36,119,010901,1007,30,25,0,0,1,0,1,3,30,3,27,25,0,0,0,0,1,1,14,14,0,0,0,0,0,0,0,0,0,0,0,092,092
361190119022027,36,119,011902,2027,0,0,0,0,0,0,0,0,0,0,0,0,0,0,0,0,0,0,0,0,0,0,0,0,0,0,0,0,0,0,0,092,092
361190119023015,36,119,011902,3015,0,0,0,0,0,0,0,0,0,0,0,0,0,0,0,0,0,0,0,0,0,0,0,0,0,0,0,0,0,0,0,092,092
361190118003034,36,119,011800,3034,6,1,0,0,2,0,0,3,6,1,5,1,0,0,2,0,0,2,1,1,0,0,0,0,0,0,0,0,0,0,0,092,092
361190119021027,36,119,011902,1027,321,222,19,0,9,0,35,36,321,66,255,214,19,0,9,0,3,10,132,132,0,0,0,0,0,0,0,0,0,0,0,092,092
361190120002015,36,119,012000,2015,14,12,0,0,2,0,0,0,14,2,12,10,0,0,2,0,0,0,7,7,0,0,0,0,0,0,0,0,0,0,0,092,092
361190120001029,36,119,012000,1029,41,30,0,0,8,0,0,3,41,3,38,30,0,0,8,0,0,0,9,9,0,0,0,0,0,0,0,0,0,0,0,092,092
361190108011015,36,119,010801,1015,26,12,0,0,6,0,0,8,26,6,20,12,0,0,6,0,0,2,14,14,0,0,0,0,0,0,0,0,0,0,0,092,092
361190109031010,36,119,010903,1010,11,0,4,3,1,0,2,1,11,4,7,0,4,0,1,0,2,0,1,1,0,0,0,0,0,0,0,0,0,0,0,092,092
361190111022002,36,119,011102,2002,45,25,3,0,12,0,2,3,45,8,37,19,3,0,12,0,0,3,15,15,0,0,0,0,0,0,0,0,0,0,0,092,092
361190108011012,36,119,010801,1012,42,33,0,0,6,0,0,3,42,3,39,31,0,0,6,0,0,2,24,24,0,0,0,0,0,0,0,0,0,0,0,092,092
361190108012003,36,119,010801,2003,309,235,21,1,23,0,1,28,309,21,288,234,21,0,23,0,0,10,130,122,8,4,0,0,0,0,0,4,0,0,4,092,092
361190108011021,36,119,010801,1021,24,17,2,1,3,0,1,0,24,5,19,15,1,0,3,0,0,0,10,10,0,0,0,0,0,0,0,0,0,0,0,092,092
361190107023000,36,119,010702,3000,19,0,0,0,4,0,4,11,19,7,12,0,0,0,4,0,2,6,4,4,0,0,0,0,0,0,0,0,0,0,0,092,092
361190109031009,36,119,010903,1009,40,5,22,1,0,0,12,0,40,13,27,5,21,1,0,0,0,0,9,9,0,0,0,0,0,0,0,0,0,0,0,092,092
361190026002038,36,119,002600,2038,0,0,0,0,0,0,0,0,0,0,0,0,0,0,0,0,0,0,0,0,0,0,0,0,0,0,0,0,0,0,0,089,089
361190003001005,36,119,000300,1005,0,0,0,0,0,0,0,0,0,0,0,0,0,0,0,0,0,0,0,0,0,0,0,0,0,0,0,0,0,0,0,090,090
361190021042016,36,119,002104,2016,0,0,0,0,0,0,0,0,0,0,0,0,0,0,0,0,0,0,0,0,0,0,0,0,0,0,0,0,0,0,0,090,090
361190112004027,36,119,011200,4027,0,0,0,0,0,0,0,0,0,0,0,0,0,0,0,0,0,0,0,0,0,0,0,0,0,0,0,0,0,0,0,092,092
361190009002016,36,119,000900,2016,303,106,80,4,13,0,60,40,303,120,183,85,78,0,11,0,0,9,139,136,3,0,0,0,0,0,0,0,0,0,0,092,092
361190114022003,36,119,011402,2003,110,43,32,0,15,0,8,12,110,24,86,38,32,0,15,0,0,1,63,60,3,0,0,0,0,0,0,0,0,0,0,092,092
361190023001025,36,119,002300,1025,37,15,7,1,2,0,8,4,37,16,21,15,3,0,2,0,1,0,15,15,0,0,0,0,0,0,0,0,0,0,0,090,090
361190023001026,36,119,002300,1026,35,15,2,2,1,0,13,2,35,17,18,15,2,0,1,0,0,0,9,9,0,0,0,0,0,0,0,0,0,0,0,090,090
361190033004001,36,119,003300,4001,124,1,106,0,3,0,5,9,124,4,120,0,106,0,3,0,2,9,52,52,0,0,0,0,0,0,0,0,0,0,0,089,089
361190008015003,36,119,000801,5003,269,214,9,1,4,0,25,16,269,37,232,210,9,1,4,0,1,7,140,134,6,0,0,0,0,0,0,0,0,0,0,090,090
361190027001002,36,119,002700,1002,74,3,55,0,0,0,6,10,74,28,46,0,43,0,0,0,1,2,15,15,0,0,0,0,0,0,0,0,0,0,0,089,089
361190021051006,36,119,002105,1006,29,24,1,0,1,0,0,3,29,2,27,24,1,0,1,0,0,1,12,12,0,0,0,0,0,0,0,0,0,0,0,090,090
361190021051000,36,119,002105,1000,23,10,3,0,0,0,1,9,23,9,14,10,3,0,0,0,0,1,4,4,0,0,0,0,0,0,0,0,0,0,0,090,090
361190021052004,36,119,002105,2004,60,48,3,0,6,0,0,3,60,4,56,45,3,0,6,0,0,2,27,27,0,0,0,0,0,0,0,0,0,0,0,090,090
361190021052002,36,119,002105,2002,14,10,0,0,0,0,2,2,14,2,12,10,0,0,0,0,0,2,8,8,0,0,0,0,0,0,0,0,0,0,0,090,090
361190121013022,36,119,012101,3022,0,0,0,0,0,0,0,0,0,0,0,0,0,0,0,0,0,0,0,0,0,0,0,0,0,0,0,0,0,0,0,092,092
361190121022012,36,119,012102,2012,38,31,1,0,3,0,0,3,38,6,32,28,1,0,3,0,0,0,11,11,0,0,0,0,0,0,0,0,0,0,0,092,092
361190003001006,36,119,000300,1006,0,0,0,0,0,0,0,0,0,0,0,0,0,0,0,0,0,0,0,0,0,0,0,0,0,0,0,0,0,0,0,090,090
361190021033026,36,119,002103,3026,0,0,0,0,0,0,0,0,0,0,0,0,0,0,0,0,0,0,0,0,0,0,0,0,0,0,0,0,0,0,0,090,090
361190122023010,36,119,012202,3010,0,0,0,0,0,0,0,0,0,0,0,0,0,0,0,0,0,0,0,0,0,0,0,0,0,0,0,0,0,0,0,092,092
361190001033009,36,119,000103,3009,0,0,0,0,0,0,0,0,0,0,0,0,0,0,0,0,0,0,0,0,0,0,0,0,0,0,0,0,0,0,0,089,089
361190017014001,36,119,001701,4001,0,0,0,0,0,0,0,0,0,0,0,0,0,0,0,0,0,0,0,0,0,0,0,0,0,0,0,0,0,0,0,090,090
361190019001018,36,119,001900,1018,0,0,0,0,0,0,0,0,0,0,0,0,0,0,0,0,0,0,0,0,0,0,0,0,0,0,0,0,0,0,0,090,090
361190022011030,36,119,002201,1030,91,78,1,1,0,0,0,11,91,11,80,78,1,1,0,0,0,0,30,30,0,0,0,0,0,0,0,0,0,0,0,090,090
361190103001005,36,119,010300,1005,126,97,0,0,12,0,0,17,126,8,118,97,0,0,12,0,0,9,86,85,1,0,0,0,0,0,0,0,0,0,0,092,092
361190109011011,36,119,010901,1011,38,26,4,0,0,0,0,8,38,8,30,25,2,0,0,0,0,3,13,13,0,0,0,0,0,0,0,0,0,0,0,092,092
361190105005010,36,119,010500,5010,33,26,0,0,4,0,2,1,33,3,30,26,0,0,4,0,0,0,11,10,1,0,0,0,0,0,0,0,0,0,0,092,092
361190007022005,36,119,000702,2005,0,0,0,0,0,0,0,0,0,0,0,0,0,0,0,0,0,0,0,0,0,0,0,0,0,0,0,0,0,0,0,089,089
361190121021033,36,119,012102,1033,26,25,0,0,0,0,0,1,26,1,25,25,0,0,0,0,0,0,10,10,0,0,0,0,0,0,0,0,0,0,0,092,092
361190118001002,36,119,011800,1002,114,96,0,0,17,0,0,1,114,0,114,96,0,0,17,0,0,1,37,34,3,0,0,0,0,0,0,0,0,0,0,092,092
361190122021000,36,119,012202,1000,0,0,0,0,0,0,0,0,0,0,0,0,0,0,0,0,0,0,0,0,0,0,0,0,0,0,0,0,0,0,0,092,092
361190021042004,36,119,002104,2004,27,8,1,0,8,0,9,1,27,9,18,8,1,0,8,0,0,1,2,2,0,0,0,0,0,0,0,0,0,0,0,090,090
361190022044001,36,119,002204,4001,0,0,0,0,0,0,0,0,0,0,0,0,0,0,0,0,0,0,0,0,0,0,0,0,0,0,0,0,0,0,0,090,090
361190118003003,36,119,011800,3003,68,55,0,0,9,0,0,4,68,1,67,55,0,0,9,0,0,3,25,25,0,0,0,0,0,0,0,0,0,0,0,092,092
361190118005016,36,119,011800,5016,36,34,0,0,0,0,0,2,36,2,34,34,0,0,0,0,0,0,12,12,0,0,0,0,0,0,0,0,0,0,0,092,092
361190022011014,36,119,002201,1014,0,0,0,0,0,0,0,0,0,0,0,0,0,0,0,0,0,0,0,0,0,0,0,0,0,0,0,0,0,0,0,090,090
361190118005019,36,119,011800,5019,50,36,1,0,11,0,0,2,50,0,50,36,1,0,11,0,0,2,19,10,9,0,0,0,0,0,0,0,0,0,0,092,092
361190122021002,36,119,012202,1002,0,0,0,0,0,0,0,0,0,0,0,0,0,0,0,0,0,0,0,0,0,0,0,0,0,0,0,0,0,0,0,092,092
361190122024002,36,119,012202,4002,0,0,0,0,0,0,0,0,0,0,0,0,0,0,0,0,0,0,0,0,0,0,0,0,0,0,0,0,0,0,0,092,092
361190024033006,36,119,002403,3006,51,16,2,0,22,0,6,5,51,12,39,16,1,0,22,0,0,0,18,17,1,0,0,0,0,0,0,0,0,0,0,090,090
361190024033004,36,119,002403,3004,123,62,1,0,12,0,24,24,123,57,66,48,1,0,12,0,0,5,43,41,2,0,0,0,0,0,0,0,0,0,0,090,090
361190022042008,36,119,002204,2008,347,205,68,0,22,0,24,28,347,66,281,188,59,0,22,0,2,10,206,194,12,0,0,0,0,0,0,0,0,0,0,090,090
361190024033009,36,119,002403,3009,44,32,5,0,0,0,2,5,44,4,40,32,5,0,0,0,2,1,20,20,0,0,0,0,0,0,0,0,0,0,0,090,090
361190118004027,36,119,011800,4027,0,0,0,0,0,0,0,0,0,0,0,0,0,0,0,0,0,0,0,0,0,0,0,0,0,0,0,0,0,0,0,092,092
361190037003009,36,119,003700,3009,0,0,0,0,0,0,0,0,0,0,0,0,0,0,0,0,0,0,0,0,0,0,0,0,0,0,0,0,0,0,0,089,089
361190024032005,36,119,002403,2005,271,127,24,2,37,0,56,25,271,75,196,120,24,2,37,0,4,9,96,94,2,0,0,0,0,0,0,0,0,0,0,090,090
361190013011004,36,119,001301,1004,86,31,13,3,16,0,11,12,86,30,56,26,13,0,16,0,1,0,32,32,0,0,0,0,0,0,0,0,0,0,0,090,090
361190013021001,36,119,001302,1001,141,14,9,24,14,0,70,10,141,104,37,6,9,1,14,0,2,5,46,33,13,0,0,0,0,0,0,0,0,0,0,089,089
361190013021005,36,119,001302,1005,315,80,36,17,3,0,126,53,315,217,98,50,30,2,3,0,9,4,108,108,0,0,0,0,0,0,0,0,0,0,0,089,089
361190013021006,36,119,001302,1006,53,1,12,0,7,0,23,10,53,37,16,1,6,0,7,0,0,2,13,13,0,0,0,0,0,0,0,0,0,0,0,089,089
361190013011022,36,119,001301,1022,33,23,0,0,1,0,2,7,33,2,31,23,0,0,1,0,0,7,10,9,1,0,0,0,0,0,0,0,0,0,0,089,089
361190013011009,36,119,001301,1009,100,43,2,1,23,0,18,13,100,37,63,37,2,1,23,0,0,0,27,27,0,0,0,0,0,0,0,0,0,0,0,089,089
361190014031002,36,119,001403,1002,354,142,54,6,47,0,62,43,354,135,219,122,36,5,47,0,3,6,126,126,0,0,0,0,0,0,0,0,0,0,0,089,089
361190007012005,36,119,000701,2005,95,59,16,0,11,0,7,2,95,12,83,56,15,0,11,0,0,1,43,43,0,0,0,0,0,0,0,0,0,0,0,090,090
361190007012008,36,119,000701,2008,67,45,0,0,8,0,6,8,67,13,54,44,0,0,8,0,0,2,29,29,0,0,0,0,0,0,0,0,0,0,0,090,090
361190008014002,36,119,000801,4002,152,58,13,5,14,0,40,22,152,63,89,49,13,2,14,0,6,5,61,61,0,0,0,0,0,0,0,0,0,0,0,090,090
361190008014000,36,119,000801,4000,88,36,13,1,7,0,7,24,88,29,59,36,12,0,7,0,1,3,30,30,0,0,0,0,0,0,0,0,0,0,0,090,090
361190004012006,36,119,000401,2006,0,0,0,0,0,0,0,0,0,0,0,0,0,0,0,0,0,0,0,0,0,0,0,0,0,0,0,0,0,0,0,089,089
361190024035001,36,119,002403,5001,159,57,54,0,4,0,30,14,159,51,108,46,53,0,4,0,4,1,85,85,0,0,0,0,0,0,0,0,0,0,0,090,090
361199810001026,36,119,981000,1026,85,22,44,0,4,0,9,6,85,18,67,22,39,0,4,0,0,2,5,5,0,64,0,0,0,0,0,64,0,0,64,092,092
361190024031004,36,119,002403,1004,0,0,0,0,0,0,0,0,0,0,0,0,0,0,0,0,0,0,0,0,0,0,0,0,0,0,0,0,0,0,0,090,090
361190008022011,36,119,000802,2011,0,0,0,0,0,0,0,0,0,0,0,0,0,0,0,0,0,0,0,0,0,0,0,0,0,0,0,0,0,0,0,090,090
361190121013036,36,119,012101,3036,0,0,0,0,0,0,0,0,0,0,0,0,0,0,0,0,0,0,0,0,0,0,0,0,0,0,0,0,0,0,0,092,092
361190121013003,36,119,012101,3003,141,136,0,1,2,0,0,2,141,1,140,136,0,0,2,0,0,2,53,53,0,0,0,0,0,0,0,0,0,0,0,092,092
361190121013035,36,119,012101,3035,0,0,0,0,0,0,0,0,0,0,0,0,0,0,0,0,0,0,0,0,0,0,0,0,0,0,0,0,0,0,0,092,092
361190108012018,36,119,010801,2018,85,43,8,0,5,0,15,14,85,33,52,38,7,0,5,0,0,2,26,24,2,0,0,0,0,0,0,0,0,0,0,092,092
361190108011027,36,119,010801,1027,71,39,3,0,10,0,2,17,71,17,54,39,3,0,10,0,0,2,21,21,0,0,0,0,0,0,0,0,0,0,0,092,092
361190111014005,36,119,011101,4005,196,81,32,2,64,0,5,12,196,18,178,75,32,1,64,0,0,6,63,63,0,10,0,0,0,0,0,10,0,0,10,092,092
361190111021018,36,119,011102,1018,21,6,2,1,9,0,0,3,21,0,21,6,2,1,9,0,0,3,8,8,0,0,0,0,0,0,0,0,0,0,0,092,092
361190106003001,36,119,010600,3001,0,0,0,0,0,0,0,0,0,0,0,0,0,0,0,0,0,0,0,0,0,0,0,0,0,0,0,0,0,0,0,092,092
361190106001007,36,119,010600,1007,88,58,0,0,19,0,0,11,88,4,84,58,0,0,19,0,0,7,22,22,0,0,0,0,0,0,0,0,0,0,0,092,092
361190108041007,36,119,010804,1007,32,16,0,0,6,0,3,7,32,13,19,13,0,0,6,0,0,0,8,5,3,0,0,0,0,0,0,0,0,0,0,092,092
361190017013005,36,119,001701,3005,101,41,18,2,8,0,22,10,101,35,66,40,18,0,8,0,0,0,23,16,7,0,0,0,0,0,0,0,0,0,0,090,090
361190017022006,36,119,001702,2006,36,24,2,0,0,0,3,7,36,8,28,23,2,0,0,0,0,3,12,12,0,0,0,0,0,0,0,0,0,0,0,090,090
361190014011000,36,119,001401,1000,191,113,14,0,1,0,33,30,191,62,129,110,14,0,1,0,0,4,63,63,0,0,0,0,0,0,0,0,0,0,0,090,090
361190017022005,36,119,001702,2005,35,25,1,0,0,0,3,6,35,6,29,23,1,0,0,0,0,5,6,6,0,0,0,0,0,0,0,0,0,0,0,090,090
361190022043000,36,119,002204,3000,687,428,102,1,33,1,73,49,687,151,536,396,101,0,33,1,2,3,416,393,23,0,0,0,0,0,0,0,0,0,0,090,090
361190109032012,36,119,010903,2012,46,5,18,0,1,0,16,6,46,19,27,3,18,0,1,0,2,3,21,21,0,0,0,0,0,0,0,0,0,0,0,092,092
361190109022013,36,119,010902,2013,41,6,8,1,11,0,7,8,41,12,29,3,8,0,11,0,2,5,12,12,0,0,0,0,0,0,0,0,0,0,0,092,092
361190109023002,36,119,010902,3002,74,16,24,0,3,0,22,9,74,29,45,16,24,0,3,0,2,0,23,23,0,0,0,0,0,0,0,0,0,0,0,092,092
361190109023001,36,119,010902,3001,63,9,29,0,0,0,14,11,63,20,43,4,29,0,0,0,1,9,19,19,0,0,0,0,0,0,0,0,0,0,0,092,092
361190108032010,36,119,010803,2010,119,91,2,1,13,0,1,11,119,14,105,90,2,0,13,0,0,0,89,77,12,0,0,0,0,0,0,0,0,0,0,092,092
361190114022006,36,119,011402,2006,29,18,0,0,7,0,0,4,29,5,24,13,0,0,7,0,0,4,7,0,7,0,0,0,0,0,0,0,0,0,0,092,092
361190106002014,36,119,010600,2014,0,0,0,0,0,0,0,0,0,0,0,0,0,0,0,0,0,0,0,0,0,0,0,0,0,0,0,0,0,0,0,092,092
361190017022001,36,119,001702,2001,0,0,0,0,0,0,0,0,0,0,0,0,0,0,0,0,0,0,0,0,0,0,0,0,0,0,0,0,0,0,0,090,090
361190004011001,36,119,000401,1001,324,36,71,8,21,0,135,53,324,201,123,25,53,0,21,0,4,20,111,93,18,8,8,0,8,0,0,0,0,0,0,090,090
361190107011012,36,119,010701,1012,29,22,0,0,3,0,0,4,29,2,27,21,0,0,3,0,0,3,9,9,0,0,0,0,0,0,0,0,0,0,0,092,092
361190108041021,36,119,010804,1021,56,32,5,0,2,0,8,9,56,15,41,32,5,0,2,0,0,2,22,22,0,0,0,0,0,0,0,0,0,0,0,092,092
361190117001018,36,119,011700,1018,24,12,0,0,0,0,5,7,24,4,20,12,0,0,0,0,5,3,6,6,0,0,0,0,0,0,0,0,0,0,0,092,092
361190120002027,36,119,012000,2027,19,16,0,0,3,0,0,0,19,0,19,16,0,0,3,0,0,0,10,10,0,0,0,0,0,0,0,0,0,0,0,092,092
361190024033007,36,119,002403,3007,107,71,5,0,2,0,19,10,107,26,81,70,1,0,2,0,1,7,36,35,1,0,0,0,0,0,0,0,0,0,0,090,090
361190024031000,36,119,002403,1000,208,121,18,2,26,0,22,19,208,51,157,113,14,2,23,0,0,5,84,77,7,0,0,0,0,0,0,0,0,0,0,090,090
361190024031003,36,119,002403,1003,0,0,0,0,0,0,0,0,0,0,0,0,0,0,0,0,0,0,0,0,0,0,0,0,0,0,0,0,0,0,0,090,090
361190106003006,36,119,010600,3006,0,0,0,0,0,0,0,0,0,0,0,0,0,0,0,0,0,0,0,0,0,0,0,0,0,0,0,0,0,0,0,092,092
361190114014000,36,119,011401,4000,324,293,9,0,11,0,4,7,324,16,308,285,8,0,11,0,0,4,194,189,5,0,0,0,0,0,0,0,0,0,0,092,092
361190103003000,36,119,010300,3000,0,0,0,0,0,0,0,0,0,0,0,0,0,0,0,0,0,0,0,0,0,0,0,0,0,0,0,0,0,0,0,092,092
361190007022002,36,119,000702,2002,541,104,239,1,7,0,98,92,541,204,337,89,210,1,7,0,7,23,287,253,34,0,0,0,0,0,0,0,0,0,0,090,092
361190006012005,36,119,000601,2005,369,53,108,4,11,0,119,74,369,197,172,29,102,3,11,0,12,15,146,146,0,0,0,0,0,0,0,0,0,0,0,090,090
361190010001001,36,119,001000,1001,19,2,3,1,0,0,2,11,19,13,6,2,1,1,0,0,0,2,1,1,0,0,0,0,0,0,0,0,0,0,0,090,090
361190011021003,36,119,001102,1003,285,46,44,6,15,0,143,31,285,216,69,25,26,2,15,0,0,1,103,97,6,0,0,0,0,0,0,0,0,0,0,090,090
361190001033007,36,119,000103,3007,442,65,160,12,0,0,122,83,442,249,193,29,145,0,0,0,8,11,214,196,18,0,0,0,0,0,0,0,0,0,0,089,089
361190121013027,36,119,012101,3027,91,82,0,0,1,0,1,7,91,2,89,82,0,0,0,0,0,7,25,20,5,0,0,0,0,0,0,0,0,0,0,092,092
361190119022036,36,119,011902,2036,30,12,2,0,2,0,2,12,30,3,27,12,2,0,2,0,0,11,13,13,0,0,0,0,0,0,0,0,0,0,0,092,092
361190119023017,36,119,011902,3017,31,25,0,0,3,0,1,2,31,1,30,25,0,0,3,0,0,2,14,14,0,0,0,0,0,0,0,0,0,0,0,092,092
361190109021003,36,119,010902,1003,83,32,13,2,31,0,0,5,83,4,79,32,13,0,31,0,0,3,24,24,0,0,0,0,0,0,0,0,0,0,0,092,092
361190119022013,36,119,011902,2013,21,11,0,0,2,0,7,1,21,10,11,11,0,0,0,0,0,0,8,6,2,0,0,0,0,0,0,0,0,0,0,092,092
361190119022029,36,119,011902,2029,0,0,0,0,0,0,0,0,0,0,0,0,0,0,0,0,0,0,0,0,0,0,0,0,0,0,0,0,0,0,0,092,092
361190119023008,36,119,011902,3008,46,31,0,0,11,0,0,4,46,0,46,31,0,0,11,0,0,4,17,17,0,0,0,0,0,0,0,0,0,0,0,092,092
361190119023010,36,119,011902,3010,54,52,0,0,0,0,0,2,54,0,54,52,0,0,0,0,0,2,27,27,0,0,0,0,0,0,0,0,0,0,0,092,092
361199810001002,36,119,981000,1002,0,0,0,0,0,0,0,0,0,0,0,0,0,0,0,0,0,0,0,0,0,0,0,0,0,0,0,0,0,0,0,092,092
361190004013003,36,119,000401,3003,0,0,0,0,0,0,0,0,0,0,0,0,0,0,0,0,0,0,0,0,0,0,0,0,0,0,0,0,0,0,0,089,089
361190027001006,36,119,002700,1006,166,0,151,0,5,0,4,6,166,16,150,0,143,0,5,0,0,2,59,59,0,0,0,0,0,0,0,0,0,0,0,089,089
361190033004006,36,119,003300,4006,179,8,110,0,2,0,45,14,179,48,131,8,110,0,2,0,10,1,70,70,0,0,0,0,0,0,0,0,0,0,0,089,089
361190032002010,36,119,003200,2010,169,4,138,0,0,0,12,15,169,25,144,0,137,0,0,0,0,7,73,73,0,0,0,0,0,0,0,0,0,0,0,089,089
361190032002008,36,119,003200,2008,104,4,83,0,0,0,9,8,104,10,94,4,82,0,0,0,0,8,38,38,0,0,0,0,0,0,0,0,0,0,0,089,089
361190033001004,36,119,003300,1004,50,0,38,0,0,0,7,5,50,21,29,0,27,0,0,0,0,2,19,19,0,0,0,0,0,0,0,0,0,0,0,089,089
361190014021007,36,119,001402,1007,0,0,0,0,0,0,0,0,0,0,0,0,0,0,0,0,0,0,0,0,0,0,0,0,0,0,0,0,0,0,0,090,090
361190015033003,36,119,001503,3003,71,36,0,0,8,0,18,9,71,28,43,32,0,0,8,0,1,2,20,20,0,0,0,0,0,0,0,0,0,0,0,089,089
361190015044000,36,119,001504,4000,508,362,7,4,40,0,63,32,508,101,407,353,5,4,40,0,0,5,188,182,6,0,0,0,0,0,0,0,0,0,0,090,090
361190024051009,36,119,002405,1009,79,53,9,0,0,1,1,15,79,25,54,43,8,0,0,0,0,3,29,29,0,0,0,0,0,0,0,0,0,0,0,090,090
361190024052003,36,119,002405,2003,201,125,16,0,16,0,12,32,201,52,149,117,16,0,16,0,0,0,80,80,0,0,0,0,0,0,0,0,0,0,0,090,090
361190106001018,36,119,010600,1018,41,22,4,0,7,0,3,5,41,5,36,22,2,0,7,0,0,5,13,13,0,0,0,0,0,0,0,0,0,0,0,092,092
361190108041023,36,119,010804,1023,28,16,0,1,2,0,6,3,28,8,20,15,0,0,2,0,0,3,12,12,0,0,0,0,0,0,0,0,0,0,0,092,092
361190118003006,36,119,011800,3006,0,0,0,0,0,0,0,0,0,0,0,0,0,0,0,0,0,0,0,0,0,0,0,0,0,0,0,0,0,0,0,092,092
361190121023007,36,119,012102,3007,56,37,7,1,9,0,1,1,56,1,55,37,7,1,9,0,1,0,14,14,0,18,0,0,0,0,0,18,0,0,18,092,092
361190121012028,36,119,012101,2028,17,11,0,0,1,0,1,4,17,4,13,7,0,0,1,0,1,4,1,1,0,0,0,0,0,0,0,0,0,0,0,092,092
361190103003014,36,119,010300,3014,68,52,10,0,1,0,0,5,68,10,58,45,10,0,1,0,0,2,28,28,0,0,0,0,0,0,0,0,0,0,0,092,092
361190105002012,36,119,010500,2012,28,15,2,1,2,0,3,5,28,12,16,11,2,0,2,0,0,1,3,3,0,0,0,0,0,0,0,0,0,0,0,092,092
361190114021024,36,119,011402,1024,179,124,8,2,16,0,5,24,179,16,163,124,8,0,16,0,0,15,57,57,0,0,0,0,0,0,0,0,0,0,0,092,092
361190020004024,36,119,002000,4024,174,119,3,0,32,0,12,8,174,17,157,119,3,0,32,0,0,3,57,57,0,0,0,0,0,0,0,0,0,0,0,090,090
361190020002003,36,119,002000,2003,90,60,1,0,0,0,12,17,90,28,62,60,0,0,0,0,0,2,37,37,0,0,0,0,0,0,0,0,0,0,0,090,090
361190021013003,36,119,002101,3003,56,35,5,1,1,0,11,3,56,24,32,28,2,0,1,0,0,1,11,7,4,0,0,0,0,0,0,0,0,0,0,090,090
361190021013005,36,119,002101,3005,44,16,5,0,6,1,0,16,44,12,32,16,3,0,6,0,0,7,15,15,0,0,0,0,0,0,0,0,0,0,0,090,090
361190021051018,36,119,002105,1018,0,0,0,0,0,0,0,0,0,0,0,0,0,0,0,0,0,0,0,0,0,0,0,0,0,0,0,0,0,0,0,090,090
361190021071002,36,119,002107,1002,555,255,97,2,95,0,66,40,555,114,441,246,90,2,95,0,2,6,247,243,4,0,0,0,0,0,0,0,0,0,0,090,090
361190021042037,36,119,002104,2037,68,29,14,1,7,0,8,9,68,15,53,28,14,0,7,0,1,3,12,12,0,0,0,0,0,0,0,0,0,0,0,090,090
361190021042024,36,119,002104,2024,19,6,1,0,4,0,0,8,19,5,14,5,0,0,4,0,0,5,5,2,3,0,0,0,0,0,0,0,0,0,0,090,090
361190021042032,36,119,002104,2032,31,16,3,0,6,0,2,4,31,2,29,16,3,0,6,0,1,3,9,9,0,0,0,0,0,0,0,0,0,0,0,090,090
361190021041017,36,119,002104,1017,53,41,0,0,4,0,5,3,53,6,47,41,0,0,4,0,0,2,14,14,0,0,0,0,0,0,0,0,0,0,0,090,090
361190118005011,36,119,011800,5011,24,20,0,0,1,0,0,3,24,1,23,20,0,0,1,0,0,2,8,8,0,0,0,0,0,0,0,0,0,0,0,092,092
361190118004026,36,119,011800,4026,0,0,0,0,0,0,0,0,0,0,0,0,0,0,0,0,0,0,0,0,0,0,0,0,0,0,0,0,0,0,0,092,092
361190118003019,36,119,011800,3019,0,0,0,0,0,0,0,0,0,0,0,0,0,0,0,0,0,0,0,0,0,0,0,0,0,0,0,0,0,0,0,092,092
361190118003016,36,119,011800,3016,0,0,0,0,0,0,0,0,0,0,0,0,0,0,0,0,0,0,0,0,0,0,0,0,0,0,0,0,0,0,0,092,092
361190122023025,36,119,012202,3025,47,28,0,0,0,0,14,5,47,16,31,28,0,0,0,0,0,3,19,19,0,0,0,0,0,0,0,0,0,0,0,092,092
361190118002004,36,119,011800,2004,2,0,0,0,1,0,0,1,2,0,2,0,0,0,1,0,0,1,3,3,0,0,0,0,0,0,0,0,0,0,0,092,092
361190118002019,36,119,011800,2019,110,94,1,0,9,0,0,6,110,5,105,94,1,0,9,0,0,1,33,33,0,0,0,0,0,0,0,0,0,0,0,092,092
361190118005021,36,119,011800,5021,23,14,1,0,2,0,0,6,23,5,18,14,1,0,1,0,0,2,8,8,0,0,0,0,0,0,0,0,0,0,0,092,092
361190009003001,36,119,000900,3001,26,12,5,0,0,0,3,6,26,11,15,10,5,0,0,0,0,0,5,5,0,0,0,0,0,0,0,0,0,0,0,092,090
361190111012000,36,119,011101,2000,537,193,127,1,143,0,43,30,537,90,447,187,113,1,141,0,1,4,333,282,51,5,0,0,0,0,0,5,0,0,5,092,092
361190120001034,36,119,012000,1034,26,20,1,0,1,0,3,1,26,3,23,20,0,0,1,0,1,1,10,10,0,0,0,0,0,0,0,0,0,0,0,092,092
361190013052000,36,119,001305,2000,222,26,73,9,12,0,66,36,222,138,84,9,56,0,12,0,3,4,72,72,0,0,0,0,0,0,0,0,0,0,0,089,089
361190011023000,36,119,001102,3000,228,52,34,8,4,0,108,22,228,166,62,39,14,0,3,0,1,5,73,57,16,0,0,0,0,0,0,0,0,0,0,090,090
361190013012002,36,119,001301,2002,36,11,6,0,0,0,15,4,36,16,20,11,6,0,0,0,0,3,10,10,0,0,0,0,0,0,0,0,0,0,0,090,090
361190112004025,36,119,011200,4025,144,10,7,1,11,0,96,19,144,124,20,1,7,0,11,0,0,1,47,46,1,0,0,0,0,0,0,0,0,0,0,092,092
361190112001002,36,119,011200,1002,79,25,0,0,12,0,30,12,79,41,38,24,0,0,12,0,2,0,30,30,0,0,0,0,0,0,0,0,0,0,0,092,092
361190112001013,36,119,011200,1013,18,4,5,1,8,0,0,0,18,1,17,4,5,0,8,0,0,0,7,7,0,0,0,0,0,0,0,0,0,0,0,092,092
361190112002019,36,119,011200,2019,94,29,20,0,26,0,5,14,94,14,80,29,20,0,26,0,0,5,38,38,0,0,0,0,0,0,0,0,0,0,0,092,092
361190112003004,36,119,011200,3004,62,1,42,2,0,0,10,7,62,15,47,1,42,0,0,0,0,4,23,23,0,0,0,0,0,0,0,0,0,0,0,092,092
361190112003020,36,119,011200,3020,81,34,16,0,0,0,19,12,81,42,39,22,16,0,0,0,0,1,21,21,0,0,0,0,0,0,0,0,0,0,0,092,092
361190003002006,36,119,000300,2006,322,32,28,16,43,0,177,26,322,251,71,4,19,1,43,0,0,4,85,85,0,0,0,0,0,0,0,0,0,0,0,090,090
361190012002004,36,119,001200,2004,285,14,15,9,1,0,222,24,285,267,18,3,13,0,1,0,0,1,80,80,0,0,0,0,0,0,0,0,0,0,0,090,090
361190002041000,36,119,000204,1000,207,42,40,4,37,0,47,37,207,108,99,21,29,2,37,0,3,7,53,52,1,0,0,0,0,0,0,0,0,0,0,089,089
361190111011005,36,119,011101,1005,182,137,13,0,5,0,10,17,182,28,154,133,13,0,5,0,3,0,120,114,6,0,0,0,0,0,0,0,0,0,0,092,092
361190115001016,36,119,011500,1016,0,0,0,0,0,0,0,0,0,0,0,0,0,0,0,0,0,0,0,0,0,0,0,0,0,0,0,0,0,0,0,092,092
361190114014008,36,119,011401,4008,0,0,0,0,0,0,0,0,0,0,0,0,0,0,0,0,0,0,0,0,0,0,0,0,0,0,0,0,0,0,0,092,092
361190114013003,36,119,011401,3003,27,11,1,0,2,0,4,9,27,9,18,11,1,0,2,0,0,4,7,6,1,0,0,0,0,0,0,0,0,0,0,092,092
361190114013004,36,119,011401,3004,148,33,31,0,22,0,26,36,148,71,77,21,31,0,22,0,1,2,61,61,0,0,0,0,0,0,0,0,0,0,0,092,092
361190121013006,36,119,012101,3006,18,16,1,0,0,0,0,1,18,0,18,16,1,0,0,0,0,1,3,3,0,0,0,0,0,0,0,0,0,0,0,092,092
361190118003022,36,119,011800,3022,20,12,0,0,2,0,0,6,20,3,17,12,0,0,2,0,0,3,6,6,0,0,0,0,0,0,0,0,0,0,0,092,092
361190118002008,36,119,011800,2008,19,12,0,0,0,0,2,5,19,0,19,12,0,0,0,0,2,5,6,6,0,0,0,0,0,0,0,0,0,0,0,092,092
361190118002003,36,119,011800,2003,0,0,0,0,0,0,0,0,0,0,0,0,0,0,0,0,0,0,0,0,0,0,0,0,0,0,0,0,0,0,0,092,092
361190118002020,36,119,011800,2020,212,134,3,0,55,0,2,18,212,14,198,134,3,0,55,0,0,6,58,56,2,0,0,0,0,0,0,0,0,0,0,092,092
361190118001000,36,119,011800,1000,0,0,0,0,0,0,0,0,0,0,0,0,0,0,0,0,0,0,0,0,0,0,0,0,0,0,0,0,0,0,0,092,092
361190118002023,36,119,011800,2023,0,0,0,0,0,0,0,0,0,0,0,0,0,0,0,0,0,0,0,0,0,0,0,0,0,0,0,0,0,0,0,092,092
361190118002024,36,119,011800,2024,0,0,0,0,0,0,0,0,0,0,0,0,0,0,0,0,0,0,0,0,0,0,0,0,0,0,0,0,0,0,0,092,092
361190118001003,36,119,011800,1003,10,7,0,0,0,0,0,3,10,0,10,7,0,0,0,0,0,3,4,4,0,0,0,0,0,0,0,0,0,0,0,,092
361190110002011,36,119,011000,2011,0,0,0,0,0,0,0,0,0,0,0,0,0,0,0,0,0,0,0,0,0,0,0,0,0,0,0,0,0,0,0,092,092
361190040011009,36,119,004001,1009,280,31,170,1,2,1,35,40,280,62,218,27,166,0,2,1,10,12,123,53,70,120,120,0,0,120,0,0,0,0,0,089,089
361190118001013,36,119,011800,1013,88,82,3,0,1,0,0,2,88,4,84,78,3,0,1,0,0,2,29,29,0,0,0,0,0,0,0,0,0,0,0,092,092
361190121023003,36,119,012102,3003,51,49,0,0,2,0,0,0,51,0,51,49,0,0,2,0,0,0,18,12,6,0,0,0,0,0,0,0,0,0,0,092,092
361190118005008,36,119,011800,5008,66,52,0,0,10,0,1,3,66,2,64,52,0,0,10,0,1,1,33,27,6,0,0,0,0,0,0,0,0,0,0,092,092
361190118001012,36,119,011800,1012,50,47,0,0,2,0,0,1,50,0,50,47,0,0,2,0,0,1,18,18,0,0,0,0,0,0,0,0,0,0,0,092,092
361190118001009,36,119,011800,1009,224,168,5,0,38,0,0,13,224,7,217,168,5,0,38,0,0,6,79,79,0,0,0,0,0,0,0,0,0,0,0,092,092
361190118001005,36,119,011800,1005,41,34,0,0,4,0,0,3,41,10,31,26,0,0,4,0,0,1,15,15,0,0,0,0,0,0,0,0,0,0,0,092,092
361190118002017,36,119,011800,2017,269,230,0,0,24,0,0,15,269,9,260,230,0,0,24,0,0,6,89,89,0,0,0,0,0,0,0,0,0,0,0,092,092
361190118001007,36,119,011800,1007,39,25,0,0,5,0,0,9,39,7,32,23,0,0,5,0,0,4,8,8,0,0,0,0,0,0,0,0,0,0,0,092,092
361190118005006,36,119,011800,5006,14,6,0,0,4,0,1,3,14,1,13,6,0,0,4,0,1,2,1,1,0,0,0,0,0,0,0,0,0,0,0,092,092
361190021012000,36,119,002101,2000,167,82,35,0,20,0,16,14,167,28,139,80,35,0,20,0,0,4,81,81,0,0,0,0,0,0,0,0,0,0,0,090,090
361190118004029,36,119,011800,4029,0,0,0,0,0,0,0,0,0,0,0,0,0,0,0,0,0,0,0,0,0,0,0,0,0,0,0,0,0,0,0,092,092
361190118004018,36,119,011800,4018,0,0,0,0,0,0,0,0,0,0,0,0,0,0,0,0,0,0,0,0,0,0,0,0,0,0,0,0,0,0,0,092,092
361190118005012,36,119,011800,5012,33,27,0,0,2,0,0,4,33,0,33,27,0,0,2,0,0,4,12,12,0,0,0,0,0,0,0,0,0,0,0,092,092
361190105004008,36,119,010500,4008,24,2,20,0,0,0,2,0,24,7,17,2,15,0,0,0,0,0,0,0,0,24,24,0,24,0,0,0,0,0,0,092,092
361190102003003,36,119,010200,3003,307,256,6,0,17,0,1,27,307,18,289,255,1,0,17,0,0,16,111,111,0,0,0,0,0,0,0,0,0,0,0,092,092
361190009003000,36,119,000900,3000,19,5,10,0,3,0,0,1,19,3,16,3,10,0,3,0,0,0,3,3,0,0,0,0,0,0,0,0,0,0,0,092,090
361190013011015,36,119,001301,1015,49,20,4,0,2,0,12,11,49,29,20,14,0,0,2,0,0,4,16,16,0,0,0,0,0,0,0,0,0,0,0,089,089
361190013023001,36,119,001302,3001,41,7,5,0,2,3,12,12,41,26,15,3,5,0,2,0,0,5,7,6,1,0,0,0,0,0,0,0,0,0,0,089,089
361190007012016,36,119,000701,2016,85,39,9,0,14,0,21,2,85,23,62,39,7,0,14,0,1,1,35,35,0,0,0,0,0,0,0,0,0,0,0,090,090
361190008015006,36,119,000801,5006,78,35,6,0,5,0,23,9,78,30,48,32,5,0,5,0,1,5,21,12,9,0,0,0,0,0,0,0,0,0,0,090,090
361190114021018,36,119,011402,1018,6,0,0,0,4,0,1,1,6,1,5,0,0,0,3,0,1,1,1,0,1,0,0,0,0,0,0,0,0,0,0,092,092
361190113003000,36,119,011300,3000,0,0,0,0,0,0,0,0,0,0,0,0,0,0,0,0,0,0,0,0,0,0,0,0,0,0,0,0,0,0,0,092,092
361190013051002,36,119,001305,1002,67,16,16,1,0,0,27,7,67,46,21,7,14,0,0,0,0,0,55,48,7,0,0,0,0,0,0,0,0,0,0,089,089
361190002033002,36,119,000203,3002,166,121,8,6,4,0,0,27,166,46,120,107,4,0,2,0,0,7,63,59,4,39,0,0,0,0,0,39,0,0,39,089,089
361190017013004,36,119,001701,3004,73,45,2,0,3,0,9,14,73,22,51,45,0,0,3,0,0,3,18,18,0,0,0,0,0,0,0,0,0,0,0,090,090
361190017022015,36,119,001702,2015,60,48,0,0,4,0,2,6,60,12,48,42,0,0,4,0,2,0,27,27,0,0,0,0,0,0,0,0,0,0,0,090,090
361190017022010,36,119,001702,2010,23,21,1,0,0,0,0,1,23,0,23,21,1,0,0,0,0,1,7,7,0,0,0,0,0,0,0,0,0,0,0,090,090
361190023001003,36,119,002300,1003,67,29,5,0,11,0,7,15,67,20,47,27,5,0,11,0,2,2,18,14,4,0,0,0,0,0,0,0,0,0,0,090,090
361190023001010,36,119,002300,1010,86,39,21,0,15,0,10,1,86,14,72,39,17,0,15,0,1,0,27,27,0,0,0,0,0,0,0,0,0,0,0,090,090
361190023002003,36,119,002300,2003,86,72,6,1,1,0,1,5,86,19,67,62,1,1,1,0,0,2,42,42,0,0,0,0,0,0,0,0,0,0,0,090,090
361190024011014,36,119,002401,1014,31,6,4,0,4,0,9,8,31,20,11,6,0,0,4,0,0,1,1,0,1,0,0,0,0,0,0,0,0,0,0,090,090
361190011022004,36,119,001102,2004,0,0,0,0,0,0,0,0,0,0,0,0,0,0,0,0,0,0,0,0,0,0,0,0,0,0,0,0,0,0,0,090,090
361190109032016,36,119,010903,2016,66,6,41,2,2,0,8,7,66,15,51,4,41,0,2,0,4,0,17,17,0,0,0,0,0,0,0,0,0,0,0,092,092
361190109023026,36,119,010902,3026,169,40,73,3,4,0,21,28,169,52,117,33,72,0,4,0,6,2,58,58,0,3,0,0,0,0,0,3,0,0,3,092,092
361190109022037,36,119,010902,2037,40,2,23,0,0,0,10,5,40,14,26,2,23,0,0,0,1,0,12,12,0,0,0,0,0,0,0,0,0,0,0,092,092
361190109022006,36,119,010902,2006,26,4,10,0,8,0,0,4,26,6,20,2,10,0,8,0,0,0,8,8,0,0,0,0,0,0,0,0,0,0,0,092,092
361190109022027,36,119,010902,2027,29,0,15,0,0,0,10,4,29,13,16,0,14,0,0,0,1,1,10,7,3,0,0,0,0,0,0,0,0,0,0,092,092
361190109024007,36,119,010902,4007,52,7,20,2,6,0,13,4,52,11,41,7,20,0,6,0,4,4,28,28,0,0,0,0,0,0,0,0,0,0,0,092,092
361190109023011,36,119,010902,3011,51,21,15,2,7,0,3,3,51,14,37,13,14,2,7,0,0,1,16,8,8,0,0,0,0,0,0,0,0,0,0,092,092
361190014021004,36,119,001402,1004,72,56,0,0,2,1,6,7,72,9,63,54,0,0,2,1,3,3,18,18,0,0,0,0,0,0,0,0,0,0,0,090,090
361190041003015,36,119,004100,3015,13,1,6,0,0,0,0,6,13,1,12,1,6,0,0,0,0,5,2,2,0,0,0,0,0,0,0,0,0,0,0,089,089
361190037001005,36,119,003700,1005,53,2,29,3,0,0,14,5,53,10,43,2,26,0,0,0,13,2,16,13,3,0,0,0,0,0,0,0,0,0,0,089,089
361190001013000,36,119,000101,3000,371,35,87,6,5,0,170,68,371,250,121,23,77,0,5,0,11,5,116,102,14,0,0,0,0,0,0,0,0,0,0,090,090
361190011022012,36,119,001102,2012,127,35,25,0,1,0,30,36,127,61,66,32,20,0,1,0,7,6,62,53,9,0,0,0,0,0,0,0,0,0,0,090,090
361190023001008,36,119,002300,1008,29,17,0,0,6,0,3,3,29,4,25,17,0,0,6,0,0,2,11,3,8,0,0,0,0,0,0,0,0,0,0,090,090
361190023001024,36,119,002300,1024,44,26,2,0,4,0,2,10,44,9,35,26,2,0,4,0,0,3,18,18,0,0,0,0,0,0,0,0,0,0,0,090,090
361190023002016,36,119,002300,2016,55,43,0,1,3,0,2,6,55,10,45,40,0,1,3,0,0,1,17,17,0,0,0,0,0,0,0,0,0,0,0,090,090
361190005012003,36,119,000501,2003,31,0,8,0,0,0,9,14,31,22,9,0,6,0,0,0,0,3,18,14,4,0,0,0,0,0,0,0,0,0,0,090,090
361190006022008,36,119,000602,2008,309,33,145,2,7,0,75,47,309,146,163,5,139,2,7,0,0,10,149,149,0,0,0,0,0,0,0,0,0,0,0,089,089
361190005012009,36,119,000501,2009,91,23,14,9,0,0,29,16,91,70,21,11,9,0,0,0,0,1,22,17,5,0,0,0,0,0,0,0,0,0,0,090,090
361190005012008,36,119,000501,2008,96,9,32,1,0,0,42,12,96,60,36,1,31,0,0,0,3,1,32,26,6,0,0,0,0,0,0,0,0,0,0,090,090
361190006022003,36,119,000602,2003,171,24,65,0,16,0,45,21,171,59,112,20,59,0,16,0,11,6,82,81,1,0,0,0,0,0,0,0,0,0,0,089,089
361190008032011,36,119,000803,2011,228,86,70,3,10,1,39,19,228,79,149,79,52,0,10,1,0,7,92,92,0,0,0,0,0,0,0,0,0,0,0,089,089
361190121013018,36,119,012101,3018,6,6,0,0,0,0,0,0,6,0,6,6,0,0,0,0,0,0,3,3,0,0,0,0,0,0,0,0,0,0,0,092,092
361190021052021,36,119,002105,2021,61,51,0,0,7,0,0,3,61,0,61,51,0,0,7,0,0,3,23,18,5,0,0,0,0,0,0,0,0,0,0,090,090
361190021052015,36,119,002105,2015,73,57,7,0,3,0,4,2,73,7,66,52,7,0,3,0,2,2,31,31,0,0,0,0,0,0,0,0,0,0,0,090,090
361190111021026,36,119,011102,1026,29,16,0,0,3,0,1,9,29,9,20,15,0,0,3,0,1,1,11,11,0,0,0,0,0,0,0,0,0,0,0,092,092
361190120002042,36,119,012000,2042,44,38,0,0,0,0,1,5,44,5,39,38,0,0,0,0,1,0,16,16,0,0,0,0,0,0,0,0,0,0,0,092,092
361190121021018,36,119,012102,1018,54,41,1,0,0,0,12,0,54,12,42,41,1,0,0,0,0,0,16,16,0,0,0,0,0,0,0,0,0,0,0,092,092
361190023001007,36,119,002300,1007,38,25,2,0,2,0,7,2,38,9,29,25,2,0,2,0,0,0,12,12,0,0,0,0,0,0,0,0,0,0,0,090,090
361190104002005,36,119,010400,2005,223,154,15,0,15,0,25,14,223,40,183,151,12,0,15,0,2,3,101,90,11,0,0,0,0,0,0,0,0,0,0,092,092
361190113003011,36,119,011300,3011,21,15,0,0,4,0,0,2,21,8,13,11,0,0,1,0,0,1,4,4,0,0,0,0,0,0,0,0,0,0,0,092,092
361190104002012,36,119,010400,2012,84,34,3,0,6,0,17,24,84,44,40,21,3,0,6,0,1,9,31,31,0,0,0,0,0,0,0,0,0,0,0,092,092
361190113002015,36,119,011300,2015,39,31,0,0,2,0,0,6,39,0,39,31,0,0,2,0,0,6,12,12,0,0,0,0,0,0,0,0,0,0,0,092,092
361190104001015,36,119,010400,1015,113,59,4,0,25,0,9,16,113,28,85,52,4,0,25,0,0,4,36,36,0,0,0,0,0,0,0,0,0,0,0,092,092
361190113001021,36,119,011300,1021,214,178,0,0,26,0,2,8,214,10,204,173,0,0,26,0,0,5,113,105,8,0,0,0,0,0,0,0,0,0,0,092,092
361190121013004,36,119,012101,3004,51,50,0,0,0,0,0,1,51,0,51,50,0,0,0,0,0,1,19,19,0,0,0,0,0,0,0,0,0,0,0,092,092
361190122013009,36,119,012201,3009,0,0,0,0,0,0,0,0,0,0,0,0,0,0,0,0,0,0,0,0,0,0,0,0,0,0,0,0,0,0,0,092,092
361190116021007,36,119,011602,1007,180,138,4,0,14,0,5,19,180,26,154,129,4,0,14,0,0,7,91,81,10,0,0,0,0,0,0,0,0,0,0,092,092
361190121012007,36,119,012101,2007,144,97,2,1,39,0,3,2,144,3,141,97,0,0,39,0,3,2,73,73,0,0,0,0,0,0,0,0,0,0,0,092,092
361190005022002,36,119,000502,2002,815,38,270,5,2,0,412,88,815,579,236,1,224,0,2,0,0,9,288,284,4,0,0,0,0,0,0,0,0,0,0,090,090
361190021042023,36,119,002104,2023,26,24,2,0,0,0,0,0,26,4,22,20,2,0,0,0,0,0,13,13,0,0,0,0,0,0,0,0,0,0,0,090,090
361190109023018,36,119,010902,3018,0,0,0,0,0,0,0,0,0,0,0,0,0,0,0,0,0,0,0,0,0,0,0,0,0,0,0,0,0,0,0,092,092
361190114021003,36,119,011402,1003,33,22,3,0,0,0,1,7,33,3,30,22,3,0,0,0,1,4,12,12,0,0,0,0,0,0,0,0,0,0,0,092,092
361190011022003,36,119,001102,2003,125,53,17,0,4,0,26,25,125,44,81,53,12,0,4,0,10,2,38,36,2,0,0,0,0,0,0,0,0,0,0,090,090
361190032001001,36,119,003200,1001,33,6,11,0,5,0,5,6,33,18,15,4,7,0,4,0,0,0,1,0,1,14,0,0,0,0,0,14,0,0,14,089,089
361190122021008,36,119,012202,1008,112,101,1,0,5,0,0,5,112,6,106,100,1,0,5,0,0,0,35,35,0,0,0,0,0,0,0,0,0,0,0,092,092
361190122011006,36,119,012201,1006,113,94,1,0,4,0,9,5,113,13,100,94,1,0,4,0,0,1,45,45,0,0,0,0,0,0,0,0,0,0,0,092,092
361190001041001,36,119,000104,1001,310,80,109,3,20,0,49,49,310,106,204,60,97,2,20,0,4,21,191,160,31,0,0,0,0,0,0,0,0,0,0,089,089
361190118003048,36,119,011800,3048,15,6,0,1,1,0,4,3,15,6,9,6,0,1,1,0,0,1,5,5,0,12,12,0,0,12,0,0,0,0,0,092,092
361190122011003,36,119,012201,1003,12,4,0,0,2,0,5,1,12,6,6,3,0,0,2,0,0,1,1,1,0,0,0,0,0,0,0,0,0,0,0,092,092
361190014013017,36,119,001401,3017,0,0,0,0,0,0,0,0,0,0,0,0,0,0,0,0,0,0,0,0,0,0,0,0,0,0,0,0,0,0,0,090,090
361190118003062,36,119,011800,3062,23,22,0,0,0,0,0,1,23,1,22,22,0,0,0,0,0,0,8,2,6,0,0,0,0,0,0,0,0,0,0,092,092
361190111011037,36,119,011101,1037,27,10,0,0,12,0,1,4,27,4,23,10,0,0,12,0,0,1,8,8,0,0,0,0,0,0,0,0,0,0,0,092,092
361190104002001,36,119,010400,2001,0,0,0,0,0,0,0,0,0,0,0,0,0,0,0,0,0,0,0,0,0,0,0,0,0,0,0,0,0,0,0,092,092
361190103003006,36,119,010300,3006,96,75,1,0,1,0,6,13,96,17,79,70,0,0,1,0,0,8,46,40,6,0,0,0,0,0,0,0,0,0,0,092,092
361190007012000,36,119,000701,2000,0,0,0,0,0,0,0,0,0,0,0,0,0,0,0,0,0,0,0,0,0,0,0,0,0,0,0,0,0,0,0,092,092
361190111011040,36,119,011101,1040,369,192,87,4,26,0,28,32,369,64,305,183,82,2,26,0,0,12,197,184,13,0,0,0,0,0,0,0,0,0,0,092,092
361190119021012,36,119,011902,1012,28,20,2,2,0,0,0,4,28,15,13,9,1,1,0,0,0,2,6,6,0,0,0,0,0,0,0,0,0,0,0,092,092
361190023002009,36,119,002300,2009,57,35,4,3,3,0,10,2,57,10,47,35,4,3,3,0,2,0,16,14,2,0,0,0,0,0,0,0,0,0,0,090,090
361190033001003,36,119,003300,1003,187,0,163,0,3,0,20,1,187,31,156,0,153,0,3,0,0,0,82,82,0,0,0,0,0,0,0,0,0,0,0,089,089
361190001013001,36,119,000101,3001,123,8,10,0,3,0,74,28,123,110,13,0,10,0,2,0,0,1,31,29,2,0,0,0,0,0,0,0,0,0,0,090,090
361190022041025,36,119,002204,1025,64,56,2,0,5,1,0,0,64,2,62,54,2,0,5,1,0,0,1,1,0,62,0,0,0,0,0,62,62,0,0,090,090
361190022011022,36,119,002201,1022,32,28,0,0,0,0,4,0,32,7,25,25,0,0,0,0,0,0,15,15,0,0,0,0,0,0,0,0,0,0,0,090,090
361190022012009,36,119,002201,2009,50,28,0,0,14,0,5,3,50,5,45,28,0,0,14,0,0,3,17,10,7,0,0,0,0,0,0,0,0,0,0,090,090
361190022011028,36,119,002201,1028,0,0,0,0,0,0,0,0,0,0,0,0,0,0,0,0,0,0,0,0,0,0,0,0,0,0,0,0,0,0,0,090,090
361190022012019,36,119,002201,2019,127,68,13,0,21,0,13,12,127,32,95,61,13,0,21,0,0,0,36,36,0,0,0,0,0,0,0,0,0,0,0,090,090
361190102002016,36,119,010200,2016,50,33,3,0,3,0,8,3,50,20,30,26,1,0,3,0,0,0,15,15,0,0,0,0,0,0,0,0,0,0,0,092,092
361190021032004,36,119,002103,2004,42,40,0,0,0,0,0,2,42,3,39,39,0,0,0,0,0,0,12,12,0,0,0,0,0,0,0,0,0,0,0,090,090
361190021032014,36,119,002103,2014,22,19,0,0,2,0,0,1,22,1,21,18,0,0,2,0,0,1,10,10,0,0,0,0,0,0,0,0,0,0,0,090,090
361190021032018,36,119,002103,2018,65,63,0,0,1,0,0,1,65,0,65,63,0,0,1,0,0,1,24,24,0,0,0,0,0,0,0,0,0,0,0,090,090
361190021033008,36,119,002103,3008,61,55,0,0,6,0,0,0,61,0,61,55,0,0,6,0,0,0,24,24,0,0,0,0,0,0,0,0,0,0,0,090,090
361190021033020,36,119,002103,3020,99,92,0,0,0,0,3,4,99,7,92,92,0,0,0,0,0,0,34,34,0,0,0,0,0,0,0,0,0,0,0,090,090
361190021031018,36,119,002103,1018,0,0,0,0,0,0,0,0,0,0,0,0,0,0,0,0,0,0,0,0,0,0,0,0,0,0,0,0,0,0,0,090,090
361190102005018,36,119,010200,5018,17,11,0,0,0,0,0,6,17,6,11,11,0,0,0,0,0,0,2,2,0,0,0,0,0,0,0,0,0,0,0,092,092
361190102002002,36,119,010200,2002,58,50,0,0,5,0,2,1,58,2,56,50,0,0,5,0,0,1,24,23,1,0,0,0,0,0,0,0,0,0,0,092,092
361190102002008,36,119,010200,2008,0,0,0,0,0,0,0,0,0,0,0,0,0,0,0,0,0,0,0,0,0,0,0,0,0,0,0,0,0,0,0,092,092
361190102002014,36,119,010200,2014,66,30,4,1,8,0,9,14,66,23,43,28,4,0,6,0,0,5,10,7,3,0,0,0,0,0,0,0,0,0,0,092,092
361190102003007,36,119,010200,3007,65,56,0,0,2,0,1,6,65,3,62,55,0,0,2,0,0,5,24,24,0,0,0,0,0,0,0,0,0,0,0,092,092
361190009003006,36,119,000900,3006,126,35,21,0,31,0,35,4,126,44,82,30,21,0,31,0,0,0,44,44,0,0,0,0,0,0,0,0,0,0,0,092,092
361190009002014,36,119,000900,2014,117,60,6,7,5,0,19,20,117,57,60,53,0,0,5,0,0,2,45,40,5,0,0,0,0,0,0,0,0,0,0,092,092
361190009001008,36,119,000900,1008,20,11,2,2,0,0,0,5,20,1,19,11,2,2,0,0,0,4,2,0,2,0,0,0,0,0,0,0,0,0,0,090,090
361190118005009,36,119,011800,5009,41,29,0,0,5,0,3,4,41,2,39,29,0,0,5,0,3,2,13,13,0,0,0,0,0,0,0,0,0,0,0,092,092
361190122021010,36,119,012202,1010,22,15,0,0,0,0,0,7,22,8,14,11,0,0,0,0,0,3,6,6,0,0,0,0,0,0,0,0,0,0,0,092,092
361190122011010,36,119,012201,1010,459,362,15,0,63,0,6,13,459,14,445,362,15,0,63,0,0,5,247,229,18,0,0,0,0,0,0,0,0,0,0,092,092
361190121011009,36,119,012101,1009,51,46,0,0,0,0,3,2,51,3,48,46,0,0,0,0,0,2,17,17,0,0,0,0,0,0,0,0,0,0,0,092,092
361190109034032,36,119,010903,4032,56,13,29,0,7,0,5,2,56,7,49,13,27,0,7,0,1,1,24,24,0,0,0,0,0,0,0,0,0,0,0,092,092
361190109034026,36,119,010903,4026,60,19,10,0,8,0,18,5,60,21,39,19,10,0,8,0,0,2,27,23,4,0,0,0,0,0,0,0,0,0,0,092,092
361190109034031,36,119,010903,4031,77,25,26,1,9,0,9,7,77,14,63,25,26,0,9,0,1,2,19,19,0,0,0,0,0,0,0,0,0,0,0,092,092
361190109031007,36,119,010903,1007,355,17,277,0,1,0,43,17,355,78,277,7,260,0,1,0,1,8,143,143,0,0,0,0,0,0,0,0,0,0,0,092,092
361190109032002,36,119,010903,2002,108,6,54,0,2,0,34,12,108,42,66,4,54,0,2,0,4,2,44,44,0,10,0,0,0,0,0,10,0,0,10,092,092
361190112002012,36,119,011200,2012,139,70,25,0,33,0,6,5,139,13,126,66,25,0,33,0,0,2,92,84,8,0,0,0,0,0,0,0,0,0,0,092,092
361190109034034,36,119,010903,4034,19,3,2,0,4,0,2,8,19,9,10,3,2,0,4,0,1,0,5,4,1,0,0,0,0,0,0,0,0,0,0,092,092
361190108011028,36,119,010801,1028,22,14,0,0,0,0,0,8,22,4,18,14,0,0,0,0,0,4,11,11,0,0,0,0,0,0,0,0,0,0,0,092,092
361190109032008,36,119,010903,2008,39,1,1,0,0,0,27,10,39,35,4,1,1,0,0,0,0,2,13,13,0,0,0,0,0,0,0,0,0,0,0,092,092
361190109032003,36,119,010903,2003,20,0,5,6,2,0,5,2,20,11,9,0,3,4,2,0,0,0,3,3,0,0,0,0,0,0,0,0,0,0,0,092,092
361190108011016,36,119,010801,1016,60,27,13,0,8,0,2,10,60,9,51,27,13,0,8,0,1,2,14,14,0,3,0,0,0,0,0,3,0,0,3,092,092
361190109034030,36,119,010903,4030,0,0,0,0,0,0,0,0,0,0,0,0,0,0,0,0,0,0,0,0,0,0,0,0,0,0,0,0,0,0,0,092,092
361190109034004,36,119,010903,4004,34,1,12,0,2,0,11,8,34,18,16,1,12,0,2,0,1,0,8,8,0,0,0,0,0,0,0,0,0,0,0,092,092
361190112002001,36,119,011200,2001,22,0,13,1,3,0,5,0,22,6,16,0,13,0,3,0,0,0,3,3,0,0,0,0,0,0,0,0,0,0,0,092,092
361190121012018,36,119,012101,2018,36,19,1,0,9,0,0,7,36,3,33,19,1,0,9,0,0,4,9,9,0,0,0,0,0,0,0,0,0,0,0,092,092
361190111021001,36,119,011102,1001,43,21,9,0,5,0,1,7,43,10,33,19,9,0,5,0,0,0,16,11,5,0,0,0,0,0,0,0,0,0,0,092,092
361190111021020,36,119,011102,1020,111,71,5,0,19,0,12,4,111,21,90,67,1,0,19,0,2,1,41,40,1,0,0,0,0,0,0,0,0,0,0,092,092
361190111022003,36,119,011102,2003,14,1,0,0,3,0,0,10,14,8,6,1,0,0,3,0,0,2,5,5,0,0,0,0,0,0,0,0,0,0,0,092,092
361190111022024,36,119,011102,2024,52,39,4,0,3,0,2,4,52,2,50,39,4,0,3,0,0,4,18,18,0,0,0,0,0,0,0,0,0,0,0,092,092
361190108012005,36,119,010801,2005,45,33,4,0,6,0,0,2,45,2,43,33,4,0,6,0,0,0,20,20,0,0,0,0,0,0,0,0,0,0,0,092,092
361190108011026,36,119,010801,1026,177,102,14,0,18,0,23,20,177,31,146,102,14,0,18,0,0,12,72,72,0,0,0,0,0,0,0,0,0,0,0,092,092
361190111022028,36,119,011102,2028,0,0,0,0,0,0,0,0,0,0,0,0,0,0,0,0,0,0,0,0,0,0,0,0,0,0,0,0,0,0,0,092,092
361190109023015,36,119,010902,3015,0,0,0,0,0,0,0,0,0,0,0,0,0,0,0,0,0,0,0,0,0,0,0,0,0,0,0,0,0,0,0,092,092
361190023002002,36,119,002300,2002,0,0,0,0,0,0,0,0,0,0,0,0,0,0,0,0,0,0,0,0,0,0,0,0,0,0,0,0,0,0,0,090,090
361190109032020,36,119,010903,2020,0,0,0,0,0,0,0,0,0,0,0,0,0,0,0,0,0,0,0,0,0,0,0,0,0,0,0,0,0,0,0,092,092
361190021042029,36,119,002104,2029,36,18,7,0,8,0,1,2,36,8,28,16,2,0,8,0,1,1,8,7,1,0,0,0,0,0,0,0,0,0,0,090,090
361190151003005,36,119,015100,3005,18,9,0,0,2,1,6,0,18,4,14,9,0,0,2,1,2,0,8,8,0,0,0,0,0,0,0,0,0,0,0,089,089
361190039001012,36,119,003900,1012,61,26,19,0,6,0,2,8,61,10,51,22,19,0,6,0,0,4,14,14,0,0,0,0,0,0,0,0,0,0,0,089,089
361190042001005,36,119,004200,1005,60,14,34,0,0,0,3,9,60,4,56,14,34,0,0,0,0,8,19,19,0,0,0,0,0,0,0,0,0,0,0,089,089
361190122021003,36,119,012202,1003,153,124,4,0,7,0,9,9,153,18,135,122,4,0,7,0,0,2,72,66,6,0,0,0,0,0,0,0,0,0,0,092,092
361190024011008,36,119,002401,1008,0,0,0,0,0,0,0,0,0,0,0,0,0,0,0,0,0,0,0,0,0,0,0,0,0,0,0,0,0,0,0,090,090
361190009002006,36,119,000900,2006,256,80,54,0,23,2,66,31,256,100,156,70,51,0,22,2,0,11,32,29,3,154,154,0,0,154,0,0,0,0,0,092,092
361190110001016,36,119,011000,1016,20,4,14,0,0,0,0,2,20,0,20,4,14,0,0,0,0,2,6,6,0,0,0,0,0,0,0,0,0,0,0,092,092
361190111011001,36,119,011101,1001,29,15,2,0,1,0,4,7,29,10,19,15,2,0,0,0,0,2,2,0,2,10,0,0,0,0,0,10,0,0,10,092,092
361190120001012,36,119,012000,1012,0,0,0,0,0,0,0,0,0,0,0,0,0,0,0,0,0,0,0,0,0,0,0,0,0,0,0,0,0,0,0,092,092
361199810001025,36,119,981000,1025,0,0,0,0,0,0,0,0,0,0,0,0,0,0,0,0,0,0,0,0,0,0,0,0,0,0,0,0,0,0,0,092,092
361190109022024,36,119,010902,2024,27,6,14,0,1,0,5,1,27,5,22,6,14,0,1,0,0,1,9,9,0,0,0,0,0,0,0,0,0,0,0,092,092
361190042001006,36,119,004200,1006,23,1,16,0,0,0,5,1,23,6,17,0,15,0,0,0,1,1,9,9,0,0,0,0,0,0,0,0,0,0,0,089,089
361190039003000,36,119,003900,3000,292,97,64,6,0,0,65,60,292,58,234,91,62,2,0,0,24,55,119,112,7,0,0,0,0,0,0,0,0,0,0,089,089
361190039003001,36,119,003900,3001,311,95,84,0,17,0,54,61,311,85,226,79,84,0,17,0,14,32,127,124,3,0,0,0,0,0,0,0,0,0,0,089,089
361190042002000,36,119,004200,2000,42,10,20,0,0,0,3,9,42,6,36,10,20,0,0,0,2,4,11,3,8,0,0,0,0,0,0,0,0,0,0,089,089
361190042002004,36,119,004200,2004,266,72,97,0,1,0,48,48,266,60,206,70,91,0,1,0,4,40,101,97,4,0,0,0,0,0,0,0,0,0,0,089,089
361190042001019,36,119,004200,1019,43,7,19,0,3,0,11,3,43,11,32,7,19,0,3,0,2,1,15,15,0,0,0,0,0,0,0,0,0,0,0,089,089
361190042002005,36,119,004200,2005,288,85,121,2,1,2,49,28,288,53,235,82,119,1,1,2,18,12,81,81,0,6,0,0,0,0,0,6,0,0,6,089,089
361190022024003,36,119,002202,4003,151,74,15,0,15,0,36,11,151,45,106,74,14,0,15,0,0,3,91,89,2,0,0,0,0,0,0,0,0,0,0,090,090
361190022021001,36,119,002202,1001,21,13,1,0,0,0,0,7,21,7,14,7,1,0,0,0,0,6,4,4,0,0,0,0,0,0,0,0,0,0,0,090,090
361190022024017,36,119,002202,4017,41,37,0,0,0,0,0,4,41,1,40,36,0,0,0,0,0,4,14,14,0,0,0,0,0,0,0,0,0,0,0,090,090
361190022012010,36,119,002201,2010,248,126,26,0,37,0,34,25,248,67,181,116,23,0,37,0,1,4,150,150,0,0,0,0,0,0,0,0,0,0,0,090,090
361190022021000,36,119,002202,1000,597,370,46,1,49,0,59,72,597,173,424,313,46,0,49,0,4,12,334,326,8,0,0,0,0,0,0,0,0,0,0,090,090
361190022024009,36,119,002202,4009,27,22,0,0,0,0,0,5,27,1,26,22,0,0,0,0,0,4,10,10,0,0,0,0,0,0,0,0,0,0,0,090,090
361190022024016,36,119,002202,4016,49,45,0,0,1,0,0,3,49,4,45,44,0,0,0,0,0,1,17,12,5,0,0,0,0,0,0,0,0,0,0,090,090
361190022024015,36,119,002202,4015,20,16,0,0,2,0,1,1,20,3,17,15,0,0,2,0,0,0,7,7,0,0,0,0,0,0,0,0,0,0,0,090,090
361190022024019,36,119,002202,4019,21,19,0,0,1,0,0,1,21,0,21,19,0,0,1,0,0,1,9,9,0,0,0,0,0,0,0,0,0,0,0,090,090
361190022044008,36,119,002204,4008,98,86,6,0,1,0,4,1,98,6,92,86,6,0,0,0,0,0,51,51,0,0,0,0,0,0,0,0,0,0,0,090,090
361190021051009,36,119,002105,1009,33,28,0,0,0,0,0,5,33,4,29,28,0,0,0,0,0,1,8,8,0,0,0,0,0,0,0,0,0,0,0,090,090
361190021051014,36,119,002105,1014,39,34,0,0,3,0,2,0,39,2,37,34,0,0,3,0,0,0,20,20,0,0,0,0,0,0,0,0,0,0,0,090,090
361190021052020,36,119,002105,2020,128,92,0,0,28,0,5,3,128,10,118,90,0,0,28,0,0,0,61,50,11,0,0,0,0,0,0,0,0,0,0,090,090
361190021061000,36,119,002106,1000,88,49,5,0,9,0,13,12,88,21,67,47,2,0,9,0,0,9,22,19,3,0,0,0,0,0,0,0,0,0,0,090,090
361190021061003,36,119,002106,1003,27,0,12,0,0,0,5,10,27,18,9,0,5,0,0,0,0,4,1,1,0,0,0,0,0,0,0,0,0,0,0,090,090
361190021033004,36,119,002103,3004,39,32,4,0,0,0,0,3,39,2,37,31,4,0,0,0,0,2,18,18,0,0,0,0,0,0,0,0,0,0,0,090,090
361190021033001,36,119,002103,3001,149,119,3,0,14,0,6,7,149,6,143,119,3,0,13,0,3,5,53,53,0,0,0,0,0,0,0,0,0,0,0,090,090
361190021052012,36,119,002105,2012,56,51,0,0,5,0,0,0,56,1,55,50,0,0,5,0,0,0,23,23,0,0,0,0,0,0,0,0,0,0,0,090,090
361190021031007,36,119,002103,1007,38,21,1,0,1,0,14,1,38,19,19,17,0,0,1,0,0,1,10,10,0,0,0,0,0,0,0,0,0,0,0,090,090
361190021031011,36,119,002103,1011,32,32,0,0,0,0,0,0,32,3,29,29,0,0,0,0,0,0,14,14,0,0,0,0,0,0,0,0,0,0,0,090,090
361190021031013,36,119,002103,1013,50,43,0,1,0,0,3,3,50,15,35,35,0,0,0,0,0,0,17,17,0,0,0,0,0,0,0,0,0,0,0,090,090
361190114011006,36,119,011401,1006,126,112,0,0,8,0,0,6,126,8,118,109,0,0,8,0,0,1,42,42,0,0,0,0,0,0,0,0,0,0,0,092,092
361190112004008,36,119,011200,4008,0,0,0,0,0,0,0,0,0,0,0,0,0,0,0,0,0,0,0,0,0,0,0,0,0,0,0,0,0,0,0,092,092
361190111011012,36,119,011101,1012,0,0,0,0,0,0,0,0,0,0,0,0,0,0,0,0,0,0,0,0,0,0,0,0,0,0,0,0,0,0,0,092,092
361190111011004,36,119,011101,1004,75,49,9,0,2,0,9,6,75,21,54,42,9,0,2,0,0,1,20,20,0,0,0,0,0,0,0,0,0,0,0,092,092
361190103003007,36,119,010300,3007,103,62,4,0,13,0,3,21,103,29,74,58,1,0,13,0,0,2,56,50,6,0,0,0,0,0,0,0,0,0,0,092,092
361190103001008,36,119,010300,1008,21,17,0,0,0,0,2,2,21,6,15,12,0,0,0,0,2,1,3,3,0,0,0,0,0,0,0,0,0,0,0,092,092
361190103003009,36,119,010300,3009,163,113,10,0,14,0,5,21,163,19,144,109,8,0,14,0,0,13,72,72,0,0,0,0,0,0,0,0,0,0,0,092,092
361190007012002,36,119,000701,2002,365,182,63,2,26,0,64,28,365,99,266,170,63,0,26,0,2,5,56,51,5,195,102,0,0,102,0,93,0,0,93,092,092
361190102002009,36,119,010200,2009,35,15,2,0,9,0,2,7,35,7,28,15,2,0,9,0,2,0,9,9,0,0,0,0,0,0,0,0,0,0,0,092,092
361190107011032,36,119,010701,1032,46,34,0,0,8,0,0,4,46,4,42,34,0,0,8,0,0,0,13,13,0,0,0,0,0,0,0,0,0,0,0,092,092
361190102003002,36,119,010200,3002,23,9,0,0,2,0,1,11,23,2,21,9,0,0,2,0,1,9,6,6,0,0,0,0,0,0,0,0,0,0,0,092,092
361190009002002,36,119,000900,2002,29,8,2,0,0,0,1,18,29,10,19,8,2,0,0,0,1,8,1,1,0,5,0,0,0,0,0,5,0,0,5,092,092
361190009002015,36,119,000900,2015,46,31,0,0,3,0,4,8,46,10,36,31,0,0,3,0,0,2,18,13,5,0,0,0,0,0,0,0,0,0,0,092,092
361190008022000,36,119,000802,2000,0,0,0,0,0,0,0,0,0,0,0,0,0,0,0,0,0,0,0,0,0,0,0,0,0,0,0,0,0,0,0,092,090
361190020001001,36,119,002000,1001,42,24,1,0,0,0,9,8,42,18,24,24,0,0,0,0,0,0,14,14,0,0,0,0,0,0,0,0,0,0,0,090,090
361190018001004,36,119,001800,1004,100,9,65,0,6,0,15,5,100,19,81,7,65,0,6,0,0,3,42,42,0,0,0,0,0,0,0,0,0,0,0,090,090
361190021052014,36,119,002105,2014,71,49,0,0,17,0,0,5,71,4,67,49,0,0,17,0,0,1,23,21,2,0,0,0,0,0,0,0,0,0,0,090,090
361190021052019,36,119,002105,2019,35,24,4,0,6,0,0,1,35,0,35,24,4,0,6,0,0,1,10,10,0,0,0,0,0,0,0,0,0,0,0,090,090
361190021031010,36,119,002103,1010,57,43,0,0,5,0,1,8,57,8,49,40,0,0,5,0,0,4,23,23,0,0,0,0,0,0,0,0,0,0,0,090,090
361190113003003,36,119,011300,3003,281,249,1,0,17,0,5,9,281,19,262,239,1,0,17,0,5,0,167,165,2,0,0,0,0,0,0,0,0,0,0,092,092
361190113004007,36,119,011300,4007,27,22,1,0,1,0,0,3,27,1,26,21,1,0,1,0,0,3,8,7,1,0,0,0,0,0,0,0,0,0,0,092,092
361190114021001,36,119,011402,1001,68,58,0,0,4,0,3,3,68,3,65,57,0,0,4,0,1,3,32,32,0,0,0,0,0,0,0,0,0,0,0,092,092
361190113005000,36,119,011300,5000,79,66,6,0,0,0,3,4,79,6,73,63,6,0,0,0,0,4,37,36,1,0,0,0,0,0,0,0,0,0,0,092,092
361190113004011,36,119,011300,4011,239,183,6,0,37,0,7,6,239,7,232,182,6,0,37,0,2,5,133,133,0,0,0,0,0,0,0,0,0,0,0,092,092
361190109034027,36,119,010903,4027,44,20,9,0,7,0,6,2,44,7,37,20,9,0,7,0,0,1,14,14,0,0,0,0,0,0,0,0,0,0,0,092,092
361190013051008,36,119,001305,1008,442,44,44,10,8,0,292,44,442,376,66,22,30,0,7,0,0,7,118,99,19,0,0,0,0,0,0,0,0,0,0,089,089
361190013041002,36,119,001304,1002,633,119,89,14,11,0,276,124,633,430,203,82,86,1,11,0,11,12,193,183,10,0,0,0,0,0,0,0,0,0,0,089,089
361190013023003,36,119,001302,3003,304,50,48,6,24,0,142,34,304,207,97,23,36,4,23,0,7,4,93,85,8,0,0,0,0,0,0,0,0,0,0,089,089
361190011011004,36,119,001101,1004,433,25,57,12,13,0,260,66,433,363,70,13,32,2,13,0,3,7,125,104,21,0,0,0,0,0,0,0,0,0,0,090,090
361190012003000,36,119,001200,3000,449,78,65,35,2,0,208,61,449,330,119,58,47,0,2,0,1,11,143,111,32,0,0,0,0,0,0,0,0,0,0,090,090
361190011022008,36,119,001102,2008,71,27,15,6,10,0,9,4,71,13,58,25,12,6,10,0,2,3,13,7,6,0,0,0,0,0,0,0,0,0,0,090,090
361190013013002,36,119,001301,3002,74,15,5,4,6,0,19,25,74,44,30,9,4,0,6,0,5,6,15,15,0,0,0,0,0,0,0,0,0,0,0,090,090
361190013012010,36,119,001301,2010,48,17,12,2,6,0,6,5,48,13,35,12,12,0,6,0,0,5,19,18,1,0,0,0,0,0,0,0,0,0,0,090,090
361190013012003,36,119,001301,2003,50,25,10,0,0,0,10,5,50,19,31,21,10,0,0,0,0,0,10,10,0,0,0,0,0,0,0,0,0,0,0,090,090
361190022011001,36,119,002201,1001,0,0,0,0,0,0,0,0,0,0,0,0,0,0,0,0,0,0,0,0,0,0,0,0,0,0,0,0,0,0,0,090,090
361190006021003,36,119,000602,1003,364,49,167,3,1,0,68,76,364,147,217,44,151,3,1,0,3,15,105,103,2,112,112,0,0,112,0,0,0,0,0,089,089
361190004011002,36,119,000401,1002,86,2,26,0,0,0,30,28,86,48,38,2,20,0,0,0,3,13,25,25,0,0,0,0,0,0,0,0,0,0,0,090,090
361190007011000,36,119,000701,1000,137,95,7,0,14,2,8,11,137,34,103,81,7,0,14,0,0,1,50,50,0,0,0,0,0,0,0,0,0,0,0,090,090
361190007012012,36,119,000701,2012,47,31,0,0,2,0,7,7,47,19,28,25,0,0,2,0,1,0,14,13,1,0,0,0,0,0,0,0,0,0,0,090,090
361190008032009,36,119,000803,2009,75,22,16,0,5,0,12,20,75,28,47,19,16,0,5,0,1,6,14,14,0,0,0,0,0,0,0,0,0,0,0,090,090
361190008031001,36,119,000803,1001,128,60,23,1,6,0,13,25,128,34,94,54,22,0,6,0,2,10,33,33,0,0,0,0,0,0,0,0,0,0,0,090,090
361190007011007,36,119,000701,1007,46,32,9,0,4,0,0,1,46,2,44,31,9,0,4,0,0,0,16,16,0,0,0,0,0,0,0,0,0,0,0,089,089
361190121011006,36,119,012101,1006,91,80,0,0,0,0,0,11,91,4,87,80,0,0,0,0,0,7,31,24,7,0,0,0,0,0,0,0,0,0,0,092,092
361190113001017,36,119,011300,1017,865,635,28,2,100,0,37,63,865,82,783,616,28,0,99,0,2,38,410,375,35,8,8,0,8,0,0,0,0,0,0,092,092
361190118003059,36,119,011800,3059,0,0,0,0,0,0,0,0,0,0,0,0,0,0,0,0,0,0,0,0,0,0,0,0,0,0,0,0,0,0,0,092,092
361190122023016,36,119,012202,3016,0,0,0,0,0,0,0,0,0,0,0,0,0,0,0,0,0,0,0,0,0,0,0,0,0,0,0,0,0,0,0,092,092
361190120002035,36,119,012000,2035,30,23,0,0,4,0,3,0,30,3,27,23,0,0,4,0,0,0,11,11,0,0,0,0,0,0,0,0,0,0,0,092,092
361190120002040,36,119,012000,2040,47,39,0,0,2,0,6,0,47,8,39,37,0,0,2,0,0,0,15,15,0,0,0,0,0,0,0,0,0,0,0,092,092
361190118003047,36,119,011800,3047,11,1,7,0,1,0,0,2,11,1,10,1,7,0,1,0,0,1,2,0,2,0,0,0,0,0,0,0,0,0,0,092,092
361190015031002,36,119,001503,1002,240,181,9,3,15,0,27,5,240,48,192,170,5,0,15,0,2,0,136,136,0,0,0,0,0,0,0,0,0,0,0,089,089
361190015023007,36,119,001502,3007,148,105,12,0,9,0,4,18,148,31,117,95,10,0,9,0,1,2,65,64,1,0,0,0,0,0,0,0,0,0,0,089,089
361190112001016,36,119,011200,1016,41,20,0,0,0,0,17,4,41,22,19,17,0,0,0,0,0,2,11,11,0,0,0,0,0,0,0,0,0,0,0,092,092
361190008031008,36,119,000803,1008,56,31,2,5,5,0,5,8,56,16,40,30,0,0,5,0,1,4,25,21,4,0,0,0,0,0,0,0,0,0,0,090,090
361190008033000,36,119,000803,3000,150,52,23,0,7,0,44,24,150,65,85,45,23,0,7,0,4,6,52,52,0,0,0,0,0,0,0,0,0,0,0,090,090
361190117002031,36,119,011700,2031,50,32,0,0,8,0,1,9,50,4,46,29,0,0,8,0,1,8,15,14,1,0,0,0,0,0,0,0,0,0,0,092,092
361190117001005,36,119,011700,1005,114,85,0,0,19,0,3,7,114,12,102,82,0,0,19,0,0,1,40,40,0,0,0,0,0,0,0,0,0,0,0,092,092
361190116012006,36,119,011601,2006,448,116,82,0,13,0,132,105,448,284,164,68,69,0,13,0,8,6,218,218,0,0,0,0,0,0,0,0,0,0,0,092,092
361190115004006,36,119,011500,4006,274,132,50,0,7,0,43,42,274,108,166,106,46,0,7,0,2,5,157,157,0,0,0,0,0,0,0,0,0,0,0,092,092
361190115003005,36,119,011500,3005,38,19,0,0,1,0,17,1,38,16,22,17,0,0,0,0,4,1,18,18,0,0,0,0,0,0,0,0,0,0,0,092,092
361190114014004,36,119,011401,4004,128,106,3,0,0,0,0,19,128,13,115,103,3,0,0,0,0,9,61,60,1,0,0,0,0,0,0,0,0,0,0,092,092
361190122023032,36,119,012202,3032,27,15,0,1,0,0,1,10,27,7,20,13,0,0,0,0,0,7,8,8,0,0,0,0,0,0,0,0,0,0,0,092,092
361190122023041,36,119,012202,3041,0,0,0,0,0,0,0,0,0,0,0,0,0,0,0,0,0,0,0,0,0,0,0,0,0,0,0,0,0,0,0,092,092
361190118004011,36,119,011800,4011,23,20,0,0,0,0,1,2,23,3,20,20,0,0,0,0,0,0,6,0,6,0,0,0,0,0,0,0,0,0,0,092,092
361190122023034,36,119,012202,3034,48,17,0,0,2,0,22,7,48,29,19,17,0,0,2,0,0,0,25,25,0,0,0,0,0,0,0,0,0,0,0,092,092
361190122023022,36,119,012202,3022,30,13,2,0,3,0,3,9,30,11,19,13,2,0,3,0,0,1,13,11,2,0,0,0,0,0,0,0,0,0,0,092,092
361190122023023,36,119,012202,3023,22,19,0,0,0,0,2,1,22,5,17,17,0,0,0,0,0,0,13,13,0,0,0,0,0,0,0,0,0,0,0,092,092
361190122023024,36,119,012202,3024,0,0,0,0,0,0,0,0,0,0,0,0,0,0,0,0,0,0,0,0,0,0,0,0,0,0,0,0,0,0,0,092,092
361190122023039,36,119,012202,3039,281,124,0,0,42,0,84,31,281,129,152,110,0,0,42,0,0,0,118,118,0,0,0,0,0,0,0,0,0,0,0,092,092
361190031001001,36,119,003100,1001,0,0,0,0,0,0,0,0,0,0,0,0,0,0,0,0,0,0,0,0,0,0,0,0,0,0,0,0,0,0,0,089,089
361190122024013,36,119,012202,4013,11,9,0,0,0,0,0,2,11,0,11,9,0,0,0,0,0,2,5,5,0,0,0,0,0,0,0,0,0,0,0,092,092
361190122024010,36,119,012202,4010,10,8,0,0,2,0,0,0,10,2,8,6,0,0,2,0,0,0,1,1,0,0,0,0,0,0,0,0,0,0,0,092,092
361190122024018,36,119,012202,4018,0,0,0,0,0,0,0,0,0,0,0,0,0,0,0,0,0,0,0,0,0,0,0,0,0,0,0,0,0,0,0,092,092
361190122023036,36,119,012202,3036,26,15,0,0,0,0,10,1,26,12,14,14,0,0,0,0,0,0,11,9,2,0,0,0,0,0,0,0,0,0,0,092,092
361190121021011,36,119,012102,1011,8,5,1,0,0,0,2,0,8,2,6,5,1,0,0,0,0,0,4,4,0,0,0,0,0,0,0,0,0,0,0,092,092
361190015022004,36,119,001502,2004,183,138,12,2,17,0,9,5,183,19,164,136,7,2,17,0,2,0,82,74,8,0,0,0,0,0,0,0,0,0,0,089,089
361190121023023,36,119,012102,3023,150,103,1,0,12,0,12,22,150,33,117,99,1,0,12,0,0,5,62,61,1,0,0,0,0,0,0,0,0,0,0,092,092
361190121021008,36,119,012102,1008,26,14,0,0,9,0,0,3,26,2,24,14,0,0,9,0,0,1,5,5,0,0,0,0,0,0,0,0,0,0,0,092,092
361190120003002,36,119,012000,3002,26,23,0,0,0,0,3,0,26,3,23,23,0,0,0,0,0,0,11,11,0,0,0,0,0,0,0,0,0,0,0,092,092
361190121021023,36,119,012102,1023,38,29,0,0,5,0,1,3,38,1,37,29,0,0,5,0,1,2,14,14,0,0,0,0,0,0,0,0,0,0,0,092,092
361190121021009,36,119,012102,1009,31,26,0,1,1,0,1,2,31,4,27,26,0,0,1,0,0,0,10,10,0,0,0,0,0,0,0,0,0,0,0,092,092
361190122024016,36,119,012202,4016,100,84,0,0,8,0,3,5,100,8,92,80,0,0,8,0,0,4,26,26,0,0,0,0,0,0,0,0,0,0,0,092,092
361190019001009,36,119,001900,1009,41,17,0,0,4,0,8,12,41,19,22,13,0,0,4,0,4,1,13,13,0,0,0,0,0,0,0,0,0,0,0,090,090
361190014012003,36,119,001401,2003,48,14,0,0,18,0,6,10,48,16,32,10,0,0,18,0,0,4,11,11,0,0,0,0,0,0,0,0,0,0,0,090,090
361190024053014,36,119,002405,3014,25,11,4,1,1,0,1,7,25,12,13,8,2,1,1,0,0,1,5,3,2,0,0,0,0,0,0,0,0,0,0,090,090
361190024051010,36,119,002405,1010,73,34,6,1,7,0,5,20,73,28,45,28,5,0,7,0,0,5,17,17,0,0,0,0,0,0,0,0,0,0,0,090,090
361190024042002,36,119,002404,2002,95,31,2,6,28,0,27,1,95,34,61,31,0,0,28,0,2,0,27,27,0,0,0,0,0,0,0,0,0,0,0,090,090
361190024035006,36,119,002403,5006,32,6,6,1,3,0,4,12,32,11,21,4,6,0,3,0,2,6,8,8,0,0,0,0,0,0,0,0,0,0,0,090,090
361190015023002,36,119,001502,3002,151,133,3,0,8,0,1,6,151,17,134,124,2,0,8,0,0,0,54,52,2,0,0,0,0,0,0,0,0,0,0,089,089
361190024034000,36,119,002403,4000,123,102,5,0,3,0,2,11,123,15,108,100,5,0,3,0,0,0,51,43,8,0,0,0,0,0,0,0,0,0,0,090,090
361190015042001,36,119,001504,2001,215,103,24,2,14,0,43,29,215,81,134,99,15,2,13,0,4,1,71,63,8,0,0,0,0,0,0,0,0,0,0,090,090
361190015043011,36,119,001504,3011,86,26,16,0,6,0,18,20,86,43,43,21,15,0,6,0,0,1,30,30,0,0,0,0,0,0,0,0,0,0,0,089,089
361190105002017,36,119,010500,2017,0,0,0,0,0,0,0,0,0,0,0,0,0,0,0,0,0,0,0,0,0,0,0,0,0,0,0,0,0,0,0,092,092
361190021051004,36,119,002105,1004,29,27,0,0,1,0,0,1,29,1,28,27,0,0,1,0,0,0,11,11,0,0,0,0,0,0,0,0,0,0,0,090,090
361190021052009,36,119,002105,2009,35,30,0,0,0,0,1,4,35,7,28,24,0,0,0,0,1,3,7,7,0,11,0,0,0,0,0,11,0,0,11,090,090
361190021052005,36,119,002105,2005,24,19,0,0,3,0,0,2,24,0,24,19,0,0,3,0,0,2,8,8,0,0,0,0,0,0,0,0,0,0,0,090,090
361190106002001,36,119,010600,2001,18,11,4,0,2,0,0,1,18,3,15,8,4,0,2,0,0,1,3,1,2,0,0,0,0,0,0,0,0,0,0,092,092
361190108012006,36,119,010801,2006,43,23,20,0,0,0,0,0,43,4,39,19,20,0,0,0,0,0,12,11,1,0,0,0,0,0,0,0,0,0,0,092,092
361190102001008,36,119,010200,1008,50,50,0,0,0,0,0,0,50,0,50,50,0,0,0,0,0,0,16,16,0,0,0,0,0,0,0,0,0,0,0,092,092
361190105005023,36,119,010500,5023,43,35,1,0,0,0,5,2,43,5,38,35,1,0,0,0,0,2,10,9,1,0,0,0,0,0,0,0,0,0,0,092,092
361190009002020,36,119,000900,2020,41,12,7,0,11,0,7,4,41,8,33,12,6,0,11,0,2,2,14,14,0,0,0,0,0,0,0,0,0,0,0,092,092
361190008022004,36,119,000802,2004,422,159,64,1,42,0,107,49,422,166,256,144,55,0,42,0,4,11,145,145,0,0,0,0,0,0,0,0,0,0,0,092,090
361190019001003,36,119,001900,1003,88,39,0,0,26,0,14,9,88,27,61,34,0,0,25,0,0,2,28,28,0,0,0,0,0,0,0,0,0,0,0,090,090
361190018001005,36,119,001800,1005,22,6,6,0,7,0,0,3,22,5,17,6,4,0,7,0,0,0,4,4,0,0,0,0,0,0,0,0,0,0,0,090,090
361190009001010,36,119,000900,1010,0,0,0,0,0,0,0,0,0,0,0,0,0,0,0,0,0,0,0,0,0,0,0,0,0,0,0,0,0,0,0,092,090
361190021051017,36,119,002105,1017,30,21,1,0,7,0,0,1,30,4,26,18,1,0,7,0,0,0,10,10,0,0,0,0,0,0,0,0,0,0,0,090,090
361190021052017,36,119,002105,2017,41,37,1,0,1,0,2,0,41,3,38,37,0,0,1,0,0,0,20,20,0,0,0,0,0,0,0,0,0,0,0,090,090
361190021031015,36,119,002103,1015,60,43,7,0,10,0,0,0,60,1,59,42,7,0,10,0,0,0,19,19,0,0,0,0,0,0,0,0,0,0,0,090,090
361190021031009,36,119,002103,1009,66,60,0,0,4,0,2,0,66,3,63,60,0,0,2,0,1,0,23,23,0,0,0,0,0,0,0,0,0,0,0,090,090
361190014012007,36,119,001401,2007,91,39,21,1,5,0,21,4,91,33,58,29,21,1,5,0,0,2,28,28,0,0,0,0,0,0,0,0,0,0,0,090,090
361190024053013,36,119,002405,3013,18,4,2,0,1,0,3,8,18,10,8,4,1,0,1,0,0,2,2,2,0,0,0,0,0,0,0,0,0,0,0,090,090
361190024053016,36,119,002405,3016,0,0,0,0,0,0,0,0,0,0,0,0,0,0,0,0,0,0,0,0,0,0,0,0,0,0,0,0,0,0,0,090,090
361190024011001,36,119,002401,1001,694,334,187,1,29,0,89,54,694,180,514,309,162,0,29,0,0,14,386,374,12,0,0,0,0,0,0,0,0,0,0,090,090
361190024051006,36,119,002405,1006,89,53,3,0,2,0,24,7,89,27,62,53,3,0,2,0,3,1,42,38,4,0,0,0,0,0,0,0,0,0,0,090,090
361190024042000,36,119,002404,2000,53,29,4,0,10,0,7,3,53,15,38,25,1,0,10,0,0,2,23,23,0,0,0,0,0,0,0,0,0,0,0,090,090
361190024042005,36,119,002404,2005,53,11,1,0,2,0,33,6,53,18,35,11,1,0,2,0,15,6,18,6,12,0,0,0,0,0,0,0,0,0,0,090,090
361190024043002,36,119,002404,3002,269,93,54,0,15,0,72,35,269,116,153,78,54,0,15,0,2,4,112,112,0,0,0,0,0,0,0,0,0,0,0,090,090
361190024043003,36,119,002404,3003,117,41,23,0,21,0,9,23,117,30,87,41,12,0,21,0,0,13,42,42,0,0,0,0,0,0,0,0,0,0,0,090,090
361190024043004,36,119,002404,3004,103,37,0,0,8,0,23,35,103,53,50,35,0,0,8,0,0,7,29,28,1,0,0,0,0,0,0,0,0,0,0,090,090
361190024034014,36,119,002403,4014,40,16,7,0,0,0,8,9,40,11,29,16,6,0,0,0,2,5,12,12,0,0,0,0,0,0,0,0,0,0,0,090,090
361190015043001,36,119,001504,3001,94,52,3,0,16,0,8,15,94,22,72,48,3,0,16,0,0,5,34,34,0,0,0,0,0,0,0,0,0,0,0,089,089
361190024034016,36,119,002403,4016,38,15,7,0,4,0,7,5,38,7,31,13,6,0,4,0,7,1,10,10,0,0,0,0,0,0,0,0,0,0,0,090,090
361190020003000,36,119,002000,3000,0,0,0,0,0,0,0,0,0,0,0,0,0,0,0,0,0,0,0,0,0,0,0,0,0,0,0,0,0,0,0,090,090
361190042001018,36,119,004200,1018,40,4,27,0,2,0,3,4,40,4,36,4,27,0,2,0,1,2,14,14,0,0,0,0,0,0,0,0,0,0,0,089,089
361190151001018,36,119,015100,1018,29,2,24,0,0,0,0,3,29,0,29,2,24,0,0,0,0,3,8,8,0,0,0,0,0,0,0,0,0,0,0,089,089
361190151001002,36,119,015100,1002,17,1,10,0,1,0,0,5,17,5,12,1,10,0,1,0,0,0,5,4,1,0,0,0,0,0,0,0,0,0,0,089,089
361190151001005,36,119,015100,1005,9,6,2,0,0,0,0,1,9,5,4,1,2,0,0,0,0,1,2,0,2,0,0,0,0,0,0,0,0,0,0,089,089
361190151004013,36,119,015100,4013,179,17,140,1,0,0,11,10,179,28,151,12,133,1,0,0,2,3,77,77,0,0,0,0,0,0,0,0,0,0,0,089,089
361190109032006,36,119,010903,2006,0,0,0,0,0,0,0,0,0,0,0,0,0,0,0,0,0,0,0,0,0,0,0,0,0,0,0,0,0,0,0,092,092
361190003001001,36,119,000300,1001,0,0,0,0,0,0,0,0,0,0,0,0,0,0,0,0,0,0,0,0,0,0,0,0,0,0,0,0,0,0,0,090,090
361190021031005,36,119,002103,1005,77,62,2,0,7,0,0,6,77,5,72,62,2,0,7,0,0,1,24,24,0,0,0,0,0,0,0,0,0,0,0,090,090
361190021051001,36,119,002105,1001,45,29,0,0,6,0,9,1,45,13,32,25,0,0,6,0,0,1,10,10,0,0,0,0,0,0,0,0,0,0,0,090,090
361190021051002,36,119,002105,1002,20,9,3,0,6,0,0,2,20,1,19,9,3,0,6,0,0,1,3,3,0,0,0,0,0,0,0,0,0,0,0,090,090
361190021051007,36,119,002105,1007,136,94,4,0,20,0,13,5,136,21,115,91,2,0,20,0,1,1,35,35,0,9,0,0,0,0,0,9,0,0,9,090,090
361190121013001,36,119,012101,3001,0,0,0,0,0,0,0,0,0,0,0,0,0,0,0,0,0,0,0,0,0,0,0,0,0,0,0,0,0,0,0,092,092
361190109022000,36,119,010902,2000,0,0,0,0,0,0,0,0,0,0,0,0,0,0,0,0,0,0,0,0,0,0,0,0,0,0,0,0,0,0,0,092,092
361190109021008,36,119,010902,1008,0,0,0,0,0,0,0,0,0,0,0,0,0,0,0,0,0,0,0,0,0,0,0,0,0,0,0,0,0,0,0,092,092
361190119023012,36,119,011902,3012,39,23,5,0,0,0,11,0,39,14,25,18,3,0,0,0,4,0,14,11,3,0,0,0,0,0,0,0,0,0,0,092,092
361190108041012,36,119,010804,1012,45,26,4,0,8,0,1,6,45,10,35,23,4,0,6,0,0,2,12,10,2,0,0,0,0,0,0,0,0,0,0,092,092
361190108041016,36,119,010804,1016,7,2,2,0,0,0,2,1,7,2,5,2,2,0,0,0,0,1,1,1,0,0,0,0,0,0,0,0,0,0,0,092,092
361190102001016,36,119,010200,1016,33,33,0,0,0,0,0,0,33,2,31,31,0,0,0,0,0,0,12,12,0,0,0,0,0,0,0,0,0,0,0,092,092
361190102005032,36,119,010200,5032,53,38,1,0,6,0,0,8,53,3,50,36,1,0,6,0,0,7,19,14,5,0,0,0,0,0,0,0,0,0,0,092,092
361190102005014,36,119,010200,5014,58,52,4,0,2,0,0,0,58,0,58,52,4,0,2,0,0,0,22,22,0,0,0,0,0,0,0,0,0,0,0,092,092
361190102004014,36,119,010200,4014,85,57,10,0,6,0,6,6,85,8,77,56,10,0,6,0,0,5,31,26,5,0,0,0,0,0,0,0,0,0,0,092,092
361190105004018,36,119,010500,4018,0,0,0,0,0,0,0,0,0,0,0,0,0,0,0,0,0,0,0,0,0,0,0,0,0,0,0,0,0,0,0,092,092
361190014021003,36,119,001402,1003,57,44,0,0,5,0,0,8,57,9,48,41,0,0,3,0,0,4,20,20,0,0,0,0,0,0,0,0,0,0,0,090,090
361190014011004,36,119,001401,1004,70,48,3,0,0,0,11,8,70,25,45,40,3,0,0,0,0,2,22,22,0,0,0,0,0,0,0,0,0,0,0,090,090
361190014013009,36,119,001401,3009,109,72,9,0,7,0,11,10,109,26,83,65,8,0,7,0,0,3,36,36,0,0,0,0,0,0,0,0,0,0,0,090,090
361190014013003,36,119,001401,3003,117,88,9,0,0,0,14,6,117,30,87,81,4,0,0,0,0,2,38,33,5,0,0,0,0,0,0,0,0,0,0,090,090
361190014022007,36,119,001402,2007,118,75,9,0,5,0,8,21,118,30,88,75,3,0,5,0,0,5,34,34,0,0,0,0,0,0,0,0,0,0,0,090,090
361190014034005,36,119,001403,4005,30,20,3,0,0,0,1,6,30,5,25,19,3,0,0,0,1,2,5,5,0,15,0,0,0,0,0,15,0,0,15,089,089
361190024053009,36,119,002405,3009,119,47,18,0,0,0,43,11,119,49,70,47,18,0,0,0,1,4,56,47,9,0,0,0,0,0,0,0,0,0,0,090,090
361190014013010,36,119,001401,3010,128,65,8,0,26,0,9,20,128,36,92,57,8,0,26,0,0,1,35,35,0,0,0,0,0,0,0,0,0,0,0,090,090
361190034004005,36,119,003400,4005,196,0,175,0,1,0,3,17,196,3,193,0,174,0,1,0,3,15,74,69,5,0,0,0,0,0,0,0,0,0,0,089,089
361190013022003,36,119,001302,2003,258,47,49,2,28,0,87,45,258,141,117,42,42,1,28,0,2,2,109,97,12,0,0,0,0,0,0,0,0,0,0,089,089
361190020004021,36,119,002000,4021,0,0,0,0,0,0,0,0,0,0,0,0,0,0,0,0,0,0,0,0,0,0,0,0,0,0,0,0,0,0,0,090,090
361190105005008,36,119,010500,5008,19,11,3,0,1,0,0,4,19,7,12,11,0,0,1,0,0,0,9,6,3,0,0,0,0,0,0,0,0,0,0,092,092
361190104001001,36,119,010400,1001,22,21,1,0,0,0,0,0,22,1,21,21,0,0,0,0,0,0,5,5,0,0,0,0,0,0,0,0,0,0,0,092,092
361190104001002,36,119,010400,1002,30,20,0,0,5,0,1,4,30,2,28,20,0,0,5,0,0,3,9,9,0,0,0,0,0,0,0,0,0,0,0,092,092
361190104001003,36,119,010400,1003,0,0,0,0,0,0,0,0,0,0,0,0,0,0,0,0,0,0,0,0,0,0,0,0,0,0,0,0,0,0,0,092,092
361190104001012,36,119,010400,1012,38,29,3,0,0,0,0,6,38,0,38,29,3,0,0,0,0,6,12,12,0,0,0,0,0,0,0,0,0,0,0,092,092
361190104001007,36,119,010400,1007,213,169,6,0,8,0,17,13,213,34,179,166,5,0,8,0,0,0,86,81,5,0,0,0,0,0,0,0,0,0,0,092,092
361190105004010,36,119,010500,4010,45,26,3,0,5,0,5,6,45,10,35,26,3,0,5,0,0,1,13,13,0,0,0,0,0,0,0,0,0,0,0,092,092
361190114021000,36,119,011402,1000,177,128,2,0,33,0,1,13,177,11,166,124,2,0,30,0,0,10,72,71,1,0,0,0,0,0,0,0,0,0,0,092,092
361190105004009,36,119,010500,4009,71,46,5,0,10,0,0,10,71,10,61,46,2,0,9,0,0,4,26,26,0,0,0,0,0,0,0,0,0,0,0,092,092
361190014012002,36,119,001401,2002,59,15,10,0,6,0,7,21,59,27,32,14,10,0,6,0,0,2,24,24,0,0,0,0,0,0,0,0,0,0,0,090,090
361190014012008,36,119,001401,2008,82,31,19,1,0,0,19,12,82,48,34,16,17,0,0,0,0,1,38,38,0,0,0,0,0,0,0,0,0,0,0,090,090
361190014012009,36,119,001401,2009,108,47,10,2,2,0,33,14,108,57,51,38,9,1,2,0,0,1,40,40,0,0,0,0,0,0,0,0,0,0,0,090,090
361190024053008,36,119,002405,3008,227,117,32,0,14,0,53,11,227,82,145,103,23,0,14,0,0,5,116,116,0,0,0,0,0,0,0,0,0,0,0,090,090
361190024053004,36,119,002405,3004,155,95,4,0,2,0,34,20,155,58,97,85,2,0,2,0,5,3,65,65,0,0,0,0,0,0,0,0,0,0,0,090,090
361190024053018,36,119,002405,3018,59,48,2,0,3,0,2,4,59,6,53,47,2,0,3,0,0,1,33,33,0,0,0,0,0,0,0,0,0,0,0,090,090
361190024042010,36,119,002404,2010,50,26,4,0,5,0,14,1,50,16,34,26,3,0,5,0,0,0,30,29,1,0,0,0,0,0,0,0,0,0,0,090,090
361190024053017,36,119,002405,3017,57,48,0,0,3,0,1,5,57,11,46,43,0,0,3,0,0,0,21,19,2,0,0,0,0,0,0,0,0,0,0,090,090
361190024053011,36,119,002405,3011,46,22,9,2,0,0,8,5,46,17,29,22,5,0,0,0,0,2,17,17,0,0,0,0,0,0,0,0,0,0,0,090,090
361190024042011,36,119,002404,2011,104,46,10,4,11,0,25,8,104,40,64,42,10,0,11,0,0,1,51,51,0,0,0,0,0,0,0,0,0,0,0,090,090
361190024042012,36,119,002404,2012,118,65,15,0,0,0,20,18,118,37,81,61,14,0,0,0,2,4,52,48,4,0,0,0,0,0,0,0,0,0,0,090,090
361190024051003,36,119,002405,1003,0,0,0,0,0,0,0,0,0,0,0,0,0,0,0,0,0,0,0,0,0,0,0,0,0,0,0,0,0,0,0,090,090
361190024051008,36,119,002405,1008,28,9,10,0,1,0,0,8,28,16,12,8,3,0,1,0,0,0,6,6,0,0,0,0,0,0,0,0,0,0,0,090,090
361190024051007,36,119,002405,1007,100,64,3,0,6,0,13,14,100,27,73,64,0,0,6,0,0,3,42,29,13,0,0,0,0,0,0,0,0,0,0,090,090
361190024051011,36,119,002405,1011,52,34,2,0,0,1,6,9,52,13,39,33,2,0,0,0,0,4,19,15,4,0,0,0,0,0,0,0,0,0,0,090,090
361190024041001,36,119,002404,1001,0,0,0,0,0,0,0,0,0,0,0,0,0,0,0,0,0,0,0,0,0,0,0,0,0,0,0,0,0,0,0,090,090
361190024053001,36,119,002405,3001,63,24,1,0,22,0,7,9,63,22,41,14,0,0,22,0,2,3,25,25,0,0,0,0,0,0,0,0,0,0,0,090,090
361190024053002,36,119,002405,3002,71,12,1,0,28,0,19,11,71,32,39,10,1,0,28,0,0,0,24,24,0,0,0,0,0,0,0,0,0,0,0,090,090
361190112004017,36,119,011200,4017,0,0,0,0,0,0,0,0,0,0,0,0,0,0,0,0,0,0,0,0,0,0,0,0,0,0,0,0,0,0,0,092,092
361190108011006,36,119,010801,1006,74,47,2,0,6,0,5,14,74,23,51,41,2,0,6,0,0,2,27,27,0,9,0,0,0,0,0,9,0,0,9,092,092
361190108011018,36,119,010801,1018,43,31,0,0,4,0,3,5,43,5,38,31,0,0,4,0,0,3,16,16,0,0,0,0,0,0,0,0,0,0,0,092,092
361190108012004,36,119,010801,2004,56,40,3,0,4,0,2,7,56,10,46,36,3,0,4,0,0,3,24,23,1,0,0,0,0,0,0,0,0,0,0,092,092
361190013011014,36,119,001301,1014,95,39,9,0,17,0,13,17,95,34,61,39,2,0,17,0,0,3,28,28,0,0,0,0,0,0,0,0,0,0,0,090,090
361190120002006,36,119,012000,2006,32,31,0,0,0,0,1,0,32,1,31,31,0,0,0,0,0,0,11,11,0,0,0,0,0,0,0,0,0,0,0,092,092
361190120001001,36,119,012000,1001,12,5,0,0,0,0,1,6,12,12,0,0,0,0,0,0,0,0,5,5,0,0,0,0,0,0,0,0,0,0,0,092,092
361190120003023,36,119,012000,3023,55,47,1,0,4,0,0,3,55,7,48,42,1,0,4,0,0,1,26,26,0,0,0,0,0,0,0,0,0,0,0,092,092
361190120001043,36,119,012000,1043,11,10,0,0,1,0,0,0,11,0,11,10,0,0,1,0,0,0,5,5,0,0,0,0,0,0,0,0,0,0,0,092,092
361190120001028,36,119,012000,1028,13,10,0,0,0,0,0,3,13,2,11,10,0,0,0,0,0,1,4,4,0,0,0,0,0,0,0,0,0,0,0,092,092
361190120001026,36,119,012000,1026,18,16,0,0,0,0,1,1,18,1,17,16,0,0,0,0,0,1,6,6,0,0,0,0,0,0,0,0,0,0,0,092,092
361190120001027,36,119,012000,1027,26,21,0,0,2,0,1,2,26,2,24,21,0,0,2,0,1,0,8,8,0,0,0,0,0,0,0,0,0,0,0,092,092
361190120003016,36,119,012000,3016,70,59,0,0,6,0,0,5,70,7,63,53,0,0,6,0,0,4,29,28,1,0,0,0,0,0,0,0,0,0,0,092,092
361190120001056,36,119,012000,1056,0,0,0,0,0,0,0,0,0,0,0,0,0,0,0,0,0,0,0,0,0,0,0,0,0,0,0,0,0,0,0,092,092
361190120003017,36,119,012000,3017,22,18,2,0,0,0,0,2,22,2,20,18,2,0,0,0,0,0,9,7,2,0,0,0,0,0,0,0,0,0,0,092,092
361190120003015,36,119,012000,3015,24,20,0,0,2,0,0,2,24,1,23,20,0,0,2,0,0,1,9,9,0,0,0,0,0,0,0,0,0,0,0,092,092
361190120003025,36,119,012000,3025,21,20,0,0,0,0,0,1,21,3,18,17,0,0,0,0,0,1,5,5,0,0,0,0,0,0,0,0,0,0,0,092,092
361190120003022,36,119,012000,3022,43,35,0,0,5,0,0,3,43,6,37,31,0,0,5,0,0,1,10,10,0,0,0,0,0,0,0,0,0,0,0,092,092
361190111021017,36,119,011102,1017,0,0,0,0,0,0,0,0,0,0,0,0,0,0,0,0,0,0,0,0,0,0,0,0,0,0,0,0,0,0,0,092,092
361190106003036,36,119,010600,3036,46,24,8,0,7,0,0,7,46,6,40,24,8,0,7,0,0,1,12,12,0,0,0,0,0,0,0,0,0,0,0,092,092
361190106003015,36,119,010600,3015,231,146,9,0,46,1,15,14,231,16,215,146,9,0,46,1,6,7,72,72,0,0,0,0,0,0,0,0,0,0,0,092,092
361190106003016,36,119,010600,3016,18,8,1,0,9,0,0,0,18,1,17,8,0,0,9,0,0,0,9,0,9,0,0,0,0,0,0,0,0,0,0,092,092
361190106003024,36,119,010600,3024,25,16,2,0,3,0,1,3,25,3,22,16,2,0,3,0,0,1,9,9,0,0,0,0,0,0,0,0,0,0,0,092,092
361190106003023,36,119,010600,3023,92,75,4,0,10,0,2,1,92,3,89,74,4,0,10,0,0,1,28,28,0,0,0,0,0,0,0,0,0,0,0,092,092
361190107011024,36,119,010701,1024,0,0,0,0,0,0,0,0,0,0,0,0,0,0,0,0,0,0,0,0,0,0,0,0,0,0,0,0,0,0,0,092,092
361190107011002,36,119,010701,1002,443,291,1,0,116,0,10,25,443,17,426,290,1,0,116,0,0,19,137,128,9,0,0,0,0,0,0,0,0,0,0,092,092
361190106003013,36,119,010600,3013,54,36,5,0,11,0,1,1,54,2,52,34,5,0,11,0,1,1,15,15,0,0,0,0,0,0,0,0,0,0,0,092,092
361190106003025,36,119,010600,3025,34,28,0,0,1,0,0,5,34,7,27,25,0,0,1,0,0,1,14,11,3,0,0,0,0,0,0,0,0,0,0,092,092
361190107011008,36,119,010701,1008,309,219,15,0,53,0,1,21,309,23,286,209,15,0,53,0,1,8,104,104,0,0,0,0,0,0,0,0,0,0,0,092,092
361190106003022,36,119,010600,3022,65,38,6,0,7,0,2,12,65,13,52,38,6,0,7,0,0,1,12,5,7,21,21,0,0,21,0,0,0,0,0,092,092
361190106003034,36,119,010600,3034,82,53,0,0,17,0,6,6,82,10,72,50,0,0,17,0,0,5,23,23,0,0,0,0,0,0,0,0,0,0,0,092,092
361190106003030,36,119,010600,3030,72,53,0,0,9,0,1,9,72,7,65,53,0,0,9,0,0,3,25,25,0,0,0,0,0,0,0,0,0,0,0,092,092
361190107011011,36,119,010701,1011,32,18,0,0,7,0,1,6,32,5,27,18,0,0,7,0,0,2,7,7,0,0,0,0,0,0,0,0,0,0,0,092,092
361190106003035,36,119,010600,3035,17,6,0,0,3,0,2,6,17,6,11,6,0,0,3,0,0,2,3,3,0,0,0,0,0,0,0,0,0,0,0,092,092
361190106003031,36,119,010600,3031,25,16,2,0,1,0,2,4,25,7,18,12,2,0,1,0,0,3,5,5,0,0,0,0,0,0,0,0,0,0,0,092,092
361190106003032,36,119,010600,3032,30,27,0,0,3,0,0,0,30,1,29,26,0,0,3,0,0,0,13,13,0,0,0,0,0,0,0,0,0,0,0,092,092
361190106003033,36,119,010600,3033,38,30,1,0,2,0,0,5,38,5,33,30,1,0,2,0,0,0,16,16,0,0,0,0,0,0,0,0,0,0,0,092,092
361190107011001,36,119,010701,1001,70,27,7,1,23,0,6,6,70,7,63,27,7,1,23,0,3,2,24,19,5,0,0,0,0,0,0,0,0,0,0,092,092
361190108012020,36,119,010801,2020,0,0,0,0,0,0,0,0,0,0,0,0,0,0,0,0,0,0,0,0,0,0,0,0,0,0,0,0,0,0,0,092,092
361190107013004,36,119,010701,3004,49,27,0,0,20,0,0,2,49,1,48,27,0,0,20,0,0,1,14,13,1,0,0,0,0,0,0,0,0,0,0,092,092
361190009001000,36,119,000900,1000,62,26,15,0,5,0,9,7,62,13,49,26,15,0,5,0,0,3,18,18,0,0,0,0,0,0,0,0,0,0,0,090,090
361190002053000,36,119,000205,3000,179,12,37,5,18,0,58,49,179,124,55,5,29,0,18,0,2,1,61,49,12,0,0,0,0,0,0,0,0,0,0,089,089
361190002021004,36,119,000202,1004,62,14,4,0,4,0,26,14,62,40,22,11,4,0,4,0,0,3,19,7,12,0,0,0,0,0,0,0,0,0,0,089,089
361190002023009,36,119,000202,3009,135,27,23,0,7,0,55,23,135,81,54,19,16,0,7,0,3,9,55,55,0,0,0,0,0,0,0,0,0,0,0,089,089
361190002023007,36,119,000202,3007,457,116,129,6,10,0,125,71,457,233,224,89,117,0,10,0,0,8,198,193,5,0,0,0,0,0,0,0,0,0,0,089,089
361190002033000,36,119,000203,3000,651,160,123,4,31,0,200,133,651,403,248,117,88,0,31,0,6,6,286,271,15,18,0,0,0,0,0,18,0,0,18,089,089
361190002051001,36,119,000205,1001,440,43,143,6,14,0,168,66,440,269,171,22,120,0,13,0,3,13,194,193,1,0,0,0,0,0,0,0,0,0,0,089,089
361190002051004,36,119,000205,1004,309,27,46,16,15,1,155,49,309,233,76,10,38,0,15,0,0,13,107,105,2,0,0,0,0,0,0,0,0,0,0,089,089
361190002052001,36,119,000205,2001,312,31,115,9,6,0,118,33,312,201,111,10,91,2,6,0,0,2,120,105,15,0,0,0,0,0,0,0,0,0,0,089,089
361190002052000,36,119,000205,2000,672,98,95,9,13,1,315,141,672,504,168,42,89,0,13,0,13,11,299,286,13,0,0,0,0,0,0,0,0,0,0,089,089
361190002033001,36,119,000203,3001,333,96,59,0,24,0,112,42,333,180,153,80,42,0,24,0,0,7,167,166,1,0,0,0,0,0,0,0,0,0,0,089,089
361190002031005,36,119,000203,1005,62,34,6,1,4,0,3,14,62,11,51,34,3,0,4,0,1,9,13,0,13,0,0,0,0,0,0,0,0,0,0,089,089
361190002031006,36,119,000203,1006,56,32,3,0,4,0,8,9,56,13,43,28,3,0,4,0,4,4,10,10,0,0,0,0,0,0,0,0,0,0,0,089,089
361190013051007,36,119,001305,1007,366,17,77,9,0,0,216,47,366,306,60,3,54,0,0,0,0,3,122,119,3,0,0,0,0,0,0,0,0,0,0,089,089
361190002031000,36,119,000203,1000,135,26,29,0,0,0,54,26,135,84,51,26,24,0,0,0,0,1,53,52,1,0,0,0,0,0,0,0,0,0,0,089,089
361190002031004,36,119,000203,1004,70,22,0,0,5,0,36,7,70,39,31,19,0,0,5,0,6,1,21,21,0,0,0,0,0,0,0,0,0,0,0,089,089
361190013052001,36,119,001305,2001,461,29,82,8,0,0,262,80,461,359,102,15,68,1,0,0,7,11,185,182,3,0,0,0,0,0,0,0,0,0,0,089,089
361190013051001,36,119,001305,1001,129,19,11,4,20,0,60,15,129,95,34,5,7,0,19,0,0,3,31,24,7,0,0,0,0,0,0,0,0,0,0,089,089
361190013051003,36,119,001305,1003,118,15,15,15,0,0,35,38,118,88,30,12,10,0,0,0,0,8,26,26,0,0,0,0,0,0,0,0,0,0,0,089,089
361190013013005,36,119,001301,3005,259,63,102,4,4,1,57,28,259,89,170,58,100,1,3,0,3,5,89,89,0,0,0,0,0,0,0,0,0,0,0,090,090
361190013052002,36,119,001305,2002,646,89,199,2,28,0,220,108,646,366,280,43,178,2,28,0,7,22,267,247,20,0,0,0,0,0,0,0,0,0,0,089,089
361190013051005,36,119,001305,1005,82,3,40,4,1,0,17,17,82,39,43,3,33,3,1,0,0,3,26,26,0,0,0,0,0,0,0,0,0,0,0,089,089
361190013042000,36,119,001304,2000,1228,112,238,10,41,0,658,169,1228,925,303,74,157,1,41,0,18,12,459,452,7,0,0,0,0,0,0,0,0,0,0,089,089
361190013041001,36,119,001304,1001,442,57,43,2,53,0,218,69,442,289,153,45,37,0,53,0,8,10,151,151,0,0,0,0,0,0,0,0,0,0,0,089,089
361190012001001,36,119,001200,1001,231,3,53,19,14,0,128,14,231,164,67,0,52,0,14,0,0,1,65,57,8,0,0,0,0,0,0,0,0,0,0,090,090
361190011011005,36,119,001101,1005,505,45,55,3,14,0,314,74,505,437,68,9,37,0,14,0,1,7,139,129,10,0,0,0,0,0,0,0,0,0,0,090,090
361190012001000,36,119,001200,1000,175,21,18,4,23,0,83,26,175,123,52,13,15,0,23,0,0,1,53,51,2,0,0,0,0,0,0,0,0,0,0,090,090
361190012001003,36,119,001200,1003,617,76,28,54,2,0,400,57,617,563,54,23,28,0,2,0,0,1,192,157,35,0,0,0,0,0,0,0,0,0,0,090,090
361190012001002,36,119,001200,1002,608,53,172,28,4,0,301,50,608,438,170,9,148,0,4,0,0,9,178,172,6,0,0,0,0,0,0,0,0,0,0,090,090
361190013012018,36,119,001301,2018,0,0,0,0,0,0,0,0,0,0,0,0,0,0,0,0,0,0,0,0,0,0,0,0,0,0,0,0,0,0,0,090,090
361190105002018,36,119,010500,2018,0,0,0,0,0,0,0,0,0,0,0,0,0,0,0,0,0,0,0,0,0,0,0,0,0,0,0,0,0,0,0,092,092
361190113002009,36,119,011300,2009,21,16,0,0,2,0,2,1,21,0,21,16,0,0,2,0,2,1,6,6,0,0,0,0,0,0,0,0,0,0,0,092,092
361190022042000,36,119,002204,2000,12,6,0,0,0,0,0,6,12,6,6,6,0,0,0,0,0,0,1,1,0,0,0,0,0,0,0,0,0,0,0,090,090
361190113002008,36,119,011300,2008,39,31,0,0,5,0,1,2,39,4,35,30,0,0,4,0,1,0,15,11,4,0,0,0,0,0,0,0,0,0,0,092,092
361190113002007,36,119,011300,2007,58,47,0,0,5,0,2,4,58,6,52,46,0,0,5,0,0,1,19,19,0,0,0,0,0,0,0,0,0,0,0,092,092
361190105004013,36,119,010500,4013,36,27,0,0,3,0,2,4,36,7,29,26,0,0,3,0,0,0,12,11,1,0,0,0,0,0,0,0,0,0,0,092,092
361190113001019,36,119,011300,1019,573,500,3,1,45,0,0,24,573,22,551,490,3,1,45,0,0,12,208,208,0,0,0,0,0,0,0,0,0,0,0,092,092
361190113001020,36,119,011300,1020,26,18,1,0,0,0,0,7,26,4,22,16,1,0,0,0,0,5,4,0,4,0,0,0,0,0,0,0,0,0,0,092,092
361190113002014,36,119,011300,2014,14,14,0,0,0,0,0,0,14,0,14,14,0,0,0,0,0,0,5,5,0,0,0,0,0,0,0,0,0,0,0,092,092
361190105001010,36,119,010500,1010,250,219,3,1,16,0,1,10,250,13,237,215,3,0,16,0,0,3,86,86,0,0,0,0,0,0,0,0,0,0,0,092,092
361190105001011,36,119,010500,1011,15,10,0,0,1,0,0,4,15,1,14,10,0,0,1,0,0,3,5,5,0,0,0,0,0,0,0,0,0,0,0,092,092
361190104001000,36,119,010400,1000,23,17,5,0,0,0,0,1,23,1,22,17,5,0,0,0,0,0,6,6,0,0,0,0,0,0,0,0,0,0,0,092,092
361190104001013,36,119,010400,1013,106,74,0,0,6,0,15,11,106,29,77,68,0,0,6,0,0,3,45,41,4,0,0,0,0,0,0,0,0,0,0,092,092
361190034002005,36,119,003400,2005,141,11,112,0,0,0,14,4,141,22,119,9,110,0,0,0,0,0,48,44,4,16,0,0,0,0,0,16,0,0,16,089,089
361190033002000,36,119,003300,2000,106,3,94,0,7,0,0,2,106,0,106,3,94,0,7,0,0,2,36,36,0,0,0,0,0,0,0,0,0,0,0,089,089
361190118003010,36,119,011800,3010,17,12,0,0,0,0,0,5,17,0,17,12,0,0,0,0,0,5,7,7,0,0,0,0,0,0,0,0,0,0,0,092,092
361190118003038,36,119,011800,3038,0,0,0,0,0,0,0,0,0,0,0,0,0,0,0,0,0,0,0,0,0,0,0,0,0,0,0,0,0,0,0,092,092
361190104003006,36,119,010400,3006,152,122,1,0,7,0,14,8,152,19,133,122,1,0,7,0,0,3,83,79,4,0,0,0,0,0,0,0,0,0,0,092,092
361190122023003,36,119,012202,3003,52,36,0,0,1,0,5,10,52,15,37,36,0,0,1,0,0,0,16,16,0,0,0,0,0,0,0,0,0,0,0,092,092
361190118005017,36,119,011800,5017,35,34,0,1,0,0,0,0,35,0,35,34,0,1,0,0,0,0,11,11,0,0,0,0,0,0,0,0,0,0,0,092,092
361190118005014,36,119,011800,5014,8,1,0,0,0,0,0,7,8,2,6,0,0,0,0,0,0,6,1,0,1,0,0,0,0,0,0,0,0,0,0,092,092
361190118005015,36,119,011800,5015,18,13,0,0,0,0,0,5,18,5,13,10,0,0,0,0,0,3,5,5,0,0,0,0,0,0,0,0,0,0,0,092,092
361190042004000,36,119,004200,4000,90,3,68,1,0,0,7,11,90,18,72,0,67,1,0,0,0,4,30,29,1,0,0,0,0,0,0,0,0,0,0,089,089
361190005012007,36,119,000501,2007,255,29,147,2,1,0,51,25,255,97,158,15,132,0,1,0,2,8,91,88,3,0,0,0,0,0,0,0,0,0,0,090,090
361190008011003,36,119,000801,1003,0,0,0,0,0,0,0,0,0,0,0,0,0,0,0,0,0,0,0,0,0,0,0,0,0,0,0,0,0,0,0,090,090
361190015021000,36,119,001502,1000,0,0,0,0,0,0,0,0,0,0,0,0,0,0,0,0,0,0,0,0,0,0,0,0,0,0,0,0,0,0,0,089,089
361190015051005,36,119,001505,1005,0,0,0,0,0,0,0,0,0,0,0,0,0,0,0,0,0,0,0,0,0,0,0,0,0,0,0,0,0,0,0,089,089
361190109011001,36,119,010901,1001,0,0,0,0,0,0,0,0,0,0,0,0,0,0,0,0,0,0,0,0,0,0,0,0,0,0,0,0,0,0,0,092,092
361190119023001,36,119,011902,3001,0,0,0,0,0,0,0,0,0,0,0,0,0,0,0,0,0,0,0,0,0,0,0,0,0,0,0,0,0,0,0,092,092
361190104003005,36,119,010400,3005,82,55,0,0,13,0,8,6,82,5,77,55,0,0,13,0,4,5,40,40,0,0,0,0,0,0,0,0,0,0,0,092,092
361190109024021,36,119,010902,4021,0,0,0,0,0,0,0,0,0,0,0,0,0,0,0,0,0,0,0,0,0,0,0,0,0,0,0,0,0,0,0,092,092
361190109031011,36,119,010903,1011,0,0,0,0,0,0,0,0,0,0,0,0,0,0,0,0,0,0,0,0,0,0,0,0,0,0,0,0,0,0,0,092,092
361190021071009,36,119,002107,1009,0,0,0,0,0,0,0,0,0,0,0,0,0,0,0,0,0,0,0,0,0,0,0,0,0,0,0,0,0,0,0,090,090
361190023001021,36,119,002300,1021,70,45,11,0,0,0,10,4,70,18,52,39,11,0,0,0,1,1,1,1,0,49,0,0,0,0,0,49,0,0,49,090,090
361190121021004,36,119,012102,1004,19,14,0,0,1,0,2,2,19,4,15,14,0,0,1,0,0,0,12,12,0,0,0,0,0,0,0,0,0,0,0,092,092
361190042004004,36,119,004200,4004,800,84,529,1,19,0,93,74,800,134,666,76,527,1,19,0,16,27,395,375,20,3,0,0,0,0,0,3,0,0,3,089,089
361190116012002,36,119,011601,2002,193,43,13,0,0,0,97,40,193,156,37,28,6,0,0,0,0,3,64,63,1,0,0,0,0,0,0,0,0,0,0,092,092
361190033003004,36,119,003300,3004,76,1,59,1,4,0,1,10,76,9,67,1,57,1,4,0,1,3,23,23,0,0,0,0,0,0,0,0,0,0,0,089,089
361190011022007,36,119,001102,2007,62,10,13,4,8,0,15,12,62,25,37,10,13,2,8,0,0,4,12,12,0,0,0,0,0,0,0,0,0,0,0,090,090
361190120003021,36,119,012000,3021,20,12,1,0,7,0,0,0,20,0,20,12,1,0,7,0,0,0,5,5,0,0,0,0,0,0,0,0,0,0,0,092,092
361190022012014,36,119,002201,2014,0,0,0,0,0,0,0,0,0,0,0,0,0,0,0,0,0,0,0,0,0,0,0,0,0,0,0,0,0,0,0,090,090
361190013011001,36,119,001301,1001,0,0,0,0,0,0,0,0,0,0,0,0,0,0,0,0,0,0,0,0,0,0,0,0,0,0,0,0,0,0,0,090,090
361190026002023,36,119,002600,2023,12,0,5,0,1,0,5,1,12,10,2,0,0,0,1,0,0,1,2,0,2,0,0,0,0,0,0,0,0,0,0,089,089
361190026002004,36,119,002600,2004,0,0,0,0,0,0,0,0,0,0,0,0,0,0,0,0,0,0,0,0,0,0,0,0,0,0,0,0,0,0,0,089,089
361190026002021,36,119,002600,2021,66,0,54,0,0,0,9,3,66,13,53,0,49,0,0,0,1,3,17,17,0,0,0,0,0,0,0,0,0,0,0,089,089
361190119021014,36,119,011902,1014,0,0,0,0,0,0,0,0,0,0,0,0,0,0,0,0,0,0,0,0,0,0,0,0,0,0,0,0,0,0,0,092,092
361190120002009,36,119,012000,2009,30,20,0,0,5,0,1,4,30,4,26,20,0,0,5,0,1,0,6,6,0,0,0,0,0,0,0,0,0,0,0,092,092
361190120002047,36,119,012000,2047,30,29,0,0,1,0,0,0,30,0,30,29,0,0,1,0,0,0,8,8,0,0,0,0,0,0,0,0,0,0,0,092,092
361190120003007,36,119,012000,3007,28,27,0,0,0,0,1,0,28,1,27,27,0,0,0,0,0,0,10,8,2,0,0,0,0,0,0,0,0,0,0,092,092
361190121021034,36,119,012102,1034,33,30,0,0,0,0,3,0,33,5,28,28,0,0,0,0,0,0,8,8,0,0,0,0,0,0,0,0,0,0,0,092,092
361190120003014,36,119,012000,3014,33,26,0,0,0,0,0,7,33,7,26,26,0,0,0,0,0,0,11,11,0,0,0,0,0,0,0,0,0,0,0,092,092
361190120003009,36,119,012000,3009,40,36,4,0,0,0,0,0,40,0,40,36,4,0,0,0,0,0,11,11,0,0,0,0,0,0,0,0,0,0,0,092,092
361190121021027,36,119,012102,1027,27,24,0,0,0,0,0,3,27,3,24,22,0,0,0,0,0,2,10,10,0,0,0,0,0,0,0,0,0,0,0,092,092
361190121021032,36,119,012102,1032,49,42,0,0,1,0,3,3,49,5,44,41,0,0,1,0,0,2,18,18,0,0,0,0,0,0,0,0,0,0,0,092,092
361190120002004,36,119,012000,2004,29,28,0,0,0,0,0,1,29,3,26,26,0,0,0,0,0,0,9,9,0,0,0,0,0,0,0,0,0,0,0,092,092
361190120003018,36,119,012000,3018,21,18,0,0,0,0,0,3,21,3,18,18,0,0,0,0,0,0,11,11,0,0,0,0,0,0,0,0,0,0,0,092,092
361190120003026,36,119,012000,3026,0,0,0,0,0,0,0,0,0,0,0,0,0,0,0,0,0,0,0,0,0,0,0,0,0,0,0,0,0,0,0,092,092
361190120002007,36,119,012000,2007,42,39,0,0,3,0,0,0,42,0,42,39,0,0,3,0,0,0,21,20,1,0,0,0,0,0,0,0,0,0,0,092,092
361190120003020,36,119,012000,3020,28,24,3,0,0,0,1,0,28,1,27,23,3,0,0,0,1,0,12,12,0,0,0,0,0,0,0,0,0,0,0,092,092
361190119021017,36,119,011902,1017,13,7,0,0,2,0,2,2,13,7,6,6,0,0,0,0,0,0,1,1,0,0,0,0,0,0,0,0,0,0,0,092,092
361190014022001,36,119,001402,2001,41,23,0,0,0,0,7,11,41,19,22,21,0,0,0,0,1,0,14,14,0,0,0,0,0,0,0,0,0,0,0,090,090
361190015032005,36,119,001503,2005,138,113,3,0,3,0,4,15,138,15,123,113,3,0,3,0,0,4,82,80,2,0,0,0,0,0,0,0,0,0,0,089,089
361190118003020,36,119,011800,3020,0,0,0,0,0,0,0,0,0,0,0,0,0,0,0,0,0,0,0,0,0,0,0,0,0,0,0,0,0,0,0,092,092
361190011012004,36,119,001101,2004,0,0,0,0,0,0,0,0,0,0,0,0,0,0,0,0,0,0,0,0,0,0,0,0,0,0,0,0,0,0,0,090,090
361190122024007,36,119,012202,4007,99,92,1,1,0,0,2,3,99,5,94,91,1,1,0,0,0,1,61,61,0,0,0,0,0,0,0,0,0,0,0,092,092
361190121023021,36,119,012102,3021,32,14,0,4,0,0,11,3,32,20,12,12,0,0,0,0,0,0,11,11,0,0,0,0,0,0,0,0,0,0,0,092,092
361190122011004,36,119,012201,1004,149,131,0,0,10,0,4,4,149,7,142,130,0,0,10,0,0,2,48,48,0,0,0,0,0,0,0,0,0,0,0,092,092
361190118005007,36,119,011800,5007,93,62,0,0,26,0,0,5,93,5,88,62,0,0,26,0,0,0,31,31,0,0,0,0,0,0,0,0,0,0,0,092,092
361190121011004,36,119,012101,1004,9,5,0,0,3,0,0,1,9,0,9,5,0,0,3,0,0,1,2,2,0,0,0,0,0,0,0,0,0,0,0,092,092
361190118004024,36,119,011800,4024,258,249,0,0,0,0,3,6,258,7,251,246,0,0,0,0,3,2,79,79,0,0,0,0,0,0,0,0,0,0,0,092,092
361190121012025,36,119,012101,2025,11,2,0,0,2,0,0,7,11,5,6,1,0,0,2,0,0,3,1,1,0,0,0,0,0,0,0,0,0,0,0,092,092
361190111022029,36,119,011102,2029,0,0,0,0,0,0,0,0,0,0,0,0,0,0,0,0,0,0,0,0,0,0,0,0,0,0,0,0,0,0,0,092,092
361190110002024,36,119,011000,2024,0,0,0,0,0,0,0,0,0,0,0,0,0,0,0,0,0,0,0,0,0,0,0,0,0,0,0,0,0,0,0,092,092
361190022011027,36,119,002201,1027,0,0,0,0,0,0,0,0,0,0,0,0,0,0,0,0,0,0,0,0,0,0,0,0,0,0,0,0,0,0,0,090,090
361190020003009,36,119,002000,3009,0,0,0,0,0,0,0,0,0,0,0,0,0,0,0,0,0,0,0,0,0,0,0,0,0,0,0,0,0,0,0,090,090
361190108011019,36,119,010801,1019,171,113,25,0,21,0,8,4,171,12,159,113,25,0,21,0,0,0,62,62,0,0,0,0,0,0,0,0,0,0,0,092,092
361190013013000,36,119,001301,3000,729,101,36,19,26,0,421,126,729,623,106,58,17,0,26,0,0,5,275,257,18,0,0,0,0,0,0,0,0,0,0,090,090
361190114022002,36,119,011402,2002,0,0,0,0,0,0,0,0,0,0,0,0,0,0,0,0,0,0,0,0,0,0,0,0,0,0,0,0,0,0,0,092,092
361190117001002,36,119,011700,1002,0,0,0,0,0,0,0,0,0,0,0,0,0,0,0,0,0,0,0,0,0,0,0,0,0,0,0,0,0,0,0,092,092
361190118003068,36,119,011800,3068,19,9,2,0,1,0,0,7,19,0,19,9,2,0,1,0,0,7,1,1,0,0,0,0,0,0,0,0,0,0,0,092,092
361190109023016,36,119,010902,3016,0,0,0,0,0,0,0,0,0,0,0,0,0,0,0,0,0,0,0,0,0,0,0,0,0,0,0,0,0,0,0,092,092
361190120001008,36,119,012000,1008,0,0,0,0,0,0,0,0,0,0,0,0,0,0,0,0,0,0,0,0,0,0,0,0,0,0,0,0,0,0,0,092,092
361190120003006,36,119,012000,3006,34,34,0,0,0,0,0,0,34,0,34,34,0,0,0,0,0,0,10,10,0,0,0,0,0,0,0,0,0,0,0,092,092
361190120003003,36,119,012000,3003,49,44,0,0,4,0,1,0,49,2,47,43,0,0,4,0,0,0,18,18,0,0,0,0,0,0,0,0,0,0,0,092,092
361190120002005,36,119,012000,2005,20,19,1,0,0,0,0,0,20,1,19,19,0,0,0,0,0,0,10,10,0,0,0,0,0,0,0,0,0,0,0,092,092
361190120002046,36,119,012000,2046,35,32,0,0,0,0,3,0,35,3,32,32,0,0,0,0,0,0,16,13,3,0,0,0,0,0,0,0,0,0,0,092,092
361190120002034,36,119,012000,2034,39,28,1,0,7,0,1,2,39,3,36,28,0,0,7,0,1,0,12,12,0,0,0,0,0,0,0,0,0,0,0,092,092
361190118005010,36,119,011800,5010,24,20,0,0,1,0,1,2,24,3,21,20,0,0,1,0,0,0,6,4,2,0,0,0,0,0,0,0,0,0,0,092,092
361190122023029,36,119,012202,3029,23,15,1,0,0,0,3,4,23,5,18,14,0,0,0,0,0,4,8,8,0,0,0,0,0,0,0,0,0,0,0,092,092
361190122023015,36,119,012202,3015,12,11,0,0,0,0,0,1,12,0,12,11,0,0,0,0,0,1,3,3,0,0,0,0,0,0,0,0,0,0,0,092,092
361190118004001,36,119,011800,4001,20,14,1,0,0,0,4,1,20,5,15,14,1,0,0,0,0,0,11,11,0,0,0,0,0,0,0,0,0,0,0,092,092
361190041003002,36,119,004100,3002,119,5,92,1,2,0,17,2,119,21,98,4,90,0,2,0,1,1,30,30,0,0,0,0,0,0,0,0,0,0,0,089,089
361190042001020,36,119,004200,1020,42,11,21,0,3,0,5,2,42,1,41,11,21,0,3,0,4,2,14,14,0,0,0,0,0,0,0,0,0,0,0,089,089
361190041003018,36,119,004100,3018,57,4,44,0,1,0,3,5,57,10,47,3,42,0,1,0,1,0,16,11,5,0,0,0,0,0,0,0,0,0,0,089,089
361190041003019,36,119,004100,3019,83,5,67,0,2,0,0,9,83,6,77,2,67,0,2,0,0,6,29,29,0,0,0,0,0,0,0,0,0,0,0,089,089
361190041003003,36,119,004100,3003,48,1,31,0,4,0,8,4,48,10,38,1,25,0,4,0,5,3,18,18,0,0,0,0,0,0,0,0,0,0,0,089,089
361190041002001,36,119,004100,2001,250,3,210,1,0,0,17,19,250,30,220,3,210,0,0,0,0,7,86,85,1,0,0,0,0,0,0,0,0,0,0,089,089
361190041003010,36,119,004100,3010,42,3,32,0,3,0,0,4,42,3,39,3,32,0,3,0,0,1,15,13,2,0,0,0,0,0,0,0,0,0,0,089,089
361190041002004,36,119,004100,2004,282,10,240,1,9,0,4,18,282,22,260,9,240,1,9,0,1,0,129,127,2,0,0,0,0,0,0,0,0,0,0,089,089
361190033001000,36,119,003300,1000,11,3,0,2,0,0,5,1,11,1,10,3,0,2,0,0,4,1,1,1,0,0,0,0,0,0,0,0,0,0,0,089,089
361190033001009,36,119,003300,1009,123,10,83,0,1,0,16,13,123,22,101,8,83,0,1,0,3,6,55,55,0,0,0,0,0,0,0,0,0,0,0,089,089
361190033001005,36,119,003300,1005,0,0,0,0,0,0,0,0,0,0,0,0,0,0,0,0,0,0,0,0,0,0,0,0,0,0,0,0,0,0,0,089,089
361190117002005,36,119,011700,2005,69,64,0,0,1,0,0,4,69,2,67,63,0,0,1,0,0,3,26,26,0,0,0,0,0,0,0,0,0,0,0,092,092
361190108032005,36,119,010803,2005,35,18,3,0,0,0,5,9,35,17,18,12,3,0,0,0,0,3,7,7,0,0,0,0,0,0,0,0,0,0,0,092,092
361190108011032,36,119,010801,1032,61,36,7,0,1,0,12,5,61,12,49,33,5,0,1,0,7,3,18,18,0,0,0,0,0,0,0,0,0,0,0,092,092
361190111021012,36,119,011102,1012,0,0,0,0,0,0,0,0,0,0,0,0,0,0,0,0,0,0,0,0,0,0,0,0,0,0,0,0,0,0,0,092,092
361190004042002,36,119,000404,2002,131,13,47,0,1,0,30,40,131,75,56,2,47,0,1,0,2,4,56,56,0,0,0,0,0,0,0,0,0,0,0,089,089
361190111021014,36,119,011102,1014,0,0,0,0,0,0,0,0,0,0,0,0,0,0,0,0,0,0,0,0,0,0,0,0,0,0,0,0,0,0,0,092,092
361190111021013,36,119,011102,1013,0,0,0,0,0,0,0,0,0,0,0,0,0,0,0,0,0,0,0,0,0,0,0,0,0,0,0,0,0,0,0,092,092
361190111022012,36,119,011102,2012,0,0,0,0,0,0,0,0,0,0,0,0,0,0,0,0,0,0,0,0,0,0,0,0,0,0,0,0,0,0,0,092,092
361190113003004,36,119,011300,3004,0,0,0,0,0,0,0,0,0,0,0,0,0,0,0,0,0,0,0,0,0,0,0,0,0,0,0,0,0,0,0,092,092
361190108012021,36,119,010801,2021,0,0,0,0,0,0,0,0,0,0,0,0,0,0,0,0,0,0,0,0,0,0,0,0,0,0,0,0,0,0,0,092,092
361190022012004,36,119,002201,2004,240,174,9,0,16,0,19,22,240,42,198,169,9,0,16,0,0,4,157,157,0,0,0,0,0,0,0,0,0,0,0,090,090
361190022012005,36,119,002201,2005,230,160,6,0,38,0,8,18,230,26,204,155,6,0,38,0,0,5,75,75,0,0,0,0,0,0,0,0,0,0,0,090,090
361190022012006,36,119,002201,2006,95,62,3,2,10,0,10,8,95,16,79,62,2,2,10,0,3,0,30,23,7,0,0,0,0,0,0,0,0,0,0,090,090
361190110002008,36,119,011000,2008,0,0,0,0,0,0,0,0,0,0,0,0,0,0,0,0,0,0,0,0,0,0,0,0,0,0,0,0,0,0,0,092,092
361190120001025,36,119,012000,1025,23,22,0,0,0,0,1,0,23,1,22,22,0,0,0,0,0,0,11,11,0,0,0,0,0,0,0,0,0,0,0,092,092
361190112002007,36,119,011200,2007,123,80,14,0,12,0,6,11,123,15,108,77,14,0,12,0,1,4,38,38,0,0,0,0,0,0,0,0,0,0,0,092,092
361190021042005,36,119,002104,2005,20,5,0,0,10,0,0,5,20,4,16,5,0,0,10,0,0,1,3,3,0,0,0,0,0,0,0,0,0,0,0,090,090
361190005012012,36,119,000501,2012,306,22,117,2,13,0,122,30,306,193,113,4,90,0,13,0,4,2,81,81,0,0,0,0,0,0,0,0,0,0,0,090,090
361190018002000,36,119,001800,2000,150,14,68,1,11,0,32,24,150,70,80,9,55,0,10,0,0,6,48,48,0,0,0,0,0,0,0,0,0,0,0,090,090
361190119022030,36,119,011902,2030,0,0,0,0,0,0,0,0,0,0,0,0,0,0,0,0,0,0,0,0,0,0,0,0,0,0,0,0,0,0,0,092,092
361190001032002,36,119,000103,2002,2121,146,1213,18,122,0,461,161,2121,790,1331,37,1126,4,122,0,6,36,842,813,29,0,0,0,0,0,0,0,0,0,0,089,089
361190151004017,36,119,015100,4017,0,0,0,0,0,0,0,0,0,0,0,0,0,0,0,0,0,0,0,0,0,0,0,0,0,0,0,0,0,0,0,089,089
361190041001001,36,119,004100,1001,0,0,0,0,0,0,0,0,0,0,0,0,0,0,0,0,0,0,0,0,0,0,0,0,0,0,0,0,0,0,0,089,089
361190022041014,36,119,002204,1014,0,0,0,0,0,0,0,0,0,0,0,0,0,0,0,0,0,0,0,0,0,0,0,0,0,0,0,0,0,0,0,090,090
361190039001000,36,119,003900,1000,0,0,0,0,0,0,0,0,0,0,0,0,0,0,0,0,0,0,0,0,0,0,0,0,0,0,0,0,0,0,0,089,089
361190042001003,36,119,004200,1003,0,0,0,0,0,0,0,0,0,0,0,0,0,0,0,0,0,0,0,0,0,0,0,0,0,0,0,0,0,0,0,089,089
361190113001006,36,119,011300,1006,0,0,0,0,0,0,0,0,0,0,0,0,0,0,0,0,0,0,0,0,0,0,0,0,0,0,0,0,0,0,0,092,092
361190113001002,36,119,011300,1002,0,0,0,0,0,0,0,0,0,0,0,0,0,0,0,0,0,0,0,0,0,0,0,0,0,0,0,0,0,0,0,092,092
361190020002000,36,119,002000,2000,398,198,24,1,84,0,42,49,398,92,306,185,23,0,84,0,3,11,138,127,11,6,0,0,0,0,0,6,0,0,6,090,090
361190020002004,36,119,002000,2004,163,117,0,5,17,0,10,14,163,31,132,112,0,0,17,0,3,0,53,53,0,0,0,0,0,0,0,0,0,0,0,090,090
361190112004006,36,119,011200,4006,0,0,0,0,0,0,0,0,0,0,0,0,0,0,0,0,0,0,0,0,0,0,0,0,0,0,0,0,0,0,0,092,092
361190020001008,36,119,002000,1008,61,45,0,0,0,0,13,3,61,21,40,40,0,0,0,0,0,0,22,22,0,0,0,0,0,0,0,0,0,0,0,090,090
361190021042036,36,119,002104,2036,44,12,10,2,3,0,9,8,44,18,26,12,10,0,1,0,0,3,5,0,5,0,0,0,0,0,0,0,0,0,0,090,090
361190021013002,36,119,002101,3002,108,64,1,1,13,0,17,12,108,32,76,61,1,0,13,0,0,1,29,24,5,0,0,0,0,0,0,0,0,0,0,090,090
361190111011021,36,119,011101,1021,0,0,0,0,0,0,0,0,0,0,0,0,0,0,0,0,0,0,0,0,0,0,0,0,0,0,0,0,0,0,0,092,092
361190021071007,36,119,002107,1007,243,35,79,0,76,0,36,17,243,59,184,32,75,0,76,0,1,0,123,123,0,0,0,0,0,0,0,0,0,0,0,090,090
361190021062002,36,119,002106,2002,91,16,29,0,22,0,13,11,91,36,55,10,22,0,22,0,0,1,34,31,3,0,0,0,0,0,0,0,0,0,0,090,090
361190021042013,36,119,002104,2013,78,15,21,0,2,0,34,6,78,47,31,8,21,0,2,0,0,0,25,25,0,0,0,0,0,0,0,0,0,0,0,090,090
361190021042035,36,119,002104,2035,29,6,0,3,0,0,6,14,29,14,15,6,0,0,0,0,1,8,3,3,0,0,0,0,0,0,0,0,0,0,0,090,090
361190021042017,36,119,002104,2017,33,22,3,0,5,0,0,3,33,3,30,22,3,0,5,0,0,0,12,12,0,0,0,0,0,0,0,0,0,0,0,090,090
361190118002007,36,119,011800,2007,0,0,0,0,0,0,0,0,0,0,0,0,0,0,0,0,0,0,0,0,0,0,0,0,0,0,0,0,0,0,0,092,092
361190118002005,36,119,011800,2005,15,10,0,0,2,0,0,3,15,3,12,10,0,0,2,0,0,0,4,4,0,0,0,0,0,0,0,0,0,0,0,092,092
361190118002009,36,119,011800,2009,55,40,0,0,1,1,3,10,55,5,50,40,0,0,1,0,0,9,11,11,0,0,0,0,0,0,0,0,0,0,0,092,092
361190009001003,36,119,000900,1003,0,0,0,0,0,0,0,0,0,0,0,0,0,0,0,0,0,0,0,0,0,0,0,0,0,0,0,0,0,0,0,092,090
361190009001002,36,119,000900,1002,29,4,9,0,7,0,4,5,29,15,14,2,4,0,7,0,1,0,12,10,2,0,0,0,0,0,0,0,0,0,0,092,090
361190009001004,36,119,000900,1004,66,17,15,0,10,0,20,4,66,25,41,17,14,0,10,0,0,0,23,23,0,0,0,0,0,0,0,0,0,0,0,090,090
361190019001001,36,119,001900,1001,78,46,13,0,9,0,2,8,78,6,72,45,12,0,9,0,0,6,32,32,0,0,0,0,0,0,0,0,0,0,0,090,090
361190019001015,36,119,001900,1015,70,38,1,6,11,0,11,3,70,17,53,38,1,0,11,0,1,2,20,20,0,0,0,0,0,0,0,0,0,0,0,090,090
361190009001006,36,119,000900,1006,127,80,14,0,18,0,10,5,127,17,110,77,11,0,18,0,0,4,41,41,0,0,0,0,0,0,0,0,0,0,0,090,090
361190019001011,36,119,001900,1011,63,39,9,2,0,2,4,7,63,14,49,39,8,0,0,0,0,2,18,18,0,0,0,0,0,0,0,0,0,0,0,090,090
361190019001013,36,119,001900,1013,30,9,1,0,6,0,0,14,30,10,20,9,1,0,5,0,0,5,6,6,0,0,0,0,0,0,0,0,0,0,0,090,090
361190019001014,36,119,001900,1014,128,58,27,0,5,0,14,24,128,38,90,55,27,0,5,0,0,3,45,44,1,0,0,0,0,0,0,0,0,0,0,090,090
361190018001006,36,119,001800,1006,243,20,151,0,13,0,45,14,243,68,175,3,145,0,13,0,11,3,80,79,1,0,0,0,0,0,0,0,0,0,0,090,090
361190019001008,36,119,001900,1008,59,27,9,0,5,0,5,13,59,18,41,24,8,0,5,0,0,4,19,19,0,0,0,0,0,0,0,0,0,0,0,090,090
361190111022010,36,119,011102,2010,0,0,0,0,0,0,0,0,0,0,0,0,0,0,0,0,0,0,0,0,0,0,0,0,0,0,0,0,0,0,0,092,092
361190111022020,36,119,011102,2020,79,41,6,0,26,0,0,6,79,10,69,39,4,0,26,0,0,0,22,22,0,0,0,0,0,0,0,0,0,0,0,092,092
361190111022021,36,119,011102,2021,59,58,0,0,1,0,0,0,59,0,59,58,0,0,1,0,0,0,22,22,0,0,0,0,0,0,0,0,0,0,0,092,092
361190111022017,36,119,011102,2017,50,39,4,0,0,0,4,3,50,5,45,39,4,0,0,0,0,2,17,17,0,0,0,0,0,0,0,0,0,0,0,092,092
361190107011017,36,119,010701,1017,0,0,0,0,0,0,0,0,0,0,0,0,0,0,0,0,0,0,0,0,0,0,0,0,0,0,0,0,0,0,0,092,092
361190121013023,36,119,012101,3023,34,20,0,0,2,1,5,6,34,16,18,15,0,0,0,0,2,1,4,3,1,34,0,0,0,0,0,34,34,0,0,092,092
361190110002034,36,119,011000,2034,26,11,1,0,7,0,2,5,26,6,20,11,1,0,7,0,0,1,11,10,1,0,0,0,0,0,0,0,0,0,0,092,092
361190013011005,36,119,001301,1005,0,0,0,0,0,0,0,0,0,0,0,0,0,0,0,0,0,0,0,0,0,0,0,0,0,0,0,0,0,0,0,090,090
361190122021016,36,119,012202,1016,24,12,1,0,0,0,6,5,24,7,17,12,1,0,0,0,0,4,8,8,0,0,0,0,0,0,0,0,0,0,0,092,092
361190109011002,36,119,010901,1002,0,0,0,0,0,0,0,0,0,0,0,0,0,0,0,0,0,0,0,0,0,0,0,0,0,0,0,0,0,0,0,092,092
361190013011002,36,119,001301,1002,0,0,0,0,0,0,0,0,0,0,0,0,0,0,0,0,0,0,0,0,0,0,0,0,0,0,0,0,0,0,0,090,090
361190031001003,36,119,003100,1003,111,11,62,0,10,0,15,13,111,21,90,5,61,0,10,0,4,10,30,27,3,0,0,0,0,0,0,0,0,0,0,089,089
361190040023004,36,119,004002,3004,91,14,21,1,1,0,30,24,91,21,70,14,20,1,1,0,17,17,39,39,0,0,0,0,0,0,0,0,0,0,0,089,089
361190024033001,36,119,002403,3001,96,52,6,0,3,0,13,22,96,36,60,47,6,0,3,0,0,4,41,39,2,0,0,0,0,0,0,0,0,0,0,090,090
361190024031002,36,119,002403,1002,391,134,103,4,11,0,90,49,391,144,247,124,94,0,11,0,8,10,217,217,0,9,0,0,0,0,0,9,0,0,9,090,090
361190103003008,36,119,010300,3008,310,231,7,0,25,0,17,30,310,49,261,221,6,0,25,0,3,6,166,157,9,0,0,0,0,0,0,0,0,0,0,092,092
361190103002001,36,119,010300,2001,207,181,3,0,10,0,3,10,207,9,198,180,3,0,10,0,1,4,78,71,7,0,0,0,0,0,0,0,0,0,0,092,092
361190118003015,36,119,011800,3015,0,0,0,0,0,0,0,0,0,0,0,0,0,0,0,0,0,0,0,0,0,0,0,0,0,0,0,0,0,0,0,092,092
361190107011020,36,119,010701,1020,10,1,2,0,0,0,1,6,10,2,8,1,1,0,0,0,0,6,1,0,1,0,0,0,0,0,0,0,0,0,0,092,092
361190118003027,36,119,011800,3027,0,0,0,0,0,0,0,0,0,0,0,0,0,0,0,0,0,0,0,0,0,0,0,0,0,0,0,0,0,0,0,092,092
361190118003025,36,119,011800,3025,0,0,0,0,0,0,0,0,0,0,0,0,0,0,0,0,0,0,0,0,0,0,0,0,0,0,0,0,0,0,0,092,092
361190118003065,36,119,011800,3065,65,55,2,0,0,0,0,8,65,5,60,55,2,0,0,0,0,3,23,23,0,0,0,0,0,0,0,0,0,0,0,092,092
361190117001000,36,119,011700,1000,0,0,0,0,0,0,0,0,0,0,0,0,0,0,0,0,0,0,0,0,0,0,0,0,0,0,0,0,0,0,0,092,092
361190114011000,36,119,011401,1000,41,34,0,0,0,0,1,6,41,4,37,34,0,0,0,0,0,3,16,16,0,0,0,0,0,0,0,0,0,0,0,092,092
361190117002000,36,119,011700,2000,110,89,0,0,5,0,0,16,110,10,100,89,0,0,5,0,0,6,39,39,0,0,0,0,0,0,0,0,0,0,0,092,092
361190112002025,36,119,011200,2025,0,0,0,0,0,0,0,0,0,0,0,0,0,0,0,0,0,0,0,0,0,0,0,0,0,0,0,0,0,0,0,092,092
361190103003010,36,119,010300,3010,128,77,8,1,27,0,9,6,128,20,108,70,8,0,27,0,1,2,81,72,9,0,0,0,0,0,0,0,0,0,0,092,092
361190105004012,36,119,010500,4012,6,3,0,0,0,0,0,3,6,3,3,3,0,0,0,0,0,0,2,2,0,0,0,0,0,0,0,0,0,0,0,092,092
361190113001001,36,119,011300,1001,0,0,0,0,0,0,0,0,0,0,0,0,0,0,0,0,0,0,0,0,0,0,0,0,0,0,0,0,0,0,0,092,092
361190105004014,36,119,010500,4014,6,2,2,0,0,0,0,2,6,0,6,2,2,0,0,0,0,2,7,7,0,0,0,0,0,0,0,0,0,0,0,092,092
361190114022008,36,119,011402,2008,0,0,0,0,0,0,0,0,0,0,0,0,0,0,0,0,0,0,0,0,0,0,0,0,0,0,0,0,0,0,0,092,092
361190121023028,36,119,012102,3028,0,0,0,0,0,0,0,0,0,0,0,0,0,0,0,0,0,0,0,0,0,0,0,0,0,0,0,0,0,0,0,092,092
361190022011033,36,119,002201,1033,24,16,5,0,0,0,2,1,24,5,19,14,5,0,0,0,0,0,11,11,0,0,0,0,0,0,0,0,0,0,0,090,090
361190151001026,36,119,015100,1026,0,0,0,0,0,0,0,0,0,0,0,0,0,0,0,0,0,0,0,0,0,0,0,0,0,0,0,0,0,0,0,089,089
361190042001008,36,119,004200,1008,81,24,38,0,0,0,13,6,81,18,63,24,34,0,0,0,4,1,27,27,0,0,0,0,0,0,0,0,0,0,0,089,089
361190042001001,36,119,004200,1001,0,0,0,0,0,0,0,0,0,0,0,0,0,0,0,0,0,0,0,0,0,0,0,0,0,0,0,0,0,0,0,089,089
361190151001011,36,119,015100,1011,30,21,3,3,1,0,1,1,30,8,22,21,0,0,1,0,0,0,10,10,0,0,0,0,0,0,0,0,0,0,0,089,089
361190015021006,36,119,001502,1006,0,0,0,0,0,0,0,0,0,0,0,0,0,0,0,0,0,0,0,0,0,0,0,0,0,0,0,0,0,0,0,089,089
361190118004003,36,119,011800,4003,608,420,91,0,29,0,44,24,608,105,503,371,81,0,29,0,5,17,6,6,0,589,0,0,0,0,0,589,589,0,0,092,092
361190021071008,36,119,002107,1008,19,1,7,0,8,0,1,2,19,3,16,1,7,0,8,0,0,0,12,12,0,0,0,0,0,0,0,0,0,0,0,090,090
361190037001001,36,119,003700,1001,217,71,84,1,17,0,17,27,217,39,178,65,81,0,16,0,2,14,98,93,5,0,0,0,0,0,0,0,0,0,0,089,089
361190037001002,36,119,003700,1002,158,44,69,0,3,0,17,25,158,37,121,36,66,0,3,0,4,12,76,73,3,0,0,0,0,0,0,0,0,0,0,089,089
361190037002003,36,119,003700,2003,92,6,23,0,1,0,42,20,92,49,43,6,18,0,1,0,8,10,23,23,0,0,0,0,0,0,0,0,0,0,0,089,089
361190037003008,36,119,003700,3008,190,5,105,1,8,0,38,33,190,68,122,3,97,0,8,0,8,6,76,71,5,0,0,0,0,0,0,0,0,0,0,089,089
361190113003001,36,119,011300,3001,313,278,2,0,22,0,0,11,313,4,309,278,2,0,22,0,0,7,148,132,16,0,0,0,0,0,0,0,0,0,0,092,092
361190015032009,36,119,001503,2009,74,41,0,0,3,0,14,16,74,31,43,36,0,0,3,0,0,4,27,27,0,0,0,0,0,0,0,0,0,0,0,089,089
361190015023006,36,119,001502,3006,139,96,1,0,4,0,24,14,139,37,102,92,1,0,4,0,0,5,57,57,0,0,0,0,0,0,0,0,0,0,0,089,089
361190015043012,36,119,001504,3012,33,8,4,1,4,0,6,10,33,16,17,4,4,1,4,0,0,4,6,5,1,0,0,0,0,0,0,0,0,0,0,089,089
361190029002007,36,119,002900,2007,34,8,10,0,0,0,7,9,34,17,17,3,9,0,0,0,2,3,3,3,0,0,0,0,0,0,0,0,0,0,0,089,089
361190029001004,36,119,002900,1004,125,3,98,0,4,0,13,7,125,12,113,0,97,0,2,0,9,5,97,97,0,0,0,0,0,0,0,0,0,0,0,089,089
361190026001005,36,119,002600,1005,537,2,457,0,16,0,35,27,537,68,469,1,448,0,16,0,0,4,197,174,23,0,0,0,0,0,0,0,0,0,0,089,089
361190027002000,36,119,002700,2000,340,1,294,0,0,0,37,8,340,46,294,0,290,0,0,0,0,4,142,115,27,0,0,0,0,0,0,0,0,0,0,089,089
361190027001008,36,119,002700,1008,43,0,21,1,4,0,11,6,43,18,25,0,19,1,4,0,0,1,5,5,0,0,0,0,0,0,0,0,0,0,0,089,089
361190026002013,36,119,002600,2013,152,8,129,2,0,0,12,1,152,20,132,8,123,1,0,0,0,0,62,50,12,0,0,0,0,0,0,0,0,0,0,089,089
361190026002028,36,119,002600,2028,88,3,74,2,0,0,4,5,88,8,80,3,74,2,0,0,0,1,27,26,1,0,0,0,0,0,0,0,0,0,0,089,089
361190122022001,36,119,012202,2001,56,49,0,0,6,0,1,0,56,1,55,49,0,0,6,0,0,0,18,18,0,0,0,0,0,0,0,0,0,0,0,092,092
361190121021017,36,119,012102,1017,19,12,0,0,3,0,0,4,19,4,15,10,0,0,3,0,0,2,10,10,0,0,0,0,0,0,0,0,0,0,0,092,092
361190121022005,36,119,012102,2005,65,56,1,0,0,0,7,1,65,8,57,56,1,0,0,0,0,0,20,20,0,0,0,0,0,0,0,0,0,0,0,092,092
361190122012006,36,119,012201,2006,50,40,0,0,8,0,0,2,50,8,42,34,0,0,8,0,0,0,20,15,5,0,0,0,0,0,0,0,0,0,0,092,092
361190037002002,36,119,003700,2002,255,69,63,0,11,0,57,55,255,91,164,55,60,0,11,0,5,33,91,78,13,0,0,0,0,0,0,0,0,0,0,089,089
361190037002001,36,119,003700,2001,228,37,105,0,2,0,50,34,228,66,162,32,102,0,2,0,8,18,82,82,0,0,0,0,0,0,0,0,0,0,0,089,089
361190035002007,36,119,003500,2007,238,3,155,0,2,0,47,31,238,68,170,0,155,0,2,0,6,7,81,81,0,0,0,0,0,0,0,0,0,0,0,089,089
361190037002004,36,119,003700,2004,252,88,31,6,0,0,96,31,252,127,125,68,31,4,0,0,9,13,98,92,6,0,0,0,0,0,0,0,0,0,0,089,089
361190022011007,36,119,002201,1007,62,52,3,0,4,0,3,0,62,3,59,52,3,0,4,0,0,0,17,17,0,0,0,0,0,0,0,0,0,0,0,090,090
361190021041015,36,119,002104,1015,31,14,0,0,16,0,1,0,31,1,30,14,0,0,16,0,0,0,7,7,0,0,0,0,0,0,0,0,0,0,0,090,090
361190118002021,36,119,011800,2021,0,0,0,0,0,0,0,0,0,0,0,0,0,0,0,0,0,0,0,0,0,0,0,0,0,0,0,0,0,0,0,092,092
361190118002015,36,119,011800,2015,0,0,0,0,0,0,0,0,0,0,0,0,0,0,0,0,0,0,0,0,0,0,0,0,0,0,0,0,0,0,0,092,092
361190109024003,36,119,010902,4003,0,0,0,0,0,0,0,0,0,0,0,0,0,0,0,0,0,0,0,0,0,0,0,0,0,0,0,0,0,0,0,092,092
361190118004031,36,119,011800,4031,22,12,2,0,0,0,0,8,22,6,16,12,2,0,0,0,0,2,5,5,0,0,0,0,0,0,0,0,0,0,0,092,092
361190118004013,36,119,011800,4013,36,25,0,0,2,0,0,9,36,3,33,25,0,0,2,0,0,6,9,9,0,0,0,0,0,0,0,0,0,0,0,092,092
361190111022013,36,119,011102,2013,71,49,0,0,16,0,0,6,71,7,64,48,0,0,16,0,0,0,24,24,0,0,0,0,0,0,0,0,0,0,0,092,092
361190111022034,36,119,011102,2034,82,60,3,0,11,0,5,3,82,9,73,59,3,0,11,0,0,0,28,28,0,0,0,0,0,0,0,0,0,0,0,092,092
361190107011000,36,119,010701,1000,54,29,9,0,12,0,0,4,54,7,47,28,6,0,12,0,0,1,13,13,0,0,0,0,0,0,0,0,0,0,0,092,092
361190041001008,36,119,004100,1008,0,0,0,0,0,0,0,0,0,0,0,0,0,0,0,0,0,0,0,0,0,0,0,0,0,0,0,0,0,0,0,089,089
361190118003001,36,119,011800,3001,0,0,0,0,0,0,0,0,0,0,0,0,0,0,0,0,0,0,0,0,0,0,0,0,0,0,0,0,0,0,0,092,092
361190004033001,36,119,000403,3001,0,0,0,0,0,0,0,0,0,0,0,0,0,0,0,0,0,0,0,0,0,0,0,0,0,0,0,0,0,0,0,089,089
361190102003013,36,119,010200,3013,59,17,19,0,1,0,13,9,59,17,42,17,19,0,1,0,0,5,2,2,0,53,0,0,0,0,0,53,0,0,53,092,092
361190103002010,36,119,010300,2010,0,0,0,0,0,0,0,0,0,0,0,0,0,0,0,0,0,0,0,0,0,0,0,0,0,0,0,0,0,0,0,092,092
361190009002001,36,119,000900,2001,39,28,5,0,0,0,6,0,39,6,33,28,5,0,0,0,0,0,20,17,3,0,0,0,0,0,0,0,0,0,0,092,092
361190008011000,36,119,000801,1000,0,0,0,0,0,0,0,0,0,0,0,0,0,0,0,0,0,0,0,0,0,0,0,0,0,0,0,0,0,0,0,090,090
361190009002005,36,119,000900,2005,0,0,0,0,0,0,0,0,0,0,0,0,0,0,0,0,0,0,0,0,0,0,0,0,0,0,0,0,0,0,0,092,092
361190120001054,36,119,012000,1054,149,124,12,0,3,0,2,8,149,11,138,121,12,0,3,0,0,2,32,20,12,69,0,0,0,0,0,69,0,0,69,092,092
361190120001047,36,119,012000,1047,22,19,0,0,0,0,0,3,22,2,20,18,0,0,0,0,0,2,11,11,0,0,0,0,0,0,0,0,0,0,0,092,092
361190120001035,36,119,012000,1035,24,19,0,0,2,0,3,0,24,3,21,19,0,0,2,0,0,0,7,7,0,0,0,0,0,0,0,0,0,0,0,092,092
361190022024008,36,119,002202,4008,111,65,9,0,13,0,11,13,111,22,89,65,8,0,13,0,1,2,32,29,3,0,0,0,0,0,0,0,0,0,0,090,090
361190022043004,36,119,002204,3004,39,30,0,0,0,0,2,7,39,15,24,23,0,0,0,0,0,1,9,9,0,0,0,0,0,0,0,0,0,0,0,090,090
361190022044006,36,119,002204,4006,21,17,3,0,1,0,0,0,21,1,20,17,2,0,1,0,0,0,8,8,0,0,0,0,0,0,0,0,0,0,0,090,090
361190022022006,36,119,002202,2006,20,9,6,0,3,0,0,2,20,9,11,5,3,0,3,0,0,0,6,6,0,0,0,0,0,0,0,0,0,0,0,090,090
361190022011018,36,119,002201,1018,15,13,0,0,0,0,2,0,15,2,13,13,0,0,0,0,0,0,7,7,0,0,0,0,0,0,0,0,0,0,0,090,090
361190022012020,36,119,002201,2020,21,8,3,0,5,0,5,0,21,1,20,8,3,0,5,0,4,0,5,5,0,0,0,0,0,0,0,0,0,0,0,090,090
361190021033005,36,119,002103,3005,58,43,0,0,2,0,2,11,58,12,46,43,0,0,2,0,0,1,17,17,0,0,0,0,0,0,0,0,0,0,0,090,090
361190021033014,36,119,002103,3014,19,17,0,0,0,0,0,2,19,5,14,14,0,0,0,0,0,0,5,5,0,0,0,0,0,0,0,0,0,0,0,090,090
361190021033018,36,119,002103,3018,61,55,0,0,0,0,0,6,61,3,58,55,0,0,0,0,0,3,16,16,0,0,0,0,0,0,0,0,0,0,0,090,090
361190021033024,36,119,002103,3024,0,0,0,0,0,0,0,0,0,0,0,0,0,0,0,0,0,0,0,0,0,0,0,0,0,0,0,0,0,0,0,090,090
361190109032000,36,119,010903,2000,175,5,68,6,8,0,68,20,175,98,77,3,64,2,8,0,0,0,51,48,3,0,0,0,0,0,0,0,0,0,0,092,092
361190122021015,36,119,012202,1015,61,57,0,0,0,0,1,3,61,7,54,53,0,0,0,0,1,0,19,17,2,0,0,0,0,0,0,0,0,0,0,092,092
361190006012003,36,119,000601,2003,139,7,32,4,0,0,64,32,139,103,36,1,28,1,0,0,0,6,30,30,0,0,0,0,0,0,0,0,0,0,0,090,090
361190005011000,36,119,000501,1000,177,16,30,1,24,0,76,30,177,120,57,7,26,0,24,0,0,0,64,64,0,0,0,0,0,0,0,0,0,0,0,090,090
361190121012020,36,119,012101,2020,0,0,0,0,0,0,0,0,0,0,0,0,0,0,0,0,0,0,0,0,0,0,0,0,0,0,0,0,0,0,0,092,092
361190122023004,36,119,012202,3004,19,14,1,0,0,0,0,4,19,2,17,14,1,0,0,0,0,2,6,3,3,0,0,0,0,0,0,0,0,0,0,092,092
361190122023005,36,119,012202,3005,119,92,5,0,6,0,7,9,119,16,103,85,5,0,6,0,0,7,37,25,12,0,0,0,0,0,0,0,0,0,0,092,092
361190122023044,36,119,012202,3044,18,11,0,1,3,0,1,2,18,5,13,9,0,0,3,0,0,1,4,4,0,0,0,0,0,0,0,0,0,0,0,092,092
361190122023049,36,119,012202,3049,0,0,0,0,0,0,0,0,0,0,0,0,0,0,0,0,0,0,0,0,0,0,0,0,0,0,0,0,0,0,0,092,092
361190122022010,36,119,012202,2010,60,51,0,0,0,0,5,4,60,8,52,51,0,0,0,0,0,1,27,20,7,0,0,0,0,0,0,0,0,0,0,092,092
361190021032009,36,119,002103,2009,8,3,0,0,2,0,0,3,8,3,5,3,0,0,2,0,0,0,1,1,0,0,0,0,0,0,0,0,0,0,0,090,090
361190112004040,36,119,011200,4040,0,0,0,0,0,0,0,0,0,0,0,0,0,0,0,0,0,0,0,0,0,0,0,0,0,0,0,0,0,0,0,092,092
361190110001018,36,119,011000,1018,20,7,0,4,1,0,0,8,20,11,9,7,0,0,1,0,0,1,2,2,0,0,0,0,0,0,0,0,0,0,0,092,092
361190112004003,36,119,011200,4003,0,0,0,0,0,0,0,0,0,0,0,0,0,0,0,0,0,0,0,0,0,0,0,0,0,0,0,0,0,0,0,092,092
361190112004004,36,119,011200,4004,0,0,0,0,0,0,0,0,0,0,0,0,0,0,0,0,0,0,0,0,0,0,0,0,0,0,0,0,0,0,0,092,092
361190110002014,36,119,011000,2014,13,4,3,0,5,0,0,1,13,1,12,3,3,0,5,0,0,1,1,0,1,0,0,0,0,0,0,0,0,0,0,092,092
361190110002015,36,119,011000,2015,0,0,0,0,0,0,0,0,0,0,0,0,0,0,0,0,0,0,0,0,0,0,0,0,0,0,0,0,0,0,0,092,092
361190020004027,36,119,002000,4027,98,72,2,0,5,0,4,15,98,22,76,68,2,0,5,0,0,1,32,32,0,0,0,0,0,0,0,0,0,0,0,090,090
361190022022003,36,119,002202,2003,320,281,10,0,11,0,7,11,320,24,296,272,9,0,11,0,0,4,214,210,4,0,0,0,0,0,0,0,0,0,0,090,090
361190022041005,36,119,002204,1005,19,17,0,0,0,0,0,2,19,4,15,13,0,0,0,0,0,2,3,3,0,0,0,0,0,0,0,0,0,0,0,090,090
361190022041010,36,119,002204,1010,4,2,0,0,0,0,1,1,4,2,2,1,0,0,0,0,1,0,1,1,0,0,0,0,0,0,0,0,0,0,0,090,090
361190019001010,36,119,001900,1010,89,53,6,0,3,0,19,8,89,29,60,48,6,0,3,0,2,1,32,32,0,0,0,0,0,0,0,0,0,0,0,090,090
361190018001002,36,119,001800,1002,70,6,32,3,8,0,7,14,70,22,48,6,29,0,8,0,1,4,22,22,0,0,0,0,0,0,0,0,0,0,0,090,090
361190106003040,36,119,010600,3040,15,11,1,0,1,0,0,2,15,0,15,11,1,0,1,0,0,2,4,0,4,0,0,0,0,0,0,0,0,0,0,092,092
361190106003029,36,119,010600,3029,71,58,1,0,7,0,0,5,71,4,67,58,1,0,7,0,0,1,33,33,0,0,0,0,0,0,0,0,0,0,0,092,092
361190106002009,36,119,010600,2009,39,26,0,0,1,0,3,9,39,9,30,21,0,0,1,0,0,8,16,16,0,0,0,0,0,0,0,0,0,0,0,092,092
361190020004002,36,119,002000,4002,0,0,0,0,0,0,0,0,0,0,0,0,0,0,0,0,0,0,0,0,0,0,0,0,0,0,0,0,0,0,0,090,090
361190021011004,36,119,002101,1004,77,44,3,0,13,0,9,8,77,14,63,43,3,0,13,0,4,0,28,28,0,0,0,0,0,0,0,0,0,0,0,090,090
361190115001007,36,119,011500,1007,0,0,0,0,0,0,0,0,0,0,0,0,0,0,0,0,0,0,0,0,0,0,0,0,0,0,0,0,0,0,0,092,092
361190020004004,36,119,002000,4004,0,0,0,0,0,0,0,0,0,0,0,0,0,0,0,0,0,0,0,0,0,0,0,0,0,0,0,0,0,0,0,090,090
361190026002032,36,119,002600,2032,0,0,0,0,0,0,0,0,0,0,0,0,0,0,0,0,0,0,0,0,0,0,0,0,0,0,0,0,0,0,0,089,089
361190111011015,36,119,011101,1015,0,0,0,0,0,0,0,0,0,0,0,0,0,0,0,0,0,0,0,0,0,0,0,0,0,0,0,0,0,0,0,092,092
361190114013007,36,119,011401,3007,0,0,0,0,0,0,0,0,0,0,0,0,0,0,0,0,0,0,0,0,0,0,0,0,0,0,0,0,0,0,0,092,092
361190111011003,36,119,011101,1003,107,31,12,0,9,0,38,17,107,51,56,31,12,0,8,0,0,5,27,27,0,0,0,0,0,0,0,0,0,0,0,092,092
361190114012001,36,119,011401,2001,0,0,0,0,0,0,0,0,0,0,0,0,0,0,0,0,0,0,0,0,0,0,0,0,0,0,0,0,0,0,0,092,092
361190111011010,36,119,011101,1010,0,0,0,0,0,0,0,0,0,0,0,0,0,0,0,0,0,0,0,0,0,0,0,0,0,0,0,0,0,0,0,092,092
361190111011017,36,119,011101,1017,16,2,1,0,6,0,0,7,16,4,12,1,1,0,6,0,0,4,2,1,1,0,0,0,0,0,0,0,0,0,0,092,092
361190112002006,36,119,011200,2006,0,0,0,0,0,0,0,0,0,0,0,0,0,0,0,0,0,0,0,0,0,0,0,0,0,0,0,0,0,0,0,092,092
361190022031001,36,119,002203,1001,422,260,29,3,51,0,27,52,422,87,335,240,29,1,51,0,0,14,279,275,4,0,0,0,0,0,0,0,0,0,0,090,090
361190022024014,36,119,002202,4014,60,53,2,0,2,0,0,3,60,2,58,53,2,0,2,0,0,1,21,21,0,0,0,0,0,0,0,0,0,0,0,090,090
361190022021003,36,119,002202,1003,37,24,4,0,0,0,1,8,37,8,29,18,4,0,0,0,1,6,7,7,0,0,0,0,0,0,0,0,0,0,0,090,090
361190022044005,36,119,002204,4005,71,55,4,0,8,0,3,1,71,3,68,55,4,0,8,0,0,1,40,39,1,0,0,0,0,0,0,0,0,0,0,090,090
361190022024020,36,119,002202,4020,85,76,0,0,6,0,0,3,85,3,82,76,0,0,6,0,0,0,33,29,4,0,0,0,0,0,0,0,0,0,0,090,090
361190022042012,36,119,002204,2012,109,88,6,0,13,0,0,2,109,11,98,78,6,0,13,0,0,1,0,0,0,109,0,0,0,0,0,109,109,0,0,090,090
361190022012012,36,119,002201,2012,49,32,7,0,8,0,2,0,49,7,42,27,7,0,8,0,0,0,15,15,0,0,0,0,0,0,0,0,0,0,0,090,090
361190022023019,36,119,002202,3019,139,126,5,0,1,0,1,6,139,8,131,121,5,0,1,0,1,3,82,80,2,0,0,0,0,0,0,0,0,0,0,090,090
361190102002013,36,119,010200,2013,0,0,0,0,0,0,0,0,0,0,0,0,0,0,0,0,0,0,0,0,0,0,0,0,0,0,0,0,0,0,0,092,092
361190102003012,36,119,010200,3012,87,72,2,0,8,0,0,5,87,2,85,72,2,0,8,0,0,3,27,27,0,0,0,0,0,0,0,0,0,0,0,092,092
361190009003008,36,119,000900,3008,127,81,6,0,2,0,13,25,127,45,82,73,6,0,2,0,0,1,51,49,2,0,0,0,0,0,0,0,0,0,0,092,092
361190008022002,36,119,000802,2002,81,44,7,2,5,0,12,11,81,22,59,44,7,0,5,0,1,2,26,21,5,0,0,0,0,0,0,0,0,0,0,092,090
361190019001002,36,119,001900,1002,87,61,1,1,1,0,14,9,87,25,62,56,1,0,1,0,0,4,31,25,6,0,0,0,0,0,0,0,0,0,0,090,090
361190021052013,36,119,002105,2013,31,22,0,0,4,0,0,5,31,5,26,20,0,0,4,0,0,2,7,7,0,0,0,0,0,0,0,0,0,0,0,090,090
361190021031016,36,119,002103,1016,33,24,0,0,0,0,0,9,33,8,25,23,0,0,0,0,0,2,11,11,0,0,0,0,0,0,0,0,0,0,0,090,090
361190024053003,36,119,002405,3003,82,36,11,0,9,1,20,5,82,28,54,36,9,0,9,0,0,0,39,37,2,0,0,0,0,0,0,0,0,0,0,090,090
361190120001006,36,119,012000,1006,0,0,0,0,0,0,0,0,0,0,0,0,0,0,0,0,0,0,0,0,0,0,0,0,0,0,0,0,0,0,0,092,092
361190003002002,36,119,000300,2002,65,1,30,4,1,0,12,17,65,23,42,0,27,3,1,0,1,10,41,41,0,0,0,0,0,0,0,0,0,0,0,090,090
361190001011000,36,119,000101,1000,99,2,36,0,7,0,29,25,99,58,41,2,28,0,7,0,0,4,33,33,0,0,0,0,0,0,0,0,0,0,0,089,089
361190001033004,36,119,000103,3004,22,0,1,0,0,0,7,14,22,14,8,0,1,0,0,0,0,7,11,10,1,0,0,0,0,0,0,0,0,0,0,089,089
361190001033003,36,119,000103,3003,133,12,63,4,2,0,34,18,133,67,66,7,54,1,2,0,0,2,36,36,0,0,0,0,0,0,0,0,0,0,0,089,089
361190001011002,36,119,000101,1002,102,9,25,2,1,0,42,23,102,78,24,4,14,0,1,0,4,1,37,36,1,0,0,0,0,0,0,0,0,0,0,089,089
361190001012001,36,119,000101,2001,75,6,6,7,6,0,30,20,75,62,13,5,0,0,6,0,1,1,17,17,0,0,0,0,0,0,0,0,0,0,0,090,090
361190001034005,36,119,000103,4005,0,0,0,0,0,0,0,0,0,0,0,0,0,0,0,0,0,0,0,0,0,0,0,0,0,0,0,0,0,0,0,089,089
361190002022000,36,119,000202,2000,81,16,11,0,23,0,25,6,81,34,47,10,9,0,23,0,4,1,25,17,8,0,0,0,0,0,0,0,0,0,0,089,089
361190002021000,36,119,000202,1000,85,25,19,0,2,0,23,16,85,39,46,17,15,0,2,0,0,12,38,38,0,0,0,0,0,0,0,0,0,0,0,089,089
361190001011003,36,119,000101,1003,1499,109,526,26,19,0,616,203,1499,917,582,52,485,1,19,0,7,18,600,587,13,0,0,0,0,0,0,0,0,0,0,089,089
361190115001021,36,119,011500,1021,0,0,0,0,0,0,0,0,0,0,0,0,0,0,0,0,0,0,0,0,0,0,0,0,0,0,0,0,0,0,0,092,092
361190114022007,36,119,011402,2007,0,0,0,0,0,0,0,0,0,0,0,0,0,0,0,0,0,0,0,0,0,0,0,0,0,0,0,0,0,0,0,092,092
361190114014006,36,119,011401,4006,202,166,4,0,15,0,15,2,202,15,187,165,4,0,15,0,1,2,147,137,10,0,0,0,0,0,0,0,0,0,0,092,092
361190114011019,36,119,011401,1019,48,35,2,0,0,0,0,11,48,9,39,35,2,0,0,0,0,2,29,18,11,0,0,0,0,0,0,0,0,0,0,092,092
361190114011016,36,119,011401,1016,51,44,0,0,0,0,3,4,51,7,44,44,0,0,0,0,0,0,16,16,0,0,0,0,0,0,0,0,0,0,0,092,092
361190121013028,36,119,012101,3028,31,29,0,0,0,0,1,1,31,1,30,29,0,0,0,0,0,1,8,8,0,0,0,0,0,0,0,0,0,0,0,092,092
361190119022000,36,119,011902,2000,109,89,0,0,13,0,3,4,109,9,100,85,0,0,11,0,0,4,42,42,0,0,0,0,0,0,0,0,0,0,0,092,092
361190119022001,36,119,011902,2001,18,14,0,0,1,0,0,3,18,2,16,14,0,0,1,0,0,1,9,9,0,0,0,0,0,0,0,0,0,0,0,092,092
361190119022002,36,119,011902,2002,28,22,2,0,0,0,3,1,28,3,25,22,1,0,0,0,1,1,10,7,3,0,0,0,0,0,0,0,0,0,0,092,092
361190119022016,36,119,011902,2016,17,17,0,0,0,0,0,0,17,1,16,16,0,0,0,0,0,0,12,11,1,0,0,0,0,0,0,0,0,0,0,092,092
361190119022018,36,119,011902,2018,34,24,0,0,3,0,6,1,34,7,27,24,0,0,2,0,0,1,14,14,0,0,0,0,0,0,0,0,0,0,0,092,092
361190119022011,36,119,011902,2011,87,52,2,0,6,0,10,17,87,31,56,47,2,0,6,0,0,1,37,37,0,0,0,0,0,0,0,0,0,0,0,092,092
361190119022010,36,119,011902,2010,60,29,0,0,18,0,0,13,60,7,53,29,0,0,18,0,0,6,29,29,0,0,0,0,0,0,0,0,0,0,0,092,092
361190119022006,36,119,011902,2006,64,43,2,9,3,0,3,4,64,15,49,43,2,0,2,0,0,2,26,26,0,0,0,0,0,0,0,0,0,0,0,092,092
361190119022019,36,119,011902,2019,34,26,6,0,0,0,2,0,34,2,32,26,6,0,0,0,0,0,10,10,0,0,0,0,0,0,0,0,0,0,0,092,092
361190119022024,36,119,011902,2024,43,33,0,2,4,0,0,4,43,2,41,33,0,0,4,0,0,4,16,12,4,0,0,0,0,0,0,0,0,0,0,092,092
361190119022021,36,119,011902,2021,36,27,0,0,1,0,6,2,36,6,30,27,0,0,1,0,2,0,11,10,1,0,0,0,0,0,0,0,0,0,0,092,092
361190119022020,36,119,011902,2020,46,31,0,0,4,0,6,5,46,13,33,25,0,0,4,0,2,2,13,13,0,0,0,0,0,0,0,0,0,0,0,092,092
361190119022023,36,119,011902,2023,47,42,0,0,0,0,0,5,47,6,41,40,0,0,0,0,0,1,16,16,0,0,0,0,0,0,0,0,0,0,0,092,092
361190119022022,36,119,011902,2022,40,29,0,0,1,0,2,8,40,2,38,29,0,0,1,0,2,6,12,12,0,0,0,0,0,0,0,0,0,0,0,092,092
361190119022035,36,119,011902,2035,25,17,0,0,7,0,0,1,25,9,16,11,0,0,4,0,0,1,13,13,0,0,0,0,0,0,0,0,0,0,0,092,092
361190108031007,36,119,010803,1007,86,11,52,0,2,0,11,10,86,16,70,11,52,0,2,0,0,5,28,27,1,0,0,0,0,0,0,0,0,0,0,092,092
361190014034002,36,119,001403,4002,0,0,0,0,0,0,0,0,0,0,0,0,0,0,0,0,0,0,0,0,0,0,0,0,0,0,0,0,0,0,0,089,089
361190122023031,36,119,012202,3031,116,102,0,0,3,0,3,8,116,10,106,102,0,0,3,0,0,1,38,38,0,0,0,0,0,0,0,0,0,0,0,092,092
361190022012000,36,119,002201,2000,1,1,0,0,0,0,0,0,1,0,1,1,0,0,0,0,0,0,1,1,0,0,0,0,0,0,0,0,0,0,0,090,090
361190111022004,36,119,011102,2004,15,7,2,0,3,0,0,3,15,4,11,7,0,0,3,0,0,1,6,6,0,0,0,0,0,0,0,0,0,0,0,092,092
361190111022037,36,119,011102,2037,17,7,4,0,0,0,1,5,17,2,15,7,4,0,0,0,1,3,2,2,0,0,0,0,0,0,0,0,0,0,0,092,092
361190111022025,36,119,011102,2025,108,85,5,0,14,0,2,2,108,2,106,85,5,0,14,0,0,2,44,44,0,0,0,0,0,0,0,0,0,0,0,092,092
361190108012019,36,119,010801,2019,0,0,0,0,0,0,0,0,0,0,0,0,0,0,0,0,0,0,0,0,0,0,0,0,0,0,0,0,0,0,0,092,092
361190118004006,36,119,011800,4006,733,467,154,3,23,0,65,21,733,132,601,423,136,0,23,0,4,15,1,1,0,719,0,0,0,0,0,719,719,0,0,092,092
361190118004004,36,119,011800,4004,0,0,0,0,0,0,0,0,0,0,0,0,0,0,0,0,0,0,0,0,0,0,0,0,0,0,0,0,0,0,0,092,092
361190111011031,36,119,011101,1031,0,0,0,0,0,0,0,0,0,0,0,0,0,0,0,0,0,0,0,0,0,0,0,0,0,0,0,0,0,0,0,092,092
361190119022032,36,119,011902,2032,0,0,0,0,0,0,0,0,0,0,0,0,0,0,0,0,0,0,0,0,0,0,0,0,0,0,0,0,0,0,0,092,092
361190119022005,36,119,011902,2005,65,53,1,1,0,0,4,6,65,11,54,53,1,0,0,0,0,0,24,24,0,0,0,0,0,0,0,0,0,0,0,092,092
361190119021043,36,119,011902,1043,41,33,1,0,4,0,1,2,41,2,39,33,0,0,4,0,0,2,14,14,0,0,0,0,0,0,0,0,0,0,0,092,092
361190119023006,36,119,011902,3006,90,61,0,0,6,0,9,14,90,22,68,59,0,0,6,0,0,3,36,36,0,0,0,0,0,0,0,0,0,0,0,092,092
361190104001004,36,119,010400,1004,22,17,1,0,0,0,1,3,22,4,18,16,0,0,0,0,1,1,4,4,0,0,0,0,0,0,0,0,0,0,0,092,092
361190105004001,36,119,010500,4001,48,36,3,0,3,0,1,5,48,2,46,36,3,0,3,0,1,3,16,15,1,0,0,0,0,0,0,0,0,0,0,092,092
361190021044001,36,119,002104,4001,494,221,67,0,21,0,119,66,494,205,289,195,67,0,21,0,2,4,276,272,4,0,0,0,0,0,0,0,0,0,0,090,090
361190114021002,36,119,011402,1002,46,42,1,0,2,0,0,1,46,1,45,42,1,0,2,0,0,0,13,10,3,0,0,0,0,0,0,0,0,0,0,092,092
361190109032010,36,119,010903,2010,0,0,0,0,0,0,0,0,0,0,0,0,0,0,0,0,0,0,0,0,0,0,0,0,0,0,0,0,0,0,0,092,092
361190013011024,36,119,001301,1024,25,2,0,0,2,0,14,7,25,19,6,2,0,0,2,0,0,2,4,4,0,0,0,0,0,0,0,0,0,0,0,089,089
361190014033001,36,119,001403,3001,21,7,0,0,3,0,5,6,21,9,12,7,0,0,3,0,0,2,7,7,0,0,0,0,0,0,0,0,0,0,0,089,089
361190008013000,36,119,000801,3000,205,93,46,1,6,0,34,25,205,62,143,89,44,1,5,0,0,4,92,92,0,0,0,0,0,0,0,0,0,0,0,090,090
361190016002001,36,119,001600,2001,158,58,18,0,1,0,54,27,158,85,73,52,18,0,1,0,0,2,72,72,0,0,0,0,0,0,0,0,0,0,0,090,090
361190005012006,36,119,000501,2006,140,10,56,4,2,0,34,34,140,78,62,3,56,0,1,0,0,2,56,47,9,0,0,0,0,0,0,0,0,0,0,090,090
361190006012004,36,119,000601,2004,273,41,56,16,3,1,117,39,273,201,72,20,43,0,3,0,1,5,72,70,2,0,0,0,0,0,0,0,0,0,0,090,090
361190104001011,36,119,010400,1011,33,25,0,2,0,0,2,4,33,5,28,25,0,0,0,0,0,3,11,3,8,0,0,0,0,0,0,0,0,0,0,092,092
361190113001015,36,119,011300,1015,21,10,0,0,5,0,0,6,21,1,20,9,0,0,5,0,0,6,4,1,3,0,0,0,0,0,0,0,0,0,0,092,092
361190114022004,36,119,011402,2004,44,17,5,0,3,0,8,11,44,13,31,17,5,0,3,0,2,4,23,12,11,0,0,0,0,0,0,0,0,0,0,092,092
361190020004012,36,119,002000,4012,0,0,0,0,0,0,0,0,0,0,0,0,0,0,0,0,0,0,0,0,0,0,0,0,0,0,0,0,0,0,0,090,090
361190102005004,36,119,010200,5004,245,212,1,0,0,0,2,30,245,6,239,209,1,0,0,0,0,29,92,92,0,0,0,0,0,0,0,0,0,0,0,092,092
361190015021002,36,119,001502,1002,0,0,0,0,0,0,0,0,0,0,0,0,0,0,0,0,0,0,0,0,0,0,0,0,0,0,0,0,0,0,0,089,089
361190107011027,36,119,010701,1027,0,0,0,0,0,0,0,0,0,0,0,0,0,0,0,0,0,0,0,0,0,0,0,0,0,0,0,0,0,0,0,092,092
361190020004018,36,119,002000,4018,0,0,0,0,0,0,0,0,0,0,0,0,0,0,0,0,0,0,0,0,0,0,0,0,0,0,0,0,0,0,0,090,090
361190111022030,36,119,011102,2030,0,0,0,0,0,0,0,0,0,0,0,0,0,0,0,0,0,0,0,0,0,0,0,0,0,0,0,0,0,0,0,092,092
361190108012001,36,119,010801,2001,0,0,0,0,0,0,0,0,0,0,0,0,0,0,0,0,0,0,0,0,0,0,0,0,0,0,0,0,0,0,0,092,092
361190108012008,36,119,010801,2008,54,22,10,0,19,0,2,1,54,3,51,22,9,0,19,0,0,1,26,25,1,0,0,0,0,0,0,0,0,0,0,092,092
361190108012014,36,119,010801,2014,29,9,3,0,8,0,0,9,29,5,24,9,3,0,7,0,0,5,6,6,0,0,0,0,0,0,0,0,0,0,0,092,092
361190024051002,36,119,002405,1002,0,0,0,0,0,0,0,0,0,0,0,0,0,0,0,0,0,0,0,0,0,0,0,0,0,0,0,0,0,0,0,090,090
361190033004005,36,119,003300,4005,239,0,201,0,1,0,26,11,239,31,208,0,201,0,1,0,1,5,100,98,2,0,0,0,0,0,0,0,0,0,0,089,089
361190107024000,36,119,010702,4000,1447,997,50,3,216,0,71,110,1447,159,1288,966,49,3,216,0,13,41,1036,985,51,0,0,0,0,0,0,0,0,0,0,092,092
361190022041016,36,119,002204,1016,7,0,0,2,2,0,0,3,7,5,2,0,0,0,2,0,0,0,1,0,1,0,0,0,0,0,0,0,0,0,0,090,090
361190014021001,36,119,001402,1001,102,84,3,0,3,0,9,3,102,16,86,80,3,0,3,0,0,0,32,29,3,0,0,0,0,0,0,0,0,0,0,090,090
361190014021002,36,119,001402,1002,71,46,2,1,2,0,10,10,71,20,51,43,2,0,2,0,1,3,24,22,2,0,0,0,0,0,0,0,0,0,0,090,090
361190014021005,36,119,001402,1005,39,17,8,0,5,0,6,3,39,6,33,17,8,0,5,0,0,3,14,14,0,0,0,0,0,0,0,0,0,0,0,090,090
361190014022008,36,119,001402,2008,106,62,0,0,14,0,23,7,106,26,80,61,0,0,14,0,4,1,35,35,0,0,0,0,0,0,0,0,0,0,0,090,090
361190014021006,36,119,001402,1006,363,249,22,0,34,0,48,10,363,64,299,239,19,0,34,0,5,2,207,207,0,0,0,0,0,0,0,0,0,0,0,090,090
361190014022002,36,119,001402,2002,76,47,6,0,11,0,6,6,76,12,64,45,6,0,9,0,0,4,17,17,0,0,0,0,0,0,0,0,0,0,0,090,090
361190014034003,36,119,001403,4003,0,0,0,0,0,0,0,0,0,0,0,0,0,0,0,0,0,0,0,0,0,0,0,0,0,0,0,0,0,0,0,089,089
361190014034008,36,119,001403,4008,244,110,29,1,13,0,62,29,244,90,154,102,27,1,12,0,7,5,109,95,14,0,0,0,0,0,0,0,0,0,0,089,089
361190006012006,36,119,000601,2006,167,28,68,1,0,0,44,26,167,98,69,12,53,0,0,0,0,4,71,62,9,0,0,0,0,0,0,0,0,0,0,090,090
361190005012001,36,119,000501,2001,33,8,6,2,0,0,10,7,33,18,15,8,6,0,0,0,1,0,10,10,0,0,0,0,0,0,0,0,0,0,0,090,090
361190005012010,36,119,000501,2010,72,11,27,4,0,0,18,12,72,36,36,9,24,0,0,0,0,3,28,23,5,0,0,0,0,0,0,0,0,0,0,090,090
361190003003000,36,119,000300,3000,132,0,9,7,4,0,98,14,132,120,12,0,7,0,4,0,0,1,36,36,0,0,0,0,0,0,0,0,0,0,0,090,090
361190010002006,36,119,001000,2006,108,32,22,1,0,0,49,4,108,71,37,12,21,1,0,0,1,2,54,54,0,0,0,0,0,0,0,0,0,0,0,090,090
361190011011001,36,119,001101,1001,120,21,38,6,0,0,49,6,120,75,45,16,29,0,0,0,0,0,38,37,1,0,0,0,0,0,0,0,0,0,0,090,090
361190011012001,36,119,001101,2001,170,32,34,2,0,0,83,19,170,132,38,16,22,0,0,0,0,0,51,48,3,0,0,0,0,0,0,0,0,0,0,090,090
361190011012006,36,119,001101,2006,197,13,36,7,2,1,102,36,197,153,44,5,29,0,2,0,2,6,60,55,5,0,0,0,0,0,0,0,0,0,0,090,090
361190121011010,36,119,012101,1010,21,14,0,0,1,0,5,1,21,5,16,14,0,0,1,0,0,1,10,10,0,0,0,0,0,0,0,0,0,0,0,092,092
361190011011002,36,119,001101,1002,468,73,114,11,3,0,206,61,468,328,140,41,92,0,3,0,3,1,148,122,26,0,0,0,0,0,0,0,0,0,0,090,090
361190011012007,36,119,001101,2007,180,37,42,3,0,0,83,15,180,131,49,2,41,0,0,0,4,2,57,57,0,0,0,0,0,0,0,0,0,0,0,090,090
361190011011000,36,119,001101,1000,289,38,64,5,0,0,143,39,289,202,87,28,53,0,0,0,3,3,76,66,10,0,0,0,0,0,0,0,0,0,0,090,090
361190006011000,36,119,000601,1000,0,0,0,0,0,0,0,0,0,0,0,0,0,0,0,0,0,0,0,0,0,0,0,0,0,0,0,0,0,0,0,090,090
361190005012000,36,119,000501,2000,0,0,0,0,0,0,0,0,0,0,0,0,0,0,0,0,0,0,0,0,0,0,0,0,0,0,0,0,0,0,0,090,090
361190008021004,36,119,000802,1004,0,0,0,0,0,0,0,0,0,0,0,0,0,0,0,0,0,0,0,0,0,0,0,0,0,0,0,0,0,0,0,090,090
361190010002002,36,119,001000,2002,37,5,13,0,0,0,16,3,37,21,16,3,13,0,0,0,0,0,13,10,3,0,0,0,0,0,0,0,0,0,0,090,090
361190016004011,36,119,001600,4011,164,58,26,4,1,0,30,45,164,102,62,33,24,0,1,0,0,4,58,51,7,0,0,0,0,0,0,0,0,0,0,090,090
361190010002009,36,119,001000,2009,57,24,10,0,2,0,8,13,57,21,36,21,10,0,0,0,0,5,16,16,0,0,0,0,0,0,0,0,0,0,0,090,090
361190010001002,36,119,001000,1002,133,23,46,2,1,0,35,26,133,72,61,15,43,1,1,0,0,1,55,52,3,0,0,0,0,0,0,0,0,0,0,090,090
361190011021001,36,119,001102,1001,272,31,82,6,10,0,118,25,272,164,108,15,79,0,10,0,1,3,92,86,6,0,0,0,0,0,0,0,0,0,0,090,090
361190011021004,36,119,001102,1004,127,60,23,0,0,0,43,1,127,50,77,52,20,0,0,0,4,1,49,49,0,0,0,0,0,0,0,0,0,0,0,090,090
361190010001000,36,119,001000,1000,240,43,70,7,7,0,87,26,240,123,117,43,64,1,6,0,0,3,89,85,4,0,0,0,0,0,0,0,0,0,0,090,090
361190001032003,36,119,000103,2003,248,34,94,7,0,0,66,47,248,131,117,10,88,0,0,0,11,8,88,80,8,0,0,0,0,0,0,0,0,0,0,089,089
361190001031003,36,119,000103,1003,133,26,61,0,3,1,21,21,133,34,99,19,61,0,3,1,4,11,78,78,0,16,0,0,0,0,0,16,0,0,16,089,089
361190001032004,36,119,000103,2004,121,31,23,0,7,0,48,12,121,63,58,24,20,0,7,0,2,5,34,29,5,0,0,0,0,0,0,0,0,0,0,089,089
361190121013030,36,119,012101,3030,0,0,0,0,0,0,0,0,0,0,0,0,0,0,0,0,0,0,0,0,0,0,0,0,0,0,0,0,0,0,0,092,092
361190110002018,36,119,011000,2018,213,105,36,0,46,0,13,13,213,37,176,94,33,0,46,0,2,1,91,87,4,0,0,0,0,0,0,0,0,0,0,092,092
361190024035000,36,119,002403,5000,0,0,0,0,0,0,0,0,0,0,0,0,0,0,0,0,0,0,0,0,0,0,0,0,0,0,0,0,0,0,0,090,090
361190109032004,36,119,010903,2004,0,0,0,0,0,0,0,0,0,0,0,0,0,0,0,0,0,0,0,0,0,0,0,0,0,0,0,0,0,0,0,092,092
361190104003007,36,119,010400,3007,181,135,4,3,13,0,7,19,181,31,150,126,1,0,13,0,1,9,99,97,2,0,0,0,0,0,0,0,0,0,0,092,092
361190106001008,36,119,010600,1008,725,489,42,0,87,0,18,89,725,91,634,472,40,0,87,0,3,32,314,291,23,55,55,0,0,55,0,0,0,0,0,092,092
361190109034012,36,119,010903,4012,52,4,20,0,19,0,2,7,52,7,45,3,20,0,19,0,0,3,18,18,0,0,0,0,0,0,0,0,0,0,0,092,092
361190111011002,36,119,011101,1002,285,229,22,1,5,0,14,14,285,24,261,228,20,0,5,0,3,5,114,110,4,27,0,0,0,0,0,27,0,0,27,092,092
361190111021021,36,119,011102,1021,18,14,1,0,2,0,1,0,18,1,17,14,1,0,2,0,0,0,4,4,0,0,0,0,0,0,0,0,0,0,0,092,092
361190118003041,36,119,011800,3041,0,0,0,0,0,0,0,0,0,0,0,0,0,0,0,0,0,0,0,0,0,0,0,0,0,0,0,0,0,0,0,092,092
361190121012034,36,119,012101,2034,29,22,1,0,4,0,2,0,29,0,29,22,1,0,4,0,2,0,6,4,2,0,0,0,0,0,0,0,0,0,0,092,092
361190013011017,36,119,001301,1017,54,32,6,0,3,1,5,7,54,15,39,29,4,0,3,0,1,2,18,18,0,0,0,0,0,0,0,0,0,0,0,089,089
361190013021007,36,119,001302,1007,352,42,92,9,12,5,122,70,352,229,123,18,78,2,12,0,3,10,101,101,0,0,0,0,0,0,0,0,0,0,0,089,089
361190013022000,36,119,001302,2000,141,67,15,4,5,0,22,28,141,40,101,65,15,2,5,0,9,5,89,88,1,0,0,0,0,0,0,0,0,0,0,089,089
361190013023002,36,119,001302,3002,391,67,85,8,45,0,135,51,391,211,180,50,80,0,45,0,2,3,165,156,9,0,0,0,0,0,0,0,0,0,0,089,089
361190037003000,36,119,003700,3000,0,0,0,0,0,0,0,0,0,0,0,0,0,0,0,0,0,0,0,0,0,0,0,0,0,0,0,0,0,0,0,089,089
361190013022001,36,119,001302,2001,143,45,20,2,12,0,41,23,143,64,79,42,15,1,12,0,6,3,60,54,6,0,0,0,0,0,0,0,0,0,0,089,089
361190013023000,36,119,001302,3000,393,137,21,6,72,0,108,49,393,187,206,109,17,2,72,0,1,5,148,142,6,0,0,0,0,0,0,0,0,0,0,089,089
361190013011016,36,119,001301,1016,63,36,5,1,6,0,5,10,63,12,51,36,5,0,6,0,0,4,23,23,0,0,0,0,0,0,0,0,0,0,0,089,089
361190013011025,36,119,001301,1025,46,34,3,0,1,0,2,6,46,7,39,33,3,0,1,0,0,2,21,21,0,0,0,0,0,0,0,0,0,0,0,089,089
361190014032004,36,119,001403,2004,51,9,6,0,6,0,16,14,51,34,17,5,2,0,6,0,2,2,6,0,6,0,0,0,0,0,0,0,0,0,0,089,089
361190014014002,36,119,001401,4002,21,5,1,0,4,0,6,5,21,7,14,4,1,0,3,0,3,3,5,1,4,0,0,0,0,0,0,0,0,0,0,090,090
361190024022003,36,119,002402,2003,1049,465,181,2,63,0,189,149,1049,367,682,392,161,1,62,0,21,45,628,589,39,0,0,0,0,0,0,0,0,0,0,090,090
361190008011002,36,119,000801,1002,1048,606,79,7,50,0,179,127,1048,341,707,561,79,5,50,0,2,10,550,525,25,0,0,0,0,0,0,0,0,0,0,090,090
361190008011004,36,119,000801,1004,330,149,64,3,22,0,40,52,330,101,229,134,59,0,22,0,4,10,169,160,9,0,0,0,0,0,0,0,0,0,0,090,090
361190008011001,36,119,000801,1001,0,0,0,0,0,0,0,0,0,0,0,0,0,0,0,0,0,0,0,0,0,0,0,0,0,0,0,0,0,0,0,090,090
361190008015002,36,119,000801,5002,221,120,18,1,24,0,38,20,221,62,159,113,12,1,22,0,3,8,103,102,1,0,0,0,0,0,0,0,0,0,0,090,090
361190007023000,36,119,000702,3000,349,60,120,11,9,0,97,52,349,158,191,53,113,4,8,0,0,13,155,139,16,0,0,0,0,0,0,0,0,0,0,090,090
361190009002018,36,119,000900,2018,0,0,0,0,0,0,0,0,0,0,0,0,0,0,0,0,0,0,0,0,0,0,0,0,0,0,0,0,0,0,0,092,092
361190007012007,36,119,000701,2007,151,90,23,0,11,0,22,5,151,34,117,84,21,0,11,0,0,1,52,52,0,0,0,0,0,0,0,0,0,0,0,090,090
361190007012006,36,119,000701,2006,77,36,12,0,0,0,14,15,77,35,42,31,7,0,0,0,0,4,24,24,0,0,0,0,0,0,0,0,0,0,0,090,090
361190007012004,36,119,000701,2004,88,55,7,0,2,0,17,7,88,29,59,50,3,0,2,0,0,4,28,28,0,0,0,0,0,0,0,0,0,0,0,090,090
361190007012003,36,119,000701,2003,74,40,1,0,9,0,10,14,74,24,50,37,1,0,9,0,3,0,22,20,2,0,0,0,0,0,0,0,0,0,0,092,092
361190008014001,36,119,000801,4001,71,40,17,0,0,0,4,10,71,16,55,40,12,0,0,0,1,2,25,20,5,0,0,0,0,0,0,0,0,0,0,090,090
361190006022001,36,119,000602,2001,336,108,84,2,32,0,82,28,336,118,218,93,83,1,31,0,0,10,138,128,10,7,0,0,0,0,0,7,0,0,7,090,090
361190008015001,36,119,000801,5001,757,391,76,1,103,0,106,80,757,213,544,348,76,1,103,0,0,16,353,353,0,0,0,0,0,0,0,0,0,0,0,090,090
361190008012002,36,119,000801,2002,204,88,30,1,17,0,44,24,204,74,130,72,27,0,17,0,9,5,70,59,11,0,0,0,0,0,0,0,0,0,0,090,090
361190022023015,36,119,002202,3015,28,18,4,0,5,0,1,0,28,1,27,18,4,0,5,0,0,0,7,7,0,0,0,0,0,0,0,0,0,0,0,090,090
361190021033012,36,119,002103,3012,44,42,0,0,0,0,0,2,44,1,43,42,0,0,0,0,0,1,15,15,0,0,0,0,0,0,0,0,0,0,0,090,090
361190021032005,36,119,002103,2005,79,64,2,0,5,0,0,8,79,10,69,62,2,0,5,0,0,0,25,25,0,0,0,0,0,0,0,0,0,0,0,090,090
361190021032007,36,119,002103,2007,46,38,1,0,6,0,0,1,46,0,46,38,1,0,6,0,0,1,16,16,0,0,0,0,0,0,0,0,0,0,0,090,090
361190021033006,36,119,002103,3006,66,63,0,0,0,0,0,3,66,1,65,63,0,0,0,0,0,2,22,22,0,0,0,0,0,0,0,0,0,0,0,090,090
361190021033028,36,119,002103,3028,0,0,0,0,0,0,0,0,0,0,0,0,0,0,0,0,0,0,0,0,0,0,0,0,0,0,0,0,0,0,0,090,090
361190112002002,36,119,011200,2002,44,25,5,1,1,0,4,8,44,12,32,20,5,1,1,0,4,1,15,15,0,0,0,0,0,0,0,0,0,0,0,092,092
361190118003067,36,119,011800,3067,16,13,0,0,0,0,0,3,16,2,14,11,0,0,0,0,0,3,6,6,0,0,0,0,0,0,0,0,0,0,0,092,092
361190035002001,36,119,003500,2001,0,0,0,0,0,0,0,0,0,0,0,0,0,0,0,0,0,0,0,0,0,0,0,0,0,0,0,0,0,0,0,089,089
361190033004003,36,119,003300,4003,143,7,126,1,0,0,1,8,143,14,129,3,123,1,0,0,1,1,43,43,0,0,0,0,0,0,0,0,0,0,0,089,089
361190041003000,36,119,004100,3000,90,5,67,0,0,0,6,12,90,22,68,5,63,0,0,0,0,0,25,25,0,0,0,0,0,0,0,0,0,0,0,089,089
361190034003001,36,119,003400,3001,37,0,27,1,4,0,2,3,37,6,31,0,26,0,4,0,0,1,15,15,0,0,0,0,0,0,0,0,0,0,0,089,089
361190034001006,36,119,003400,1006,199,10,143,0,0,0,23,23,199,40,159,9,141,0,0,0,0,9,62,62,0,0,0,0,0,0,0,0,0,0,0,089,089
361190034003005,36,119,003400,3005,108,2,61,0,8,0,24,13,108,34,74,2,57,0,8,0,0,7,29,29,0,0,0,0,0,0,0,0,0,0,0,089,089
361190109023014,36,119,010902,3014,0,0,0,0,0,0,0,0,0,0,0,0,0,0,0,0,0,0,0,0,0,0,0,0,0,0,0,0,0,0,0,092,092
361190034002002,36,119,003400,2002,119,8,89,0,0,0,8,14,119,18,101,6,87,0,0,0,0,8,39,32,7,0,0,0,0,0,0,0,0,0,0,089,089
361190041001000,36,119,004100,1000,0,0,0,0,0,0,0,0,0,0,0,0,0,0,0,0,0,0,0,0,0,0,0,0,0,0,0,0,0,0,0,089,089
361190119021002,36,119,011902,1002,96,81,0,0,0,0,6,9,96,10,86,78,0,0,0,0,6,2,24,24,0,0,0,0,0,0,0,0,0,0,0,092,092
361190023001022,36,119,002300,1022,0,0,0,0,0,0,0,0,0,0,0,0,0,0,0,0,0,0,0,0,0,0,0,0,0,0,0,0,0,0,0,090,090
361190118004007,36,119,011800,4007,0,0,0,0,0,0,0,0,0,0,0,0,0,0,0,0,0,0,0,0,0,0,0,0,0,0,0,0,0,0,0,092,092
361190118003000,36,119,011800,3000,0,0,0,0,0,0,0,0,0,0,0,0,0,0,0,0,0,0,0,0,0,0,0,0,0,0,0,0,0,0,0,092,092
361190014013008,36,119,001401,3008,46,28,0,0,0,0,15,3,46,14,32,28,0,0,0,0,2,2,21,17,4,0,0,0,0,0,0,0,0,0,0,090,090
361190014022004,36,119,001402,2004,124,93,5,1,12,0,11,2,124,10,114,93,5,0,12,0,2,2,36,32,4,0,0,0,0,0,0,0,0,0,0,090,090
361190014022009,36,119,001402,2009,31,12,1,0,9,0,1,8,31,4,27,10,1,0,9,0,1,6,9,9,0,0,0,0,0,0,0,0,0,0,0,090,090
361190015033001,36,119,001503,3001,82,63,7,0,1,0,4,7,82,13,69,61,7,0,1,0,0,0,25,25,0,0,0,0,0,0,0,0,0,0,0,089,089
361190015033007,36,119,001503,3007,88,77,5,0,3,0,1,2,88,2,86,77,5,0,3,0,0,1,38,31,7,0,0,0,0,0,0,0,0,0,0,089,089
361190106001006,36,119,010600,1006,86,62,3,0,8,0,0,13,86,10,76,62,3,0,8,0,0,3,25,25,0,0,0,0,0,0,0,0,0,0,0,092,092
361190111011018,36,119,011101,1018,0,0,0,0,0,0,0,0,0,0,0,0,0,0,0,0,0,0,0,0,0,0,0,0,0,0,0,0,0,0,0,092,092
361190109024005,36,119,010902,4005,74,21,29,0,14,0,0,10,74,9,65,21,28,0,14,0,0,2,35,35,0,0,0,0,0,0,0,0,0,0,0,092,092
361190009002010,36,119,000900,2010,13,8,4,0,0,0,0,1,13,6,7,7,0,0,0,0,0,0,2,2,0,0,0,0,0,0,0,0,0,0,0,092,092
361190033003000,36,119,003300,3000,109,3,102,0,0,0,1,3,109,10,99,3,94,0,0,0,1,1,35,35,0,0,0,0,0,0,0,0,0,0,0,089,089
361190026002005,36,119,002600,2005,16,1,1,1,0,0,8,5,16,10,6,1,1,0,0,0,2,2,1,1,0,0,0,0,0,0,0,0,0,0,0,089,089
361190026002020,36,119,002600,2020,38,3,30,0,0,0,1,4,38,2,36,3,30,0,0,0,0,3,21,21,0,0,0,0,0,0,0,0,0,0,0,089,089
361190113001000,36,119,011300,1000,13,5,0,1,2,0,1,4,13,2,11,5,0,0,2,0,0,4,3,3,0,0,0,0,0,0,0,0,0,0,0,092,092
361190045001000,36,119,004500,1000,70,61,0,1,2,0,1,5,70,8,62,57,0,0,1,0,1,3,46,46,0,0,0,0,0,0,0,0,0,0,0,089,089
361190151002005,36,119,015100,2005,63,52,2,0,3,0,2,4,63,5,58,52,2,0,3,0,0,1,24,24,0,0,0,0,0,0,0,0,0,0,0,089,089
361190022043010,36,119,002204,3010,389,295,22,0,61,1,8,2,389,35,354,270,22,0,61,0,0,1,8,0,8,379,0,0,0,0,0,379,379,0,0,090,090
361190024011017,36,119,002401,1017,131,84,22,0,3,0,9,13,131,22,109,83,19,0,3,0,1,3,79,75,4,0,0,0,0,0,0,0,0,0,0,090,090
361190024032003,36,119,002403,2003,46,22,3,0,8,0,4,9,46,13,33,22,1,0,8,0,2,0,17,17,0,0,0,0,0,0,0,0,0,0,0,090,090
361190024033005,36,119,002403,3005,73,42,1,0,6,0,14,10,73,21,52,42,1,0,5,0,0,4,31,31,0,0,0,0,0,0,0,0,0,0,0,090,090
361190024033002,36,119,002403,3002,56,37,7,2,1,0,0,9,56,8,48,34,7,0,1,0,0,6,14,12,2,0,0,0,0,0,0,0,0,0,0,090,090
361190024033000,36,119,002403,3000,79,55,0,3,2,0,12,7,79,20,59,53,0,0,2,0,1,3,35,32,3,0,0,0,0,0,0,0,0,0,0,090,090
361190024033003,36,119,002403,3003,54,31,6,0,1,0,8,8,54,17,37,23,6,0,0,0,0,8,25,25,0,0,0,0,0,0,0,0,0,0,0,090,090
361190024032004,36,119,002403,2004,100,54,5,1,7,0,18,15,100,32,68,52,5,1,7,0,0,3,34,34,0,0,0,0,0,0,0,0,0,0,0,090,090
361190024032000,36,119,002403,2000,68,32,8,0,8,0,6,14,68,20,48,32,8,0,8,0,0,0,15,11,4,0,0,0,0,0,0,0,0,0,0,090,090
361190024031005,36,119,002403,1005,280,152,39,0,8,0,59,22,280,91,189,147,31,0,8,0,1,2,118,118,0,0,0,0,0,0,0,0,0,0,0,090,090
361190026003002,36,119,002600,3002,62,4,44,0,0,0,9,5,62,10,52,4,44,0,0,0,0,4,25,25,0,0,0,0,0,0,0,0,0,0,0,089,089
361190026001002,36,119,002600,1002,166,8,140,0,2,0,10,6,166,12,154,8,140,0,2,0,0,4,58,58,0,0,0,0,0,0,0,0,0,0,0,089,089
361190026003001,36,119,002600,3001,112,3,97,1,1,0,8,2,112,13,99,2,87,1,1,0,6,2,38,33,5,0,0,0,0,0,0,0,0,0,0,089,089
361190027002003,36,119,002700,2003,225,15,183,0,6,0,10,11,225,25,200,3,183,0,6,0,2,6,113,93,20,0,0,0,0,0,0,0,0,0,0,089,089
361190027002001,36,119,002700,2001,358,12,328,3,0,0,4,11,358,13,345,7,328,3,0,0,0,7,118,113,5,0,0,0,0,0,0,0,0,0,0,089,089
361190028001005,36,119,002800,1005,197,0,168,0,10,0,0,19,197,22,175,0,162,0,10,0,0,3,96,79,17,0,0,0,0,0,0,0,0,0,0,089,089
361190027002005,36,119,002700,2005,368,0,325,0,3,0,34,6,368,38,330,0,325,0,3,0,0,2,146,145,1,0,0,0,0,0,0,0,0,0,0,089,089
361190027002006,36,119,002700,2006,256,9,239,2,0,0,3,3,256,15,241,1,239,0,0,0,0,1,92,81,11,0,0,0,0,0,0,0,0,0,0,089,089
361190032002005,36,119,003200,2005,172,3,153,0,3,0,10,3,172,11,161,3,153,0,3,0,0,2,74,58,16,0,0,0,0,0,0,0,0,0,0,089,089
361190032002006,36,119,003200,2006,332,0,302,0,10,0,15,5,332,31,301,0,287,0,10,0,0,4,128,128,0,0,0,0,0,0,0,0,0,0,0,089,089
361190027001010,36,119,002700,1010,233,6,192,4,0,1,9,21,233,26,207,2,187,4,0,1,0,13,82,76,6,0,0,0,0,0,0,0,0,0,0,089,089
361190026002007,36,119,002600,2007,239,3,203,0,0,0,23,10,239,37,202,1,195,0,0,0,0,6,99,92,7,0,0,0,0,0,0,0,0,0,0,089,089
361190026001000,36,119,002600,1000,113,0,101,0,0,0,3,9,113,8,105,0,101,0,0,0,3,1,51,42,9,0,0,0,0,0,0,0,0,0,0,089,089
361190026003000,36,119,002600,3000,195,2,186,1,1,0,2,3,195,14,181,0,178,0,0,0,2,1,55,55,0,0,0,0,0,0,0,0,0,0,0,089,089
361190026003008,36,119,002600,3008,114,0,100,0,0,0,0,14,114,7,107,0,99,0,0,0,0,8,34,33,1,0,0,0,0,0,0,0,0,0,0,089,089
361190026002014,36,119,002600,2014,94,2,80,1,0,0,5,6,94,6,88,2,80,1,0,0,0,5,47,47,0,0,0,0,0,0,0,0,0,0,0,089,089
361190026002010,36,119,002600,2010,170,4,129,1,0,0,22,14,170,19,151,2,124,1,0,0,11,13,49,44,5,0,0,0,0,0,0,0,0,0,0,089,089
361190026002011,36,119,002600,2011,54,1,30,0,0,0,18,5,54,19,35,1,25,0,0,0,6,3,14,13,1,0,0,0,0,0,0,0,0,0,0,089,089
361190026002012,36,119,002600,2012,201,4,152,3,11,0,8,23,201,38,163,4,137,3,9,0,1,9,74,64,10,0,0,0,0,0,0,0,0,0,0,089,089
361190026003004,36,119,002600,3004,77,12,62,0,0,0,3,0,77,1,76,12,61,0,0,0,3,0,21,21,0,0,0,0,0,0,0,0,0,0,0,089,089
361190026003006,36,119,002600,3006,0,0,0,0,0,0,0,0,0,0,0,0,0,0,0,0,0,0,0,0,0,0,0,0,0,0,0,0,0,0,0,089,089
361190026002017,36,119,002600,2017,13,0,7,1,0,0,1,4,13,1,12,0,7,1,0,0,0,4,9,9,0,0,0,0,0,0,0,0,0,0,0,089,089
361190026002036,36,119,002600,2036,26,7,13,0,0,0,2,4,26,2,24,7,12,0,0,0,2,3,6,4,2,0,0,0,0,0,0,0,0,0,0,089,089
361190026002037,36,119,002600,2037,52,4,34,0,2,0,10,2,52,14,38,2,32,0,2,0,0,2,11,11,0,0,0,0,0,0,0,0,0,0,0,089,089
361190026002029,36,119,002600,2029,85,1,73,0,0,0,5,6,85,8,77,1,73,0,0,0,0,3,27,27,0,0,0,0,0,0,0,0,0,0,0,089,089
361190026002035,36,119,002600,2035,24,3,12,0,4,0,2,3,24,5,19,0,12,0,4,0,0,3,8,8,0,0,0,0,0,0,0,0,0,0,0,089,089
361190026002031,36,119,002600,2031,0,0,0,0,0,0,0,0,0,0,0,0,0,0,0,0,0,0,0,0,0,0,0,0,0,0,0,0,0,0,0,089,089
361190121021025,36,119,012102,1025,0,0,0,0,0,0,0,0,0,0,0,0,0,0,0,0,0,0,0,0,0,0,0,0,0,0,0,0,0,0,0,092,092
361190122022016,36,119,012202,2016,50,40,4,0,3,0,0,3,50,3,47,40,4,0,3,0,0,0,18,14,4,0,0,0,0,0,0,0,0,0,0,092,092
361190007022000,36,119,000702,2000,0,0,0,0,0,0,0,0,0,0,0,0,0,0,0,0,0,0,0,0,0,0,0,0,0,0,0,0,0,0,0,090,092
361190020001006,36,119,002000,1006,158,92,1,2,13,0,16,34,158,58,100,86,1,0,10,0,0,3,49,42,7,0,0,0,0,0,0,0,0,0,0,090,090
361190020001007,36,119,002000,1007,76,39,1,1,22,0,5,8,76,14,62,39,0,0,22,0,0,1,22,14,8,0,0,0,0,0,0,0,0,0,0,090,090
361190021013004,36,119,002101,3004,105,53,4,0,30,0,3,15,105,20,85,53,2,0,27,0,0,3,37,37,0,0,0,0,0,0,0,0,0,0,0,090,090
361190021051016,36,119,002105,1016,250,190,19,0,30,0,8,3,250,10,240,188,19,0,30,0,0,3,109,98,11,81,0,0,0,0,0,81,0,0,81,090,090
361190021042011,36,119,002104,2011,65,42,3,0,7,0,7,6,65,16,49,38,3,0,7,0,1,0,22,22,0,0,0,0,0,0,0,0,0,0,0,090,090
361190021042022,36,119,002104,2022,22,7,0,0,8,0,0,7,22,5,17,7,0,0,8,0,0,2,8,8,0,0,0,0,0,0,0,0,0,0,0,090,090
361190021071006,36,119,002107,1006,103,85,3,0,14,0,0,1,103,5,98,82,2,0,14,0,0,0,36,28,8,0,0,0,0,0,0,0,0,0,0,090,090
361190102005002,36,119,010200,5002,0,0,0,0,0,0,0,0,0,0,0,0,0,0,0,0,0,0,0,0,0,0,0,0,0,0,0,0,0,0,0,092,092
361190114012002,36,119,011401,2002,0,0,0,0,0,0,0,0,0,0,0,0,0,0,0,0,0,0,0,0,0,0,0,0,0,0,0,0,0,0,0,092,092
361190113002000,36,119,011300,2000,22,14,0,0,0,0,0,8,22,4,18,10,0,0,0,0,0,8,3,3,0,0,0,0,0,0,0,0,0,0,0,092,092
361190109023023,36,119,010902,3023,0,0,0,0,0,0,0,0,0,0,0,0,0,0,0,0,0,0,0,0,0,0,0,0,0,0,0,0,0,0,0,092,092
361190110002025,36,119,011000,2025,9,3,2,0,0,0,0,4,9,3,6,3,2,0,0,0,0,1,4,4,0,0,0,0,0,0,0,0,0,0,0,092,092
361190120003000,36,119,012000,3000,27,19,0,0,2,0,6,0,27,7,20,18,0,0,2,0,0,0,28,28,0,0,0,0,0,0,0,0,0,0,0,092,092
361190109034013,36,119,010903,4013,27,4,12,0,0,0,9,2,27,14,13,1,12,0,0,0,0,0,11,11,0,0,0,0,0,0,0,0,0,0,0,092,092
361190107013006,36,119,010701,3006,0,0,0,0,0,0,0,0,0,0,0,0,0,0,0,0,0,0,0,0,0,0,0,0,0,0,0,0,0,0,0,092,092
361190112002011,36,119,011200,2011,0,0,0,0,0,0,0,0,0,0,0,0,0,0,0,0,0,0,0,0,0,0,0,0,0,0,0,0,0,0,0,092,092
361190112004019,36,119,011200,4019,0,0,0,0,0,0,0,0,0,0,0,0,0,0,0,0,0,0,0,0,0,0,0,0,0,0,0,0,0,0,0,092,092
361190014022012,36,119,001402,2012,0,0,0,0,0,0,0,0,0,0,0,0,0,0,0,0,0,0,0,0,0,0,0,0,0,0,0,0,0,0,0,089,089
361190014022013,36,119,001402,2013,0,0,0,0,0,0,0,0,0,0,0,0,0,0,0,0,0,0,0,0,0,0,0,0,0,0,0,0,0,0,0,089,089
361190014022010,36,119,001402,2010,0,0,0,0,0,0,0,0,0,0,0,0,0,0,0,0,0,0,0,0,0,0,0,0,0,0,0,0,0,0,0,089,089
361190014022000,36,119,001402,2000,14,8,0,1,3,0,0,2,14,2,12,8,0,0,3,0,0,1,5,5,0,0,0,0,0,0,0,0,0,0,0,090,090
361190015033000,36,119,001503,3000,28,9,9,0,3,0,2,5,28,9,19,9,6,0,3,0,0,1,10,9,1,0,0,0,0,0,0,0,0,0,0,089,089
361190014034010,36,119,001403,4010,0,0,0,0,0,0,0,0,0,0,0,0,0,0,0,0,0,0,0,0,0,0,0,0,0,0,0,0,0,0,0,089,089
361190015033002,36,119,001503,3002,53,47,2,0,0,0,2,2,53,4,49,47,2,0,0,0,0,0,16,6,10,0,0,0,0,0,0,0,0,0,0,089,089
361190015032003,36,119,001503,2003,42,21,0,0,3,0,5,13,42,18,24,19,0,0,3,0,2,0,14,14,0,0,0,0,0,0,0,0,0,0,0,089,089
361190015033004,36,119,001503,3004,99,82,0,0,3,0,3,11,99,15,84,80,0,0,3,0,0,1,30,19,11,0,0,0,0,0,0,0,0,0,0,089,089
361190015033010,36,119,001503,3010,27,20,1,0,2,0,0,4,27,4,23,20,1,0,2,0,0,0,7,7,0,0,0,0,0,0,0,0,0,0,0,089,089
361190014012010,36,119,001401,2010,0,0,0,0,0,0,0,0,0,0,0,0,0,0,0,0,0,0,0,0,0,0,0,0,0,0,0,0,0,0,0,090,090
361190014013013,36,119,001401,3013,33,21,3,1,5,0,2,1,33,3,30,20,3,0,5,0,1,1,8,8,0,0,0,0,0,0,0,0,0,0,0,090,090
361190014012006,36,119,001401,2006,56,21,1,0,10,0,9,15,56,23,33,21,1,0,10,0,0,1,26,21,5,0,0,0,0,0,0,0,0,0,0,090,090
361190014013012,36,119,001401,3012,77,51,0,2,1,0,3,20,77,24,53,42,0,0,1,0,0,10,21,21,0,14,0,0,0,0,0,14,0,0,14,090,090
361190015033005,36,119,001503,3005,101,71,0,0,11,0,5,14,101,18,83,71,0,0,11,0,0,1,38,38,0,0,0,0,0,0,0,0,0,0,0,089,089
361190015033006,36,119,001503,3006,102,88,0,0,9,0,0,5,102,9,93,84,0,0,9,0,0,0,44,44,0,0,0,0,0,0,0,0,0,0,0,089,089
361190106003011,36,119,010600,3011,0,0,0,0,0,0,0,0,0,0,0,0,0,0,0,0,0,0,0,0,0,0,0,0,0,0,0,0,0,0,0,092,092
361190014012011,36,119,001401,2011,0,0,0,0,0,0,0,0,0,0,0,0,0,0,0,0,0,0,0,0,0,0,0,0,0,0,0,0,0,0,0,090,090
361190014011006,36,119,001401,1006,81,55,5,0,8,0,9,4,81,30,51,42,1,0,8,0,0,0,26,11,15,0,0,0,0,0,0,0,0,0,0,090,090
361190024052001,36,119,002405,2001,99,59,0,0,11,0,15,14,99,22,77,59,0,0,11,0,5,2,42,38,4,0,0,0,0,0,0,0,0,0,0,090,090
361190024052007,36,119,002405,2007,137,65,5,0,12,0,47,8,137,47,90,64,5,0,12,0,8,1,55,52,3,0,0,0,0,0,0,0,0,0,0,090,090
361190014011005,36,119,001401,1005,83,60,0,0,2,0,13,8,83,22,61,58,0,0,2,0,0,1,33,33,0,0,0,0,0,0,0,0,0,0,0,090,090
361190024052006,36,119,002405,2006,208,96,15,0,4,0,74,19,208,108,100,79,15,0,4,0,0,2,74,62,12,0,0,0,0,0,0,0,0,0,0,090,090
361190024052000,36,119,002405,2000,55,28,7,0,1,0,18,1,55,18,37,26,7,0,0,0,4,0,29,27,2,0,0,0,0,0,0,0,0,0,0,090,090
361190024053006,36,119,002405,3006,37,23,3,0,3,0,7,1,37,9,28,23,2,0,3,0,0,0,17,17,0,0,0,0,0,0,0,0,0,0,0,090,090
361190024052005,36,119,002405,2005,262,147,35,1,14,0,27,38,262,77,185,138,31,0,12,0,4,0,97,97,0,0,0,0,0,0,0,0,0,0,0,090,090
361190106001011,36,119,010600,1011,16,7,0,0,8,0,0,1,16,0,16,7,0,0,8,0,0,1,6,6,0,0,0,0,0,0,0,0,0,0,0,092,092
361190108041018,36,119,010804,1018,169,135,15,0,5,0,0,14,169,9,160,133,15,0,5,0,0,7,97,95,2,0,0,0,0,0,0,0,0,0,0,092,092
361190108041025,36,119,010804,1025,0,0,0,0,0,0,0,0,0,0,0,0,0,0,0,0,0,0,0,0,0,0,0,0,0,0,0,0,0,0,0,092,092
361190108041015,36,119,010804,1015,36,13,4,0,4,0,7,8,36,18,18,12,0,0,4,0,0,2,8,8,0,0,0,0,0,0,0,0,0,0,0,092,092
361190108041014,36,119,010804,1014,31,14,2,1,3,0,2,9,31,10,21,12,2,0,3,0,0,4,10,10,0,0,0,0,0,0,0,0,0,0,0,092,092
361190108041010,36,119,010804,1010,37,21,3,0,7,1,5,0,37,4,33,21,3,0,7,1,1,0,17,16,1,0,0,0,0,0,0,0,0,0,0,092,092
361190108041011,36,119,010804,1011,29,17,6,0,1,0,1,4,29,13,16,12,3,0,1,0,0,0,7,7,0,0,0,0,0,0,0,0,0,0,0,092,092
361190121022014,36,119,012102,2014,11,8,0,0,0,0,1,2,11,4,7,7,0,0,0,0,0,0,4,4,0,0,0,0,0,0,0,0,0,0,0,092,092
361190121013013,36,119,012101,3013,204,184,0,0,7,0,0,13,204,19,185,178,0,0,7,0,0,0,76,76,0,0,0,0,0,0,0,0,0,0,0,092,092
361190118003002,36,119,011800,3002,43,29,1,0,13,0,0,0,43,0,43,29,1,0,13,0,0,0,14,14,0,0,0,0,0,0,0,0,0,0,0,092,092
361190118003018,36,119,011800,3018,0,0,0,0,0,0,0,0,0,0,0,0,0,0,0,0,0,0,0,0,0,0,0,0,0,0,0,0,0,0,0,092,092
361190122011000,36,119,012201,1000,0,0,0,0,0,0,0,0,0,0,0,0,0,0,0,0,0,0,0,0,0,0,0,0,0,0,0,0,0,0,0,092,092
361190121012002,36,119,012101,2002,8,3,0,0,2,0,2,1,8,3,5,3,0,0,2,0,0,0,2,2,0,0,0,0,0,0,0,0,0,0,0,092,092
361190121012005,36,119,012101,2005,11,10,0,0,0,0,0,1,11,0,11,10,0,0,0,0,0,1,3,3,0,0,0,0,0,0,0,0,0,0,0,092,092
361190121012014,36,119,012101,2014,16,10,0,0,0,0,1,5,16,6,10,10,0,0,0,0,0,0,4,4,0,0,0,0,0,0,0,0,0,0,0,092,092
361190121011003,36,119,012101,1003,0,0,0,0,0,0,0,0,0,0,0,0,0,0,0,0,0,0,0,0,0,0,0,0,0,0,0,0,0,0,0,092,092
361190122013013,36,119,012201,3013,204,28,142,2,1,0,18,13,204,72,132,9,114,2,1,0,0,6,9,9,0,167,167,0,167,0,0,0,0,0,0,092,092
361190121012041,36,119,012101,2041,6,3,0,0,0,0,0,3,6,4,2,2,0,0,0,0,0,0,2,2,0,0,0,0,0,0,0,0,0,0,0,092,092
361190118004023,36,119,011800,4023,0,0,0,0,0,0,0,0,0,0,0,0,0,0,0,0,0,0,0,0,0,0,0,0,0,0,0,0,0,0,0,092,092
361190122012007,36,119,012201,2007,26,21,0,0,4,0,0,1,26,1,25,21,0,0,4,0,0,0,11,11,0,0,0,0,0,0,0,0,0,0,0,092,092
361190122022011,36,119,012202,2011,67,51,6,0,3,0,1,6,67,4,63,51,6,0,3,0,0,3,23,23,0,0,0,0,0,0,0,0,0,0,0,092,092
361190122022008,36,119,012202,2008,31,18,3,0,0,0,4,6,31,9,22,18,3,0,0,0,0,1,8,8,0,0,0,0,0,0,0,0,0,0,0,092,092
361190122023045,36,119,012202,3045,18,4,1,0,2,0,6,5,18,7,11,4,1,0,2,0,0,4,1,1,0,0,0,0,0,0,0,0,0,0,0,092,092
361190001033000,36,119,000103,3000,0,0,0,0,0,0,0,0,0,0,0,0,0,0,0,0,0,0,0,0,0,0,0,0,0,0,0,0,0,0,0,089,089
361190118003014,36,119,011800,3014,29,21,0,0,0,0,0,8,29,1,28,21,0,0,0,0,0,7,6,6,0,0,0,0,0,0,0,0,0,0,0,092,092
361190111013010,36,119,011101,3010,127,33,35,0,39,0,11,9,127,17,110,33,35,0,39,0,0,3,43,43,0,0,0,0,0,0,0,0,0,0,0,092,092
361190109021005,36,119,010902,1005,16,2,5,0,0,0,3,6,16,7,9,0,5,0,0,0,3,1,1,1,0,0,0,0,0,0,0,0,0,0,0,092,092
361190022044000,36,119,002204,4000,0,0,0,0,0,0,0,0,0,0,0,0,0,0,0,0,0,0,0,0,0,0,0,0,0,0,0,0,0,0,0,090,090
361190021051010,36,119,002105,1010,0,0,0,0,0,0,0,0,0,0,0,0,0,0,0,0,0,0,0,0,0,0,0,0,0,0,0,0,0,0,0,090,090
361190121022025,36,119,012102,2025,37,35,0,0,2,0,0,0,37,2,35,33,0,0,2,0,0,0,14,14,0,0,0,0,0,0,0,0,0,0,0,092,092
361190113005007,36,119,011300,5007,0,0,0,0,0,0,0,0,0,0,0,0,0,0,0,0,0,0,0,0,0,0,0,0,0,0,0,0,0,0,0,092,092
361190119022026,36,119,011902,2026,0,0,0,0,0,0,0,0,0,0,0,0,0,0,0,0,0,0,0,0,0,0,0,0,0,0,0,0,0,0,0,092,092
361190021061001,36,119,002106,1001,1106,225,398,4,221,0,197,61,1106,296,810,199,366,0,221,0,6,18,424,408,16,0,0,0,0,0,0,0,0,0,0,090,090
361190106003037,36,119,010600,3037,0,0,0,0,0,0,0,0,0,0,0,0,0,0,0,0,0,0,0,0,0,0,0,0,0,0,0,0,0,0,0,092,092
361190024051001,36,119,002405,1001,0,0,0,0,0,0,0,0,0,0,0,0,0,0,0,0,0,0,0,0,0,0,0,0,0,0,0,0,0,0,0,090,090
361190120002058,36,119,012000,2058,0,0,0,0,0,0,0,0,0,0,0,0,0,0,0,0,0,0,0,0,0,0,0,0,0,0,0,0,0,0,0,092,092
361190119022028,36,119,011902,2028,0,0,0,0,0,0,0,0,0,0,0,0,0,0,0,0,0,0,0,0,0,0,0,0,0,0,0,0,0,0,0,092,092
361190119023002,36,119,011902,3002,0,0,0,0,0,0,0,0,0,0,0,0,0,0,0,0,0,0,0,0,0,0,0,0,0,0,0,0,0,0,0,092,092
361190109021006,36,119,010902,1006,12,6,1,2,3,0,0,0,12,2,10,6,1,0,3,0,0,0,4,3,1,0,0,0,0,0,0,0,0,0,0,092,092
361190110001021,36,119,011000,1021,22,5,2,4,0,0,0,11,22,15,7,5,2,0,0,0,0,0,2,0,2,0,0,0,0,0,0,0,0,0,0,092,092
361190110001010,36,119,011000,1010,28,2,11,1,0,0,6,8,28,14,14,2,11,0,0,0,0,1,12,11,1,0,0,0,0,0,0,0,0,0,0,092,092
361190110001009,36,119,011000,1009,49,2,25,0,2,0,7,13,49,13,36,2,25,0,2,0,1,6,19,19,0,0,0,0,0,0,0,0,0,0,0,092,092
361190111011011,36,119,011101,1011,0,0,0,0,0,0,0,0,0,0,0,0,0,0,0,0,0,0,0,0,0,0,0,0,0,0,0,0,0,0,0,092,092
361190024042006,36,119,002404,2006,104,41,13,0,17,0,13,20,104,32,72,41,13,0,17,0,0,1,29,29,0,0,0,0,0,0,0,0,0,0,0,090,090
361190015043003,36,119,001504,3003,0,0,0,0,0,0,0,0,0,0,0,0,0,0,0,0,0,0,0,0,0,0,0,0,0,0,0,0,0,0,0,089,089
361190024034015,36,119,002403,4015,59,25,12,0,14,0,1,7,59,7,52,25,8,0,14,0,0,5,15,15,0,0,0,0,0,0,0,0,0,0,0,090,090
361190015051002,36,119,001505,1002,0,0,0,0,0,0,0,0,0,0,0,0,0,0,0,0,0,0,0,0,0,0,0,0,0,0,0,0,0,0,0,089,089
361190021052006,36,119,002105,2006,23,17,0,0,1,0,3,2,23,5,18,17,0,0,1,0,0,0,7,7,0,0,0,0,0,0,0,0,0,0,0,090,090
361190102003009,36,119,010200,3009,157,140,3,0,9,0,4,1,157,7,150,140,0,0,9,0,0,1,56,56,0,0,0,0,0,0,0,0,0,0,0,092,092
361190106002003,36,119,010600,2003,48,30,0,0,11,0,0,7,48,2,46,30,0,0,11,0,0,5,13,13,0,0,0,0,0,0,0,0,0,0,0,092,092
361190105005015,36,119,010500,5015,70,54,0,0,4,0,1,11,70,6,64,53,0,0,4,0,0,7,22,22,0,0,0,0,0,0,0,0,0,0,0,092,092
361190102001002,36,119,010200,1002,6,2,0,0,4,0,0,0,6,0,6,2,0,0,4,0,0,0,1,1,0,0,0,0,0,0,0,0,0,0,0,092,092
361190102005031,36,119,010200,5031,0,0,0,0,0,0,0,0,0,0,0,0,0,0,0,0,0,0,0,0,0,0,0,0,0,0,0,0,0,0,0,092,092
361190102005007,36,119,010200,5007,75,63,0,0,0,0,3,9,75,5,70,63,0,0,0,0,0,7,25,25,0,0,0,0,0,0,0,0,0,0,0,092,092
361190014014005,36,119,001401,4005,94,48,9,0,2,0,27,8,94,35,59,45,7,0,2,0,2,3,38,38,0,0,0,0,0,0,0,0,0,0,0,090,090
361190041003009,36,119,004100,3009,0,0,0,0,0,0,0,0,0,0,0,0,0,0,0,0,0,0,0,0,0,0,0,0,0,0,0,0,0,0,0,089,089
361190024041002,36,119,002404,1002,0,0,0,0,0,0,0,0,0,0,0,0,0,0,0,0,0,0,0,0,0,0,0,0,0,0,0,0,0,0,0,090,090
361190024031010,36,119,002403,1010,0,0,0,0,0,0,0,0,0,0,0,0,0,0,0,0,0,0,0,0,0,0,0,0,0,0,0,0,0,0,0,090,090
361190111021015,36,119,011102,1015,0,0,0,0,0,0,0,0,0,0,0,0,0,0,0,0,0,0,0,0,0,0,0,0,0,0,0,0,0,0,0,092,092
361190026002039,36,119,002600,2039,35,2,17,0,0,2,11,3,35,14,21,0,14,0,0,0,5,2,5,5,0,12,12,0,12,0,0,0,0,0,0,089,089
361190026002001,36,119,002600,2001,0,0,0,0,0,0,0,0,0,0,0,0,0,0,0,0,0,0,0,0,0,0,0,0,0,0,0,0,0,0,0,089,089
361190033002005,36,119,003300,2005,127,7,105,0,4,0,8,3,127,13,114,6,101,0,4,0,0,3,46,38,8,0,0,0,0,0,0,0,0,0,0,089,089
361190033002007,36,119,003300,2007,99,1,90,0,1,0,3,4,99,6,93,1,90,0,1,0,0,1,28,26,2,0,0,0,0,0,0,0,0,0,0,089,089
361190109023031,36,119,010902,3031,0,0,0,0,0,0,0,0,0,0,0,0,0,0,0,0,0,0,0,0,0,0,0,0,0,0,0,0,0,0,0,092,092
361190009001014,36,119,000900,1014,0,0,0,0,0,0,0,0,0,0,0,0,0,0,0,0,0,0,0,0,0,0,0,0,0,0,0,0,0,0,0,092,092
361190008022005,36,119,000802,2005,76,46,8,1,4,0,6,11,76,20,56,43,3,1,4,0,2,3,30,27,3,0,0,0,0,0,0,0,0,0,0,092,090
361190021052016,36,119,002105,2016,43,36,0,0,3,0,1,3,43,8,35,28,0,0,3,0,1,3,10,10,0,0,0,0,0,0,0,0,0,0,0,090,090
361190021052007,36,119,002105,2007,47,24,0,0,13,0,5,5,47,9,38,24,0,0,13,0,0,1,13,13,0,0,0,0,0,0,0,0,0,0,0,090,090
361190024053005,36,119,002405,3005,84,35,2,0,22,0,12,13,84,24,60,35,2,0,22,0,0,1,34,31,3,0,0,0,0,0,0,0,0,0,0,090,090
361190024053012,36,119,002405,3012,0,0,0,0,0,0,0,0,0,0,0,0,0,0,0,0,0,0,0,0,0,0,0,0,0,0,0,0,0,0,0,090,090
361190024041000,36,119,002404,1000,0,0,0,0,0,0,0,0,0,0,0,0,0,0,0,0,0,0,0,0,0,0,0,0,0,0,0,0,0,0,0,090,090
361190015023003,36,119,001502,3003,153,93,11,0,19,0,10,20,153,23,130,91,11,0,19,0,1,8,60,60,0,0,0,0,0,0,0,0,0,0,0,089,089
361190015023001,36,119,001502,3001,150,122,9,1,4,0,8,6,150,14,136,120,9,1,2,0,0,4,51,46,5,0,0,0,0,0,0,0,0,0,0,089,089
361190024034005,36,119,002403,4005,96,32,15,0,2,0,24,23,96,47,49,30,10,0,2,0,0,7,31,24,7,0,0,0,0,0,0,0,0,0,0,090,090
361190015051006,36,119,001505,1006,291,161,32,2,14,0,47,35,291,94,197,139,29,0,13,0,6,10,195,191,4,0,0,0,0,0,0,0,0,0,0,089,089
361190121013015,36,119,012101,3015,0,0,0,0,0,0,0,0,0,0,0,0,0,0,0,0,0,0,0,0,0,0,0,0,0,0,0,0,0,0,0,092,092
361190102002012,36,119,010200,2012,0,0,0,0,0,0,0,0,0,0,0,0,0,0,0,0,0,0,0,0,0,0,0,0,0,0,0,0,0,0,0,092,092
361190102005024,36,119,010200,5024,55,41,4,0,3,0,0,7,55,3,52,41,4,0,3,0,0,4,15,15,0,0,0,0,0,0,0,0,0,0,0,092,092
361190021032019,36,119,002103,2019,24,17,2,0,2,0,0,3,24,3,21,17,2,0,2,0,0,0,10,10,0,0,0,0,0,0,0,0,0,0,0,090,090
361190111011023,36,119,011101,1023,0,0,0,0,0,0,0,0,0,0,0,0,0,0,0,0,0,0,0,0,0,0,0,0,0,0,0,0,0,0,0,092,092
361190109031008,36,119,010903,1008,59,7,23,1,0,0,20,8,59,26,33,5,23,0,0,0,0,5,15,15,0,0,0,0,0,0,0,0,0,0,0,092,092
361190119023013,36,119,011902,3013,0,0,0,0,0,0,0,0,0,0,0,0,0,0,0,0,0,0,0,0,0,0,0,0,0,0,0,0,0,0,0,092,092
361190015022002,36,119,001502,2002,76,51,5,0,4,0,7,9,76,18,58,47,5,0,4,0,0,2,27,27,0,0,0,0,0,0,0,0,0,0,0,089,089
361190111011029,36,119,011101,1029,0,0,0,0,0,0,0,0,0,0,0,0,0,0,0,0,0,0,0,0,0,0,0,0,0,0,0,0,0,0,0,092,092
361190111011032,36,119,011101,1032,0,0,0,0,0,0,0,0,0,0,0,0,0,0,0,0,0,0,0,0,0,0,0,0,0,0,0,0,0,0,0,092,092
361190007011003,36,119,000701,1003,33,12,12,0,2,0,4,3,33,8,25,12,11,0,2,0,0,0,15,15,0,0,0,0,0,0,0,0,0,0,0,089,089
361190107011026,36,119,010701,1026,0,0,0,0,0,0,0,0,0,0,0,0,0,0,0,0,0,0,0,0,0,0,0,0,0,0,0,0,0,0,0,092,092
361190017011005,36,119,001701,1005,0,0,0,0,0,0,0,0,0,0,0,0,0,0,0,0,0,0,0,0,0,0,0,0,0,0,0,0,0,0,0,090,090
361190118003040,36,119,011800,3040,0,0,0,0,0,0,0,0,0,0,0,0,0,0,0,0,0,0,0,0,0,0,0,0,0,0,0,0,0,0,0,092,092
361190102001013,36,119,010200,1013,39,33,0,0,0,0,1,5,39,5,34,29,0,0,0,0,1,4,10,10,0,0,0,0,0,0,0,0,0,0,0,092,092
361190102001012,36,119,010200,1012,12,10,0,0,2,0,0,0,12,0,12,10,0,0,2,0,0,0,9,9,0,0,0,0,0,0,0,0,0,0,0,092,092
361190102001015,36,119,010200,1015,38,28,0,0,6,0,0,4,38,4,34,28,0,0,6,0,0,0,10,10,0,0,0,0,0,0,0,0,0,0,0,092,092
361190102005027,36,119,010200,5027,75,66,1,0,2,0,0,6,75,0,75,66,1,0,2,0,0,6,26,26,0,0,0,0,0,0,0,0,0,0,0,092,092
361190102005023,36,119,010200,5023,16,15,0,0,0,0,0,1,16,1,15,15,0,0,0,0,0,0,7,7,0,0,0,0,0,0,0,0,0,0,0,092,092
361190102005030,36,119,010200,5030,63,58,1,0,2,0,0,2,63,6,57,53,1,0,2,0,0,1,21,18,3,0,0,0,0,0,0,0,0,0,0,092,092
361190102004002,36,119,010200,4002,385,304,8,0,23,0,2,48,385,40,345,303,8,0,23,0,0,11,150,150,0,0,0,0,0,0,0,0,0,0,0,092,092
361190102005021,36,119,010200,5021,43,37,0,0,1,0,3,2,43,3,40,37,0,0,1,0,0,2,16,16,0,0,0,0,0,0,0,0,0,0,0,092,092
361190102005005,36,119,010200,5005,52,42,0,0,1,0,2,7,52,6,46,40,0,0,1,0,0,5,19,19,0,0,0,0,0,0,0,0,0,0,0,092,092
361190102004006,36,119,010200,4006,41,30,0,0,0,0,4,7,41,10,31,30,0,0,0,0,0,1,16,16,0,0,0,0,0,0,0,0,0,0,0,092,092
361190102004000,36,119,010200,4000,40,31,1,0,0,0,0,8,40,4,36,27,1,0,0,0,0,8,12,9,3,0,0,0,0,0,0,0,0,0,0,092,092
361190102004003,36,119,010200,4003,68,57,1,0,4,0,0,6,68,7,61,53,1,0,4,0,0,3,18,18,0,0,0,0,0,0,0,0,0,0,0,092,092
361190102004008,36,119,010200,4008,66,50,0,1,1,0,0,14,66,2,64,50,0,0,1,0,0,13,17,17,0,0,0,0,0,0,0,0,0,0,0,092,092
361190102004009,36,119,010200,4009,45,35,0,0,7,0,0,3,45,2,43,33,0,0,7,0,0,3,19,11,8,0,0,0,0,0,0,0,0,0,0,092,092
361190102004010,36,119,010200,4010,130,119,0,0,5,0,0,6,130,9,121,115,0,0,5,0,0,1,49,49,0,0,0,0,0,0,0,0,0,0,0,092,092
361190102002004,36,119,010200,2004,175,142,3,0,17,0,1,12,175,3,172,139,3,0,17,0,1,12,62,50,12,0,0,0,0,0,0,0,0,0,0,092,092
361190102005029,36,119,010200,5029,52,29,0,1,7,0,2,13,52,2,50,29,0,0,7,0,2,12,16,16,0,0,0,0,0,0,0,0,0,0,0,092,092
361190102005015,36,119,010200,5015,45,32,2,0,4,0,1,6,45,7,38,32,1,0,4,0,0,1,16,16,0,0,0,0,0,0,0,0,0,0,0,092,092
361190102005017,36,119,010200,5017,38,32,0,0,0,0,4,2,38,1,37,32,0,0,0,0,4,1,9,9,0,0,0,0,0,0,0,0,0,0,0,092,092
361190102005016,36,119,010200,5016,62,54,0,0,6,0,0,2,62,1,61,54,0,0,6,0,0,1,26,26,0,0,0,0,0,0,0,0,0,0,0,092,092
361190102002010,36,119,010200,2010,44,35,0,0,1,0,0,8,44,6,38,35,0,0,1,0,0,2,15,15,0,0,0,0,0,0,0,0,0,0,0,092,092
361190102004012,36,119,010200,4012,48,35,1,0,2,0,5,5,48,3,45,35,1,0,1,0,4,4,16,16,0,0,0,0,0,0,0,0,0,0,0,092,092
361190102004013,36,119,010200,4013,44,31,0,0,7,0,0,6,44,1,43,31,0,0,7,0,0,5,17,17,0,0,0,0,0,0,0,0,0,0,0,092,092
361190102002011,36,119,010200,2011,46,32,0,0,2,0,5,7,46,7,39,32,0,0,2,0,0,5,15,15,0,0,0,0,0,0,0,0,0,0,0,092,092
361190102002006,36,119,010200,2006,115,106,2,0,0,0,1,6,115,7,108,103,2,0,0,0,1,2,46,46,0,0,0,0,0,0,0,0,0,0,0,092,092
361190105004015,36,119,010500,4015,101,85,0,1,10,0,4,1,101,17,84,73,0,0,10,0,0,1,42,42,0,0,0,0,0,0,0,0,0,0,0,092,092
361190105004007,36,119,010500,4007,86,69,3,0,0,0,7,7,86,12,74,69,0,0,0,0,0,5,25,25,0,0,0,0,0,0,0,0,0,0,0,092,092
361190108041004,36,119,010804,1004,0,0,0,0,0,0,0,0,0,0,0,0,0,0,0,0,0,0,0,0,0,0,0,0,0,0,0,0,0,0,0,092,092
361190022022001,36,119,002202,2001,0,0,0,0,0,0,0,0,0,0,0,0,0,0,0,0,0,0,0,0,0,0,0,0,0,0,0,0,0,0,0,090,090
361190108011031,36,119,010801,1031,27,3,2,0,14,0,1,7,27,6,21,3,2,0,13,0,0,3,5,5,0,1,0,0,0,0,0,1,0,0,1,092,092
361190112003003,36,119,011200,3003,64,11,43,0,0,0,6,4,64,17,47,6,41,0,0,0,0,0,25,25,0,0,0,0,0,0,0,0,0,0,0,092,092
361190040023001,36,119,004002,3001,0,0,0,0,0,0,0,0,0,0,0,0,0,0,0,0,0,0,0,0,0,0,0,0,0,0,0,0,0,0,0,089,089
361190006021005,36,119,000602,1005,379,22,83,18,3,0,192,61,379,290,89,6,69,0,3,0,0,11,150,145,5,0,0,0,0,0,0,0,0,0,0,090,090
361190006022000,36,119,000602,2000,282,101,58,1,5,0,69,48,282,123,159,87,57,0,4,0,0,11,95,92,3,0,0,0,0,0,0,0,0,0,0,090,090
361190015031007,36,119,001503,1007,14,10,0,0,0,0,4,0,14,4,10,10,0,0,0,0,0,0,6,6,0,0,0,0,0,0,0,0,0,0,0,089,089
361190021013007,36,119,002101,3007,22,8,5,0,7,0,0,2,22,2,20,8,4,0,7,0,0,1,9,0,9,0,0,0,0,0,0,0,0,0,0,090,090
361190118003037,36,119,011800,3037,18,14,0,0,1,0,0,3,18,2,16,14,0,0,1,0,0,1,7,7,0,0,0,0,0,0,0,0,0,0,0,092,092
361190001012004,36,119,000101,2004,0,0,0,0,0,0,0,0,0,0,0,0,0,0,0,0,0,0,0,0,0,0,0,0,0,0,0,0,0,0,0,090,090
361190033004004,36,119,003300,4004,247,10,206,0,3,0,5,23,247,48,199,10,187,0,1,0,0,1,65,64,1,0,0,0,0,0,0,0,0,0,0,089,089
361190032002009,36,119,003200,2009,290,22,232,0,0,0,33,3,290,40,250,18,227,0,0,0,3,2,91,87,4,0,0,0,0,0,0,0,0,0,0,089,089
361190033003001,36,119,003300,3001,140,5,116,0,0,0,7,12,140,16,124,5,115,0,0,0,0,4,47,42,5,0,0,0,0,0,0,0,0,0,0,089,089
361190027001004,36,119,002700,1004,23,0,8,5,0,0,1,9,23,8,15,0,5,5,0,0,0,5,12,12,0,0,0,0,0,0,0,0,0,0,0,089,089
361190027001005,36,119,002700,1005,17,4,7,0,0,0,2,4,17,6,11,2,6,0,0,0,0,3,5,5,0,0,0,0,0,0,0,0,0,0,0,089,089
361190026002040,36,119,002600,2040,0,0,0,0,0,0,0,0,0,0,0,0,0,0,0,0,0,0,0,0,0,0,0,0,0,0,0,0,0,0,0,089,089
361190033003002,36,119,003300,3002,313,6,262,0,0,0,24,21,313,39,274,0,258,0,0,0,3,13,119,119,0,0,0,0,0,0,0,0,0,0,0,089,089
361190033003003,36,119,003300,3003,55,5,34,0,0,0,1,15,55,11,44,5,31,0,0,0,1,7,20,3,17,0,0,0,0,0,0,0,0,0,0,089,089
361190026002006,36,119,002600,2006,0,0,0,0,0,0,0,0,0,0,0,0,0,0,0,0,0,0,0,0,0,0,0,0,0,0,0,0,0,0,0,089,089
361190033002003,36,119,003300,2003,310,2,294,0,3,0,8,3,310,13,297,2,291,0,3,0,0,1,124,124,0,0,0,0,0,0,0,0,0,0,0,089,089
361190122023006,36,119,012202,3006,16,6,0,0,3,0,0,7,16,0,16,6,0,0,3,0,0,7,2,2,0,0,0,0,0,0,0,0,0,0,0,092,092
361190008032003,36,119,000803,2003,113,58,4,1,20,0,11,19,113,25,88,58,2,0,20,0,3,5,38,38,0,0,0,0,0,0,0,0,0,0,0,090,090
361190105004019,36,119,010500,4019,0,0,0,0,0,0,0,0,0,0,0,0,0,0,0,0,0,0,0,0,0,0,0,0,0,0,0,0,0,0,0,092,092
361190102003000,36,119,010200,3000,137,122,0,0,2,0,5,8,137,14,123,113,0,0,2,0,0,8,50,50,0,0,0,0,0,0,0,0,0,0,0,092,092
361190105004017,36,119,010500,4017,363,227,20,0,61,0,13,42,363,45,318,219,20,0,61,0,3,15,201,177,24,0,0,0,0,0,0,0,0,0,0,092,092
361190104003014,36,119,010400,3014,15,11,0,0,0,0,0,4,15,4,11,10,0,0,0,0,0,1,6,6,0,0,0,0,0,0,0,0,0,0,0,092,092
361190105005018,36,119,010500,5018,54,52,0,0,2,0,0,0,54,1,53,51,0,0,2,0,0,0,22,22,0,0,0,0,0,0,0,0,0,0,0,092,092
361190102001019,36,119,010200,1019,127,111,5,0,7,0,1,3,127,4,123,111,5,0,7,0,0,0,34,34,0,13,0,0,0,0,0,13,0,0,13,092,092
361190103001006,36,119,010300,1006,23,8,3,0,1,0,6,5,23,12,11,7,3,0,1,0,0,0,5,0,5,0,0,0,0,0,0,0,0,0,0,092,092
361190103002005,36,119,010300,2005,59,47,0,0,3,0,1,8,59,4,55,47,0,0,3,0,1,4,31,29,2,0,0,0,0,0,0,0,0,0,0,092,092
361190103003004,36,119,010300,3004,26,22,1,0,0,0,3,0,26,8,18,17,1,0,0,0,0,0,11,11,0,9,0,0,0,0,0,9,0,0,9,092,092
361190007021001,36,119,000702,1001,1444,950,136,4,105,0,96,153,1444,246,1198,909,126,0,105,0,15,43,929,852,77,0,0,0,0,0,0,0,0,0,0,092,092
361190026002000,36,119,002600,2000,0,0,0,0,0,0,0,0,0,0,0,0,0,0,0,0,0,0,0,0,0,0,0,0,0,0,0,0,0,0,0,089,089
361190103003016,36,119,010300,3016,72,38,2,0,7,0,9,16,72,16,56,38,2,0,7,0,0,9,28,28,0,0,0,0,0,0,0,0,0,0,0,092,092
361190103002000,36,119,010300,2000,236,220,1,0,3,0,4,8,236,14,222,217,1,0,3,0,1,0,137,121,16,0,0,0,0,0,0,0,0,0,0,092,092
361190103003011,36,119,010300,3011,106,74,0,1,6,0,11,14,106,28,78,63,0,0,6,0,3,6,46,38,8,0,0,0,0,0,0,0,0,0,0,092,092
361190007021002,36,119,000702,1002,0,0,0,0,0,0,0,0,0,0,0,0,0,0,0,0,0,0,0,0,0,0,0,0,0,0,0,0,0,0,0,092,092
361190103003015,36,119,010300,3015,34,17,0,0,6,0,5,6,34,8,26,15,0,0,6,0,0,5,8,8,0,0,0,0,0,0,0,0,0,0,0,092,092
361190105001016,36,119,010500,1016,45,34,0,0,3,0,0,8,45,1,44,34,0,0,3,0,0,7,14,14,0,0,0,0,0,0,0,0,0,0,0,092,092
361190105001008,36,119,010500,1008,60,39,0,0,11,0,5,5,60,6,54,39,0,0,11,0,0,4,15,15,0,0,0,0,0,0,0,0,0,0,0,092,092
361190105002002,36,119,010500,2002,29,9,2,0,5,0,1,12,29,12,17,9,0,0,5,0,0,3,11,1,10,0,0,0,0,0,0,0,0,0,0,092,092
361190109022029,36,119,010902,2029,102,6,66,0,6,0,16,8,102,22,80,6,66,0,6,0,1,1,35,35,0,0,0,0,0,0,0,0,0,0,0,092,092
361190109032001,36,119,010903,2001,51,2,28,4,0,0,11,6,51,30,21,0,18,0,0,0,0,3,13,12,1,0,0,0,0,0,0,0,0,0,0,092,092
361190109034010,36,119,010903,4010,20,0,2,0,0,0,6,12,20,14,6,0,2,0,0,0,0,4,1,1,0,0,0,0,0,0,0,0,0,0,0,092,092
361190017012001,36,119,001701,2001,75,11,1,0,19,0,18,26,75,37,38,11,1,0,19,0,2,5,20,15,5,0,0,0,0,0,0,0,0,0,0,090,090
361190017012004,36,119,001701,2004,97,37,19,1,8,0,19,13,97,23,74,37,19,0,8,0,7,3,29,28,1,7,0,0,0,0,0,7,0,0,7,090,090
361190016003005,36,119,001600,3005,27,4,2,0,0,0,9,12,27,19,8,4,2,0,0,0,0,2,4,0,4,0,0,0,0,0,0,0,0,0,0,090,090
361190017014007,36,119,001701,4007,137,82,11,0,8,0,5,31,137,34,103,71,11,0,8,0,0,13,42,37,5,0,0,0,0,0,0,0,0,0,0,090,090
361190017013007,36,119,001701,3007,0,0,0,0,0,0,0,0,0,0,0,0,0,0,0,0,0,0,0,0,0,0,0,0,0,0,0,0,0,0,0,090,090
361190016004000,36,119,001600,4000,52,46,0,0,2,0,3,1,52,10,42,40,0,0,2,0,0,0,20,20,0,0,0,0,0,0,0,0,0,0,0,090,090
361190016004006,36,119,001600,4006,149,59,18,2,8,0,36,26,149,82,67,45,13,0,8,0,0,1,52,52,0,0,0,0,0,0,0,0,0,0,0,090,090
361190011022000,36,119,001102,2000,46,12,19,0,0,0,7,8,46,16,30,9,16,0,0,0,0,5,8,8,0,0,0,0,0,0,0,0,0,0,0,090,090
361190040023006,36,119,004002,3006,0,0,0,0,0,0,0,0,0,0,0,0,0,0,0,0,0,0,0,0,0,0,0,0,0,0,0,0,0,0,0,089,089
361190040011000,36,119,004001,1000,162,18,104,3,5,0,17,15,162,38,124,9,97,3,5,0,3,7,68,61,7,0,0,0,0,0,0,0,0,0,0,089,089
361190032001000,36,119,003200,1000,0,0,0,0,0,0,0,0,0,0,0,0,0,0,0,0,0,0,0,0,0,0,0,0,0,0,0,0,0,0,0,089,089
361190032001002,36,119,003200,1002,95,1,72,0,0,0,19,3,95,15,80,0,72,0,0,0,5,3,33,33,0,0,0,0,0,0,0,0,0,0,0,089,089
361190031001005,36,119,003100,1005,226,52,138,3,4,0,12,17,226,34,192,52,129,1,4,0,1,5,73,67,6,65,0,0,0,0,0,65,0,0,65,089,089
361190033001001,36,119,003300,1001,0,0,0,0,0,0,0,0,0,0,0,0,0,0,0,0,0,0,0,0,0,0,0,0,0,0,0,0,0,0,0,089,089
361190040011005,36,119,004001,1005,298,31,206,0,1,0,19,41,298,41,257,29,199,0,1,0,3,25,147,147,0,0,0,0,0,0,0,0,0,0,0,089,089
361190031001009,36,119,003100,1009,471,15,384,2,6,0,43,21,471,61,410,14,374,1,6,0,6,9,197,192,5,0,0,0,0,0,0,0,0,0,0,089,089
361190031002004,36,119,003100,2004,213,1,176,0,3,0,27,6,213,34,179,1,162,0,3,0,7,6,82,58,24,0,0,0,0,0,0,0,0,0,0,089,089
361190031002002,36,119,003100,2002,754,11,670,2,2,0,35,34,754,65,689,8,656,2,2,0,0,21,334,300,34,0,0,0,0,0,0,0,0,0,0,089,089
361190032001003,36,119,003200,1003,99,9,60,0,0,0,28,2,99,32,67,9,57,0,0,0,0,1,35,33,2,0,0,0,0,0,0,0,0,0,0,089,089
361190032001008,36,119,003200,1008,220,5,167,0,5,0,31,12,220,39,181,5,161,0,5,0,5,5,102,71,31,0,0,0,0,0,0,0,0,0,0,089,089
361190032001004,36,119,003200,1004,35,0,29,0,0,0,3,3,35,9,26,0,25,0,0,0,0,1,13,13,0,0,0,0,0,0,0,0,0,0,0,089,089
361190032001007,36,119,003200,1007,163,0,149,0,5,0,1,8,163,4,159,0,149,0,5,0,0,5,65,60,5,0,0,0,0,0,0,0,0,0,0,089,089
361190032002004,36,119,003200,2004,237,11,207,2,0,0,11,6,237,23,214,8,206,0,0,0,0,0,119,119,0,0,0,0,0,0,0,0,0,0,0,089,089
361190040011006,36,119,004001,1006,191,10,130,0,3,0,32,16,191,49,142,2,130,0,3,0,0,7,77,77,0,0,0,0,0,0,0,0,0,0,0,089,089
361190040011007,36,119,004001,1007,81,10,19,0,3,0,38,11,81,61,20,0,14,0,2,0,2,2,36,31,5,0,0,0,0,0,0,0,0,0,0,089,089
361190032002001,36,119,003200,2001,202,3,185,0,3,0,4,7,202,13,189,0,184,0,3,0,0,2,66,66,0,0,0,0,0,0,0,0,0,0,0,089,089
361190032002002,36,119,003200,2002,82,7,53,0,2,0,14,6,82,23,59,0,53,0,2,0,0,4,26,17,9,0,0,0,0,0,0,0,0,0,0,089,089
361190032001006,36,119,003200,1006,99,0,90,0,1,2,5,1,99,1,98,0,90,0,1,2,5,0,43,42,1,0,0,0,0,0,0,0,0,0,0,089,089
361190015032004,36,119,001503,2004,120,108,3,0,3,0,3,3,120,10,110,105,2,0,3,0,0,0,59,59,0,0,0,0,0,0,0,0,0,0,0,089,089
361190118002013,36,119,011800,2013,19,10,0,0,2,0,0,7,19,8,11,8,0,0,2,0,0,1,5,5,0,0,0,0,0,0,0,0,0,0,0,092,092
361190122023001,36,119,012202,3001,36,35,0,0,0,0,0,1,36,3,33,33,0,0,0,0,0,0,15,15,0,0,0,0,0,0,0,0,0,0,0,092,092
361190122023008,36,119,012202,3008,38,35,0,0,0,0,2,1,38,3,35,35,0,0,0,0,0,0,16,16,0,0,0,0,0,0,0,0,0,0,0,092,092
361190040012000,36,119,004001,2000,278,17,231,0,3,0,19,8,278,23,255,16,231,0,3,0,0,5,137,126,11,0,0,0,0,0,0,0,0,0,0,089,089
361190040021002,36,119,004002,1002,29,0,16,0,0,0,3,10,29,17,12,0,8,0,0,0,0,4,6,6,0,0,0,0,0,0,0,0,0,0,0,089,089
361190036003003,36,119,003600,3003,102,8,57,0,7,0,24,6,102,24,78,6,57,0,7,0,5,3,48,48,0,0,0,0,0,0,0,0,0,0,0,089,089
361190036001012,36,119,003600,1012,0,0,0,0,0,0,0,0,0,0,0,0,0,0,0,0,0,0,0,0,0,0,0,0,0,0,0,0,0,0,0,089,089
361190036001013,36,119,003600,1013,0,0,0,0,0,0,0,0,0,0,0,0,0,0,0,0,0,0,0,0,0,0,0,0,0,0,0,0,0,0,0,089,089
361190029001001,36,119,002900,1001,228,6,206,0,0,0,14,2,228,12,216,6,203,0,0,0,5,2,93,85,8,0,0,0,0,0,0,0,0,0,0,089,089
361190029002000,36,119,002900,2000,139,6,127,1,0,0,0,5,139,8,131,6,122,0,0,0,0,3,58,47,11,0,0,0,0,0,0,0,0,0,0,089,089
361190029001002,36,119,002900,1002,262,3,231,0,0,0,11,17,262,24,238,0,222,0,0,0,4,12,112,111,1,0,0,0,0,0,0,0,0,0,0,089,089
361190040012005,36,119,004001,2005,18,0,3,0,2,0,1,12,18,6,12,0,3,0,2,0,1,6,1,1,0,0,0,0,0,0,0,0,0,0,0,089,089
361190031001006,36,119,003100,1006,0,0,0,0,0,0,0,0,0,0,0,0,0,0,0,0,0,0,0,0,0,0,0,0,0,0,0,0,0,0,0,089,089
361190030001000,36,119,003000,1000,0,0,0,0,0,0,0,0,0,0,0,0,0,0,0,0,0,0,0,0,0,0,0,0,0,0,0,0,0,0,0,089,089
361190040012003,36,119,004001,2003,1105,52,938,1,7,0,58,49,1105,97,1008,37,919,1,7,0,1,43,567,556,11,0,0,0,0,0,0,0,0,0,0,089,089
361190031001002,36,119,003100,1002,0,0,0,0,0,0,0,0,0,0,0,0,0,0,0,0,0,0,0,0,0,0,0,0,0,0,0,0,0,0,0,089,089
361190030001003,36,119,003000,1003,24,0,8,0,5,0,2,9,24,10,14,0,7,0,5,0,0,2,1,0,1,0,0,0,0,0,0,0,0,0,0,089,089
361190029001000,36,119,002900,1000,139,6,124,5,0,0,0,4,139,5,134,4,121,5,0,0,0,4,105,95,10,0,0,0,0,0,0,0,0,0,0,089,089
361190039003004,36,119,003900,3004,206,62,93,0,7,0,18,26,206,23,183,59,93,0,7,0,3,21,63,60,3,0,0,0,0,0,0,0,0,0,0,089,089
361190039003006,36,119,003900,3006,220,89,56,9,2,0,27,37,220,57,163,81,51,0,2,0,10,19,79,72,7,0,0,0,0,0,0,0,0,0,0,089,089
361199810001008,36,119,981000,1008,0,0,0,0,0,0,0,0,0,0,0,0,0,0,0,0,0,0,0,0,0,0,0,0,0,0,0,0,0,0,0,092,092
361190120001048,36,119,012000,1048,108,102,0,0,3,0,0,3,108,2,106,102,0,0,3,0,0,1,34,34,0,0,0,0,0,0,0,0,0,0,0,092,092
361190120001055,36,119,012000,1055,31,28,0,0,0,0,0,3,31,3,28,28,0,0,0,0,0,0,11,11,0,0,0,0,0,0,0,0,0,0,0,092,092
361190040022001,36,119,004002,2001,281,34,187,0,0,0,35,25,281,53,228,28,182,0,0,0,9,9,123,120,3,0,0,0,0,0,0,0,0,0,0,089,089
361190040022002,36,119,004002,2002,76,4,41,1,0,0,6,24,76,20,56,2,40,0,0,0,0,14,53,44,9,0,0,0,0,0,0,0,0,0,0,089,089
361190040022000,36,119,004002,2000,120,16,65,0,7,0,26,6,120,32,88,16,65,0,4,0,0,3,50,45,5,0,0,0,0,0,0,0,0,0,0,089,089
361190040023008,36,119,004002,3008,176,33,37,3,6,0,58,39,176,64,112,28,34,0,6,0,21,23,77,70,7,0,0,0,0,0,0,0,0,0,0,089,089
361190040011003,36,119,004001,1003,193,26,120,1,11,0,23,12,193,40,153,21,110,0,11,0,3,8,99,95,4,0,0,0,0,0,0,0,0,0,0,089,089
361190040023000,36,119,004002,3000,25,2,9,0,0,0,13,1,25,10,15,2,3,0,0,0,10,0,4,4,0,0,0,0,0,0,0,0,0,0,0,089,089
361190040023003,36,119,004002,3003,234,47,78,0,3,0,61,45,234,68,166,42,77,0,3,0,16,28,97,75,22,0,0,0,0,0,0,0,0,0,0,089,089
361190040023005,36,119,004002,3005,158,19,77,3,0,0,26,33,158,29,129,13,77,0,0,0,15,24,58,58,0,0,0,0,0,0,0,0,0,0,0,089,089
361190040011001,36,119,004001,1001,90,8,31,0,2,0,40,9,90,28,62,8,29,0,2,0,18,5,46,33,13,0,0,0,0,0,0,0,0,0,0,089,089
361190109022019,36,119,010902,2019,28,1,18,0,0,0,0,9,28,8,20,0,18,0,0,0,0,2,9,9,0,0,0,0,0,0,0,0,0,0,0,092,092
361190109023012,36,119,010902,3012,0,0,0,0,0,0,0,0,0,0,0,0,0,0,0,0,0,0,0,0,0,0,0,0,0,0,0,0,0,0,0,092,092
361190109024002,36,119,010902,4002,68,22,17,1,5,0,5,18,68,33,35,8,17,0,5,0,0,5,12,12,0,0,0,0,0,0,0,0,0,0,0,092,092
361190109023000,36,119,010902,3000,0,0,0,0,0,0,0,0,0,0,0,0,0,0,0,0,0,0,0,0,0,0,0,0,0,0,0,0,0,0,0,092,092
361190105004006,36,119,010500,4006,43,39,0,0,0,0,4,0,43,4,39,39,0,0,0,0,0,0,17,17,0,0,0,0,0,0,0,0,0,0,0,092,092
361190106002013,36,119,010600,2013,0,0,0,0,0,0,0,0,0,0,0,0,0,0,0,0,0,0,0,0,0,0,0,0,0,0,0,0,0,0,0,092,092
361190033002004,36,119,003300,2004,166,0,147,1,5,0,9,4,166,14,152,0,145,1,5,0,0,1,69,66,3,0,0,0,0,0,0,0,0,0,0,089,089
361190042001012,36,119,004200,1012,12,0,12,0,0,0,0,0,12,0,12,0,12,0,0,0,0,0,7,7,0,0,0,0,0,0,0,0,0,0,0,089,089
361190119023014,36,119,011902,3014,0,0,0,0,0,0,0,0,0,0,0,0,0,0,0,0,0,0,0,0,0,0,0,0,0,0,0,0,0,0,0,092,092
361190024051004,36,119,002405,1004,0,0,0,0,0,0,0,0,0,0,0,0,0,0,0,0,0,0,0,0,0,0,0,0,0,0,0,0,0,0,0,090,090
361190002053002,36,119,000205,3002,299,26,78,2,11,0,120,62,299,194,105,16,64,0,10,0,7,8,123,117,6,0,0,0,0,0,0,0,0,0,0,089,089
361190002031002,36,119,000203,1002,70,49,2,0,2,0,8,9,70,15,55,49,0,0,0,0,1,5,19,8,11,0,0,0,0,0,0,0,0,0,0,089,089
361190013041000,36,119,001304,1000,1169,114,276,36,65,0,523,155,1169,770,399,80,236,0,58,0,18,7,387,356,31,0,0,0,0,0,0,0,0,0,0,089,089
361190012003001,36,119,001200,3001,186,15,75,6,2,0,74,14,186,93,93,14,73,2,2,0,0,2,55,55,0,0,0,0,0,0,0,0,0,0,0,090,090
361190112001001,36,119,011200,1001,103,27,5,0,5,0,64,2,103,66,37,26,5,0,5,0,0,1,38,38,0,0,0,0,0,0,0,0,0,0,0,092,092
361190111013014,36,119,011101,3014,43,14,11,0,9,0,1,8,43,10,33,8,11,0,9,0,0,5,18,18,0,0,0,0,0,0,0,0,0,0,0,092,092
361190111013004,36,119,011101,3004,46,25,6,0,8,0,6,1,46,9,37,25,4,0,8,0,0,0,15,15,0,0,0,0,0,0,0,0,0,0,0,092,092
361190112004035,36,119,011200,4035,38,12,11,1,2,0,3,9,38,19,19,6,11,0,2,0,0,0,13,13,0,0,0,0,0,0,0,0,0,0,0,092,092
361190114011009,36,119,011401,1009,99,89,2,0,0,0,0,8,99,7,92,88,2,0,0,0,0,2,35,35,0,0,0,0,0,0,0,0,0,0,0,092,092
361190118003066,36,119,011800,3066,27,19,0,0,6,0,0,2,27,2,25,19,0,0,6,0,0,0,11,11,0,0,0,0,0,0,0,0,0,0,0,092,092
361190114013001,36,119,011401,3001,40,33,0,0,0,0,3,4,40,7,33,31,0,0,0,0,0,2,17,9,8,0,0,0,0,0,0,0,0,0,0,092,092
361190022011025,36,119,002201,1025,0,0,0,0,0,0,0,0,0,0,0,0,0,0,0,0,0,0,0,0,0,0,0,0,0,0,0,0,0,0,0,090,090
361190105002007,36,119,010500,2007,36,28,0,0,4,0,0,4,36,1,35,27,0,0,4,0,0,4,12,12,0,0,0,0,0,0,0,0,0,0,0,092,092
361190122013007,36,119,012201,3007,112,98,2,0,10,0,0,2,112,5,107,93,2,0,10,0,0,2,40,40,0,0,0,0,0,0,0,0,0,0,0,092,092
361190119021024,36,119,011902,1024,0,0,0,0,0,0,0,0,0,0,0,0,0,0,0,0,0,0,0,0,0,0,0,0,0,0,0,0,0,0,0,092,092
361190114011012,36,119,011401,1012,27,22,1,0,0,0,1,3,27,2,25,22,1,0,0,0,0,2,12,12,0,0,0,0,0,0,0,0,0,0,0,092,092
361190108011022,36,119,010801,1022,29,26,3,0,0,0,0,0,29,0,29,26,3,0,0,0,0,0,11,11,0,0,0,0,0,0,0,0,0,0,0,092,092
361190105005019,36,119,010500,5019,39,32,1,0,1,0,0,5,39,1,38,32,1,0,0,0,0,5,25,22,3,0,0,0,0,0,0,0,0,0,0,092,092
361190026002003,36,119,002600,2003,0,0,0,0,0,0,0,0,0,0,0,0,0,0,0,0,0,0,0,0,0,0,0,0,0,0,0,0,0,0,0,089,089
361190015032002,36,119,001503,2002,144,114,6,0,16,0,5,3,144,19,125,103,6,0,16,0,0,0,70,69,1,0,0,0,0,0,0,0,0,0,0,089,089
361190015032001,36,119,001503,2001,106,67,15,0,0,0,15,9,106,27,79,64,14,0,0,0,0,1,36,34,2,0,0,0,0,0,0,0,0,0,0,089,089
361190015032006,36,119,001503,2006,132,88,24,0,7,0,10,3,132,24,108,88,12,0,7,0,1,0,80,80,0,0,0,0,0,0,0,0,0,0,0,089,089
361190015031004,36,119,001503,1004,127,93,14,0,4,0,11,5,127,24,103,91,8,0,4,0,0,0,54,47,7,0,0,0,0,0,0,0,0,0,0,089,089
361190105002014,36,119,010500,2014,234,149,0,0,67,0,2,16,234,16,218,149,0,0,67,0,2,0,83,83,0,0,0,0,0,0,0,0,0,0,0,092,092
361190102004001,36,119,010200,4001,127,103,0,0,12,0,0,12,127,4,123,103,0,0,12,0,0,8,50,50,0,0,0,0,0,0,0,0,0,0,0,092,092
361190107011022,36,119,010701,1022,0,0,0,0,0,0,0,0,0,0,0,0,0,0,0,0,0,0,0,0,0,0,0,0,0,0,0,0,0,0,0,092,092
361190009003014,36,119,000900,3014,35,22,4,0,0,0,5,4,35,14,21,16,4,0,0,0,0,1,8,8,0,0,0,0,0,0,0,0,0,0,0,092,090
361190019001005,36,119,001900,1005,164,80,13,0,29,0,26,16,164,41,123,76,8,0,29,0,3,7,58,58,0,0,0,0,0,0,0,0,0,0,0,090,090
361190107011015,36,119,010701,1015,43,22,8,0,5,0,0,8,43,10,33,22,4,0,5,0,0,2,11,10,1,0,0,0,0,0,0,0,0,0,0,092,092
361190106002006,36,119,010600,2006,119,79,2,0,21,0,0,17,119,15,104,78,2,0,21,0,0,3,41,41,0,0,0,0,0,0,0,0,0,0,0,092,092
361190107011003,36,119,010701,1003,199,128,1,0,44,0,14,12,199,18,181,125,1,0,44,0,0,11,51,51,0,0,0,0,0,0,0,0,0,0,0,092,092
361190021042009,36,119,002104,2009,54,35,4,0,5,0,2,8,54,10,44,35,4,0,5,0,0,0,17,17,0,0,0,0,0,0,0,0,0,0,0,090,090
361190021042010,36,119,002104,2010,111,69,9,0,21,0,3,9,111,14,97,67,9,0,21,0,0,0,39,39,0,0,0,0,0,0,0,0,0,0,0,090,090
361190118002012,36,119,011800,2012,116,87,0,0,13,0,0,16,116,10,106,85,0,0,13,0,0,8,32,32,0,0,0,0,0,0,0,0,0,0,0,092,092
361190118002010,36,119,011800,2010,171,131,0,0,27,0,2,11,171,12,159,128,0,0,27,0,0,4,51,51,0,0,0,0,0,0,0,0,0,0,0,092,092
361190122024012,36,119,012202,4012,1,1,0,0,0,0,0,0,1,0,1,1,0,0,0,0,0,0,0,0,0,1,0,0,0,0,0,1,0,0,1,092,092
361190122023026,36,119,012202,3026,43,31,0,0,0,0,6,6,43,11,32,31,0,0,0,0,0,1,12,11,1,0,0,0,0,0,0,0,0,0,0,092,092
361190122012002,36,119,012201,2002,261,241,1,0,4,0,4,11,261,12,249,241,0,0,4,0,1,3,90,90,0,0,0,0,0,0,0,0,0,0,0,092,092
361190118004008,36,119,011800,4008,310,285,2,0,11,0,0,12,310,9,301,285,2,0,11,0,0,3,106,106,0,0,0,0,0,0,0,0,0,0,0,092,092
361190122021011,36,119,012202,1011,105,95,3,0,2,0,0,5,105,9,96,91,3,0,2,0,0,0,36,33,3,0,0,0,0,0,0,0,0,0,0,092,092
361190122022003,36,119,012202,2003,154,112,5,0,13,0,17,7,154,20,134,112,5,0,13,0,0,4,73,73,0,0,0,0,0,0,0,0,0,0,0,092,092
361199810001011,36,119,981000,1011,11,2,0,1,2,0,4,2,11,5,6,2,0,0,2,0,0,2,5,5,0,0,0,0,0,0,0,0,0,0,0,092,092
361190121021031,36,119,012102,1031,15,7,0,0,0,0,1,7,15,5,10,7,0,0,0,0,1,2,5,2,3,0,0,0,0,0,0,0,0,0,0,092,092
361190023001013,36,119,002300,1013,278,156,19,0,20,0,58,25,278,90,188,151,17,0,17,0,2,1,98,98,0,0,0,0,0,0,0,0,0,0,0,090,090
361190023001014,36,119,002300,1014,46,13,7,0,5,0,9,12,46,27,19,9,4,0,5,0,0,1,22,22,0,0,0,0,0,0,0,0,0,0,0,090,090
361190008032010,36,119,000803,2010,46,24,3,4,2,0,11,2,46,16,30,22,3,0,2,0,3,0,14,5,9,7,0,0,0,0,0,7,0,0,7,090,090
361190001034000,36,119,000103,4000,452,44,84,15,7,0,242,60,452,351,101,15,76,0,7,0,0,3,144,129,15,0,0,0,0,0,0,0,0,0,0,089,089
361190001034002,36,119,000103,4002,216,21,77,3,1,0,75,39,216,135,81,8,68,0,1,0,0,4,76,65,11,0,0,0,0,0,0,0,0,0,0,089,089
361190024021000,36,119,002402,1000,0,0,0,0,0,0,0,0,0,0,0,0,0,0,0,0,0,0,0,0,0,0,0,0,0,0,0,0,0,0,0,090,090
361190121022001,36,119,012102,2001,133,112,0,0,5,0,2,14,133,16,117,107,0,0,5,0,0,5,50,50,0,0,0,0,0,0,0,0,0,0,0,092,092
361199810001018,36,119,981000,1018,0,0,0,0,0,0,0,0,0,0,0,0,0,0,0,0,0,0,0,0,0,0,0,0,0,0,0,0,0,0,0,092,092
361190112003013,36,119,011200,3013,0,0,0,0,0,0,0,0,0,0,0,0,0,0,0,0,0,0,0,0,0,0,0,0,0,0,0,0,0,0,0,092,092
361190118003017,36,119,011800,3017,0,0,0,0,0,0,0,0,0,0,0,0,0,0,0,0,0,0,0,0,0,0,0,0,0,0,0,0,0,0,0,092,092
361190002042003,36,119,000204,2003,0,0,0,0,0,0,0,0,0,0,0,0,0,0,0,0,0,0,0,0,0,0,0,0,0,0,0,0,0,0,0,089,089
361190114021005,36,119,011402,1005,71,46,2,0,7,0,5,11,71,14,57,46,2,0,7,0,0,2,27,27,0,0,0,0,0,0,0,0,0,0,0,092,092
361190119022009,36,119,011902,2009,0,0,0,0,0,0,0,0,0,0,0,0,0,0,0,0,0,0,0,0,0,0,0,0,0,0,0,0,0,0,0,092,092
361190033003005,36,119,003300,3005,149,7,125,0,0,0,3,14,149,20,129,3,121,0,0,0,0,5,39,39,0,0,0,0,0,0,0,0,0,0,0,089,089
361190034004012,36,119,003400,4012,141,0,129,0,0,0,6,6,141,6,135,0,129,0,0,0,5,1,65,54,11,0,0,0,0,0,0,0,0,0,0,089,089
361190034002000,36,119,003400,2000,0,0,0,0,0,0,0,0,0,0,0,0,0,0,0,0,0,0,0,0,0,0,0,0,0,0,0,0,0,0,0,089,089
361190020004028,36,119,002000,4028,0,0,0,0,0,0,0,0,0,0,0,0,0,0,0,0,0,0,0,0,0,0,0,0,0,0,0,0,0,0,0,090,090
361190023001020,36,119,002300,1020,0,0,0,0,0,0,0,0,0,0,0,0,0,0,0,0,0,0,0,0,0,0,0,0,0,0,0,0,0,0,0,090,090
361190013011007,36,119,001301,1007,0,0,0,0,0,0,0,0,0,0,0,0,0,0,0,0,0,0,0,0,0,0,0,0,0,0,0,0,0,0,0,089,089
361190013011003,36,119,001301,1003,0,0,0,0,0,0,0,0,0,0,0,0,0,0,0,0,0,0,0,0,0,0,0,0,0,0,0,0,0,0,0,090,090
361190121023019,36,119,012102,3019,14,4,0,0,3,0,0,7,14,2,12,4,0,0,3,0,0,5,6,6,0,0,0,0,0,0,0,0,0,0,0,092,092
361190121022026,36,119,012102,2026,74,25,3,0,4,0,22,20,74,42,32,22,3,0,4,0,0,3,22,22,0,0,0,0,0,0,0,0,0,0,0,092,092
361190121022009,36,119,012102,2009,44,11,0,0,12,0,0,21,44,13,31,11,0,0,12,0,0,8,15,15,0,0,0,0,0,0,0,0,0,0,0,092,092
361190121021007,36,119,012102,1007,16,12,0,0,0,0,3,1,16,4,12,12,0,0,0,0,0,0,5,5,0,0,0,0,0,0,0,0,0,0,0,092,092
361190121021013,36,119,012102,1013,34,24,0,0,2,0,0,8,34,8,26,24,0,0,2,0,0,0,9,9,0,0,0,0,0,0,0,0,0,0,0,092,092
361190121021012,36,119,012102,1012,35,32,0,0,2,0,0,1,35,2,33,30,0,0,2,0,0,1,9,9,0,0,0,0,0,0,0,0,0,0,0,092,092
361190121021020,36,119,012102,1020,38,35,0,0,0,0,2,1,38,8,30,29,0,0,0,0,0,1,10,7,3,0,0,0,0,0,0,0,0,0,0,092,092
361190121021019,36,119,012102,1019,111,97,0,0,12,0,0,2,111,2,109,97,0,0,12,0,0,0,37,37,0,0,0,0,0,0,0,0,0,0,0,092,092
361190121021016,36,119,012102,1016,16,8,0,0,6,0,0,2,16,0,16,8,0,0,6,0,0,2,6,6,0,0,0,0,0,0,0,0,0,0,0,092,092
361190121022024,36,119,012102,2024,252,245,0,0,0,0,3,4,252,8,244,243,0,0,0,0,0,1,79,79,0,0,0,0,0,0,0,0,0,0,0,092,092
361190121021005,36,119,012102,1005,12,4,0,0,0,0,6,2,12,6,6,4,0,0,0,0,0,2,4,4,0,0,0,0,0,0,0,0,0,0,0,092,092
361190121021003,36,119,012102,1003,55,28,0,0,6,0,4,17,55,21,34,28,0,0,6,0,0,0,28,23,5,0,0,0,0,0,0,0,0,0,0,092,092
361190121022010,36,119,012102,2010,85,57,0,0,3,0,17,8,85,29,56,50,0,0,3,0,2,1,44,41,3,0,0,0,0,0,0,0,0,0,0,092,092
361199810001001,36,119,981000,1001,0,0,0,0,0,0,0,0,0,0,0,0,0,0,0,0,0,0,0,0,0,0,0,0,0,0,0,0,0,0,0,092,092
361190036001003,36,119,003600,1003,169,8,110,1,0,0,39,11,169,46,123,6,110,1,0,0,0,6,60,55,5,0,0,0,0,0,0,0,0,0,0,089,089
361190037001008,36,119,003700,1008,245,35,86,4,13,0,81,26,245,99,146,29,85,0,13,0,6,13,104,104,0,0,0,0,0,0,0,0,0,0,0,089,089
361190037001007,36,119,003700,1007,233,29,136,0,17,0,36,15,233,26,207,27,130,0,17,0,21,12,99,99,0,0,0,0,0,0,0,0,0,0,0,089,089
361190036001004,36,119,003600,1004,151,9,99,0,2,0,24,17,151,24,127,9,99,0,2,0,6,11,49,36,13,0,0,0,0,0,0,0,0,0,0,089,089
361190036003000,36,119,003600,3000,68,14,10,7,4,0,22,11,68,43,25,10,10,0,3,0,0,2,31,29,2,0,0,0,0,0,0,0,0,0,0,089,089
361190036001007,36,119,003600,1007,376,33,163,4,19,0,73,84,376,155,221,24,151,1,19,0,5,21,169,157,12,12,0,0,0,0,0,12,0,0,12,089,089
361190036001011,36,119,003600,1011,80,11,21,1,12,0,16,19,80,18,62,6,21,1,12,0,8,14,33,29,4,0,0,0,0,0,0,0,0,0,0,089,089
361190039002003,36,119,003900,2003,114,54,19,0,1,0,14,26,114,20,94,50,19,0,1,0,4,20,57,57,0,0,0,0,0,0,0,0,0,0,0,089,089
361190039002004,36,119,003900,2004,127,34,27,0,0,0,50,16,127,58,69,34,26,0,0,0,7,2,46,40,6,0,0,0,0,0,0,0,0,0,0,089,089
361190039002006,36,119,003900,2006,150,39,46,0,11,0,24,30,150,46,104,25,43,0,11,0,9,16,38,38,0,0,0,0,0,0,0,0,0,0,0,089,089
361190036001008,36,119,003600,1008,330,45,62,10,1,1,130,81,330,243,87,26,45,0,1,0,5,10,111,111,0,0,0,0,0,0,0,0,0,0,0,089,089
361190036001009,36,119,003600,1009,199,14,112,4,16,0,16,37,199,47,152,11,110,0,16,0,2,13,177,163,14,0,0,0,0,0,0,0,0,0,0,089,089
361190040012002,36,119,004001,2002,57,16,16,0,0,1,1,23,57,26,31,13,13,0,0,1,1,3,27,27,0,0,0,0,0,0,0,0,0,0,0,089,089
361190008022010,36,119,000802,2010,0,0,0,0,0,0,0,0,0,0,0,0,0,0,0,0,0,0,0,0,0,0,0,0,0,0,0,0,0,0,0,092,090
361190040012001,36,119,004001,2001,521,46,368,3,8,0,38,58,521,105,416,37,346,0,8,0,11,14,343,329,14,0,0,0,0,0,0,0,0,0,0,089,089
361190033001006,36,119,003300,1006,17,1,8,0,2,0,6,0,17,5,12,1,6,0,2,0,3,0,6,4,2,0,0,0,0,0,0,0,0,0,0,089,089
361190120001021,36,119,012000,1021,0,0,0,0,0,0,0,0,0,0,0,0,0,0,0,0,0,0,0,0,0,0,0,0,0,0,0,0,0,0,0,092,092
361199810001000,36,119,981000,1000,12,7,0,0,0,0,4,1,12,7,5,4,0,0,0,0,0,1,1,1,0,0,0,0,0,0,0,0,0,0,0,092,092
361190120001020,36,119,012000,1020,0,0,0,0,0,0,0,0,0,0,0,0,0,0,0,0,0,0,0,0,0,0,0,0,0,0,0,0,0,0,0,092,092
361190120001015,36,119,012000,1015,10,5,0,0,1,0,4,0,10,4,6,5,0,0,1,0,0,0,3,3,0,0,0,0,0,0,0,0,0,0,0,092,092
361190120001000,36,119,012000,1000,0,0,0,0,0,0,0,0,0,0,0,0,0,0,0,0,0,0,0,0,0,0,0,0,0,0,0,0,0,0,0,092,092
361199810001009,36,119,981000,1009,0,0,0,0,0,0,0,0,0,0,0,0,0,0,0,0,0,0,0,0,0,0,0,0,0,0,0,0,0,0,0,092,092
361190120001007,36,119,012000,1007,14,8,0,0,3,0,0,3,14,4,10,7,0,0,3,0,0,0,4,4,0,0,0,0,0,0,0,0,0,0,0,092,092
361190120001018,36,119,012000,1018,100,83,1,0,7,0,0,9,100,9,91,83,0,0,7,0,0,1,37,37,0,0,0,0,0,0,0,0,0,0,0,092,092
361190120001013,36,119,012000,1013,38,31,0,0,1,0,0,6,38,6,32,30,0,0,1,0,0,1,15,15,0,0,0,0,0,0,0,0,0,0,0,092,092
361190120001033,36,119,012000,1033,0,0,0,0,0,0,0,0,0,0,0,0,0,0,0,0,0,0,0,0,0,0,0,0,0,0,0,0,0,0,0,092,092
361190120001032,36,119,012000,1032,30,23,0,0,2,0,5,0,30,6,24,22,0,0,2,0,0,0,10,10,0,0,0,0,0,0,0,0,0,0,0,092,092
361190021032008,36,119,002103,2008,67,61,0,0,0,0,1,5,67,5,62,61,0,0,0,0,0,1,22,22,0,0,0,0,0,0,0,0,0,0,0,090,090
361190021033007,36,119,002103,3007,60,56,0,0,0,0,1,3,60,4,56,55,0,0,0,0,1,0,14,14,0,0,0,0,0,0,0,0,0,0,0,090,090
361190021031012,36,119,002103,1012,25,16,0,0,0,0,5,4,25,9,16,16,0,0,0,0,0,0,6,1,5,0,0,0,0,0,0,0,0,0,0,090,090
361190021033019,36,119,002103,3019,41,41,0,0,0,0,0,0,41,0,41,41,0,0,0,0,0,0,14,10,4,0,0,0,0,0,0,0,0,0,0,090,090
361190021031008,36,119,002103,1008,0,0,0,0,0,0,0,0,0,0,0,0,0,0,0,0,0,0,0,0,0,0,0,0,0,0,0,0,0,0,0,090,090
361190021033025,36,119,002103,3025,0,0,0,0,0,0,0,0,0,0,0,0,0,0,0,0,0,0,0,0,0,0,0,0,0,0,0,0,0,0,0,090,090
361190014031003,36,119,001403,1003,207,107,25,1,8,0,29,37,207,74,133,102,19,0,4,0,1,7,78,78,0,0,0,0,0,0,0,0,0,0,0,090,090
361190014034006,36,119,001403,4006,198,124,10,2,2,0,47,13,198,75,123,110,8,2,2,0,0,1,93,93,0,0,0,0,0,0,0,0,0,0,0,089,089
361190014033002,36,119,001403,3002,336,199,27,0,22,3,48,37,336,106,230,181,24,0,22,0,0,3,127,117,10,0,0,0,0,0,0,0,0,0,0,089,089
361190014033003,36,119,001403,3003,210,132,10,0,17,0,22,29,210,61,149,123,7,0,14,0,0,5,75,75,0,0,0,0,0,0,0,0,0,0,0,089,089
361190008012004,36,119,000801,2004,54,32,9,2,3,0,0,8,54,5,49,31,8,2,3,0,0,5,11,11,0,0,0,0,0,0,0,0,0,0,0,090,090
361190008012005,36,119,000801,2005,55,36,2,0,5,0,0,12,55,12,43,34,2,0,5,0,0,2,20,20,0,0,0,0,0,0,0,0,0,0,0,090,090
361190008022008,36,119,000802,2008,41,26,3,0,2,0,2,8,41,6,35,26,1,0,2,0,0,6,9,9,0,0,0,0,0,0,0,0,0,0,0,090,090
361190008013001,36,119,000801,3001,529,233,77,7,51,0,114,47,529,213,316,197,65,0,50,0,0,4,180,170,10,0,0,0,0,0,0,0,0,0,0,090,090
361190008022013,36,119,000802,2013,0,0,0,0,0,0,0,0,0,0,0,0,0,0,0,0,0,0,0,0,0,0,0,0,0,0,0,0,0,0,0,090,090
361190008022012,36,119,000802,2012,20,1,2,5,0,0,4,8,20,14,6,1,0,1,0,0,0,4,4,2,2,0,0,0,0,0,0,0,0,0,0,090,090
361190016002006,36,119,001600,2006,137,73,9,0,7,0,34,14,137,53,84,65,8,0,7,0,4,0,53,39,14,0,0,0,0,0,0,0,0,0,0,090,090
361190016002000,36,119,001600,2000,112,46,21,0,10,0,7,28,112,39,73,35,19,0,10,0,2,7,42,40,2,9,0,0,0,0,0,9,0,0,9,090,090
361190016003001,36,119,001600,3001,58,12,15,0,2,0,14,15,58,30,28,10,15,0,1,0,0,2,19,19,0,0,0,0,0,0,0,0,0,0,0,090,090
361190016001004,36,119,001600,1004,167,63,60,0,9,0,19,16,167,43,124,60,54,0,9,0,0,1,55,55,0,0,0,0,0,0,0,0,0,0,0,090,090
361190016001005,36,119,001600,1005,85,37,18,0,1,0,15,14,85,24,61,37,17,0,1,0,1,5,36,36,0,0,0,0,0,0,0,0,0,0,0,090,090
361190016001001,36,119,001600,1001,50,11,18,2,0,0,9,10,50,33,17,5,10,2,0,0,0,0,12,7,5,0,0,0,0,0,0,0,0,0,0,090,090
361190017014003,36,119,001701,4003,70,25,4,1,0,0,34,6,70,47,23,22,0,0,0,0,0,1,38,38,0,0,0,0,0,0,0,0,0,0,0,090,090
361190016002004,36,119,001600,2004,172,60,14,0,0,0,71,27,172,112,60,48,10,0,0,0,0,2,68,56,12,0,0,0,0,0,0,0,0,0,0,090,090
361190016003002,36,119,001600,3002,25,1,6,1,1,0,6,10,25,17,8,1,3,1,1,0,0,2,6,6,0,0,0,0,0,0,0,0,0,0,0,090,090
361190016003003,36,119,001600,3003,120,27,10,0,3,0,50,30,120,83,37,21,10,0,3,0,1,2,51,51,0,0,0,0,0,0,0,0,0,0,0,090,090
361190016003010,36,119,001600,3010,64,8,7,1,14,0,21,13,64,39,25,4,6,0,14,0,0,1,21,17,4,0,0,0,0,0,0,0,0,0,0,090,090
361190016001006,36,119,001600,1006,100,39,9,5,3,0,25,19,100,47,53,34,8,0,3,0,0,8,50,50,0,0,0,0,0,0,0,0,0,0,0,090,090
361190018002003,36,119,001800,2003,115,18,27,1,3,0,49,17,115,74,41,5,27,0,3,0,0,6,36,36,0,0,0,0,0,0,0,0,0,0,0,090,090
361190018002005,36,119,001800,2005,93,26,31,0,4,0,25,7,93,36,57,24,31,0,2,0,0,0,28,28,0,0,0,0,0,0,0,0,0,0,0,090,090
361190017012002,36,119,001701,2002,84,41,1,0,0,0,24,18,84,38,46,39,1,0,0,0,4,2,30,30,0,0,0,0,0,0,0,0,0,0,0,090,090
361190017012000,36,119,001701,2000,29,15,2,0,3,0,2,7,29,6,23,15,2,0,3,0,1,2,18,18,0,0,0,0,0,0,0,0,0,0,0,090,090
361190017014005,36,119,001701,4005,82,34,9,0,10,0,11,18,82,27,55,32,9,0,8,0,1,5,32,32,0,0,0,0,0,0,0,0,0,0,0,090,090
361190017012006,36,119,001701,2006,79,54,4,0,3,0,13,5,79,21,58,52,2,0,3,0,0,1,32,32,0,0,0,0,0,0,0,0,0,0,0,090,090
361190017014006,36,119,001701,4006,70,33,4,0,9,0,7,17,70,24,46,33,0,0,9,0,0,4,29,26,3,0,0,0,0,0,0,0,0,0,0,090,090
361190017014004,36,119,001701,4004,213,82,20,4,8,0,75,24,213,109,104,73,20,1,8,0,0,2,98,98,0,0,0,0,0,0,0,0,0,0,0,090,090
361190016003004,36,119,001600,3004,164,66,21,0,10,0,40,27,164,66,98,63,19,0,10,0,1,5,76,75,1,0,0,0,0,0,0,0,0,0,0,090,090
361190016003007,36,119,001600,3007,258,89,34,8,10,0,68,49,258,152,106,68,24,0,10,0,0,4,95,94,1,0,0,0,0,0,0,0,0,0,0,090,090
361190108041002,36,119,010804,1002,64,21,10,0,17,0,9,7,64,14,50,19,10,0,17,0,1,3,29,29,0,0,0,0,0,0,0,0,0,0,0,092,092
361190109021002,36,119,010902,1002,13,5,0,0,0,0,4,4,13,7,6,5,0,0,0,0,0,1,4,0,4,0,0,0,0,0,0,0,0,0,0,092,092
361190111011044,36,119,011101,1044,58,50,3,0,1,0,0,4,58,2,56,49,3,0,1,0,0,3,22,14,8,0,0,0,0,0,0,0,0,0,0,092,092
361190112003002,36,119,011200,3002,39,8,14,2,1,0,12,2,39,23,16,3,11,0,0,0,0,2,5,5,0,0,0,0,0,0,0,0,0,0,0,092,092
361190112002022,36,119,011200,2022,0,0,0,0,0,0,0,0,0,0,0,0,0,0,0,0,0,0,0,0,0,0,0,0,0,0,0,0,0,0,0,092,092
361190113002004,36,119,011300,2004,22,14,0,1,2,0,0,5,22,4,18,14,0,1,2,0,0,1,6,6,0,0,0,0,0,0,0,0,0,0,0,092,092
361190114011007,36,119,011401,1007,107,84,0,0,17,0,2,4,107,5,102,81,0,0,17,0,0,4,41,41,0,0,0,0,0,0,0,0,0,0,0,092,092
361190017014008,36,119,001701,4008,193,91,8,4,5,0,39,46,193,84,109,91,8,1,5,0,0,4,75,69,6,0,0,0,0,0,0,0,0,0,0,090,090
361190017014011,36,119,001701,4011,187,79,13,0,1,1,70,23,187,96,91,67,13,0,1,1,6,3,69,65,4,0,0,0,0,0,0,0,0,0,0,090,090
361190017013002,36,119,001701,3002,74,64,0,0,1,0,1,8,74,9,65,60,0,0,1,0,0,4,29,29,0,0,0,0,0,0,0,0,0,0,0,090,090
361190017012007,36,119,001701,2007,90,31,9,3,26,0,10,11,90,24,66,31,6,0,25,0,4,0,32,32,0,0,0,0,0,0,0,0,0,0,0,090,090
361190017011004,36,119,001701,1004,103,49,28,0,0,0,18,8,103,30,73,44,28,0,0,0,0,1,47,47,0,0,0,0,0,0,0,0,0,0,0,090,090
361190017014009,36,119,001701,4009,32,5,1,5,1,0,9,11,32,20,12,3,0,0,1,0,3,5,7,7,0,0,0,0,0,0,0,0,0,0,0,090,090
361190017011002,36,119,001701,1002,112,74,2,0,5,0,19,12,112,35,77,70,2,0,5,0,0,0,46,46,0,0,0,0,0,0,0,0,0,0,0,090,090
361190017013006,36,119,001701,3006,81,41,13,0,11,0,11,5,81,14,67,41,13,0,11,0,0,2,36,36,0,0,0,0,0,0,0,0,0,0,0,090,090
361190017013010,36,119,001701,3010,116,54,8,5,0,0,33,16,116,62,54,45,8,0,0,0,0,1,43,43,0,0,0,0,0,0,0,0,0,0,0,090,090
361190016004007,36,119,001600,4007,37,12,4,0,5,0,8,8,37,20,17,12,0,0,5,0,0,0,7,7,0,0,0,0,0,0,0,0,0,0,0,090,090
361190016004003,36,119,001600,4003,0,0,0,0,0,0,0,0,0,0,0,0,0,0,0,0,0,0,0,0,0,0,0,0,0,0,0,0,0,0,0,090,090
361190120002025,36,119,012000,2025,23,16,0,0,0,0,2,5,23,7,16,16,0,0,0,0,0,0,11,11,0,0,0,0,0,0,0,0,0,0,0,092,092
361190120002023,36,119,012000,2023,35,29,0,0,0,0,3,3,35,3,32,29,0,0,0,0,3,0,12,12,0,0,0,0,0,0,0,0,0,0,0,092,092
361190120002020,36,119,012000,2020,33,33,0,0,0,0,0,0,33,2,31,31,0,0,0,0,0,0,14,14,0,0,0,0,0,0,0,0,0,0,0,092,092
361190120002026,36,119,012000,2026,16,11,0,0,0,0,3,2,16,3,13,11,0,0,0,0,0,2,8,8,0,0,0,0,0,0,0,0,0,0,0,092,092
361190120002045,36,119,012000,2045,75,68,0,0,5,0,1,1,75,0,75,68,0,0,5,0,1,1,30,25,5,0,0,0,0,0,0,0,0,0,0,092,092
361190023002001,36,119,002300,2001,85,19,41,0,0,0,20,5,85,40,45,4,41,0,0,0,0,0,30,30,0,0,0,0,0,0,0,0,0,0,0,090,090
361190117001023,36,119,011700,1023,30,15,0,0,6,0,4,5,30,6,24,15,0,0,6,0,0,3,5,0,5,0,0,0,0,0,0,0,0,0,0,092,092
361190022031004,36,119,002203,1004,320,227,30,0,9,0,29,25,320,61,259,220,21,0,8,0,2,8,244,218,26,0,0,0,0,0,0,0,0,0,0,090,090
361190022031002,36,119,002203,1002,122,75,6,1,7,0,14,19,122,36,86,67,5,1,7,0,0,6,70,70,0,0,0,0,0,0,0,0,0,0,0,090,090
361190022024004,36,119,002202,4004,186,155,7,0,17,0,1,6,186,7,179,151,7,0,17,0,1,3,75,67,8,0,0,0,0,0,0,0,0,0,0,090,090
361190022044003,36,119,002204,4003,92,70,2,0,4,0,3,13,92,15,77,70,2,0,4,0,0,1,65,60,5,0,0,0,0,0,0,0,0,0,0,090,090
361190021043003,36,119,002104,3003,615,201,139,1,59,0,154,61,615,240,375,186,123,0,59,0,5,2,341,333,8,0,0,0,0,0,0,0,0,0,0,090,090
361190021043001,36,119,002104,3001,0,0,0,0,0,0,0,0,0,0,0,0,0,0,0,0,0,0,0,0,0,0,0,0,0,0,0,0,0,0,0,090,090
361190022031000,36,119,002203,1000,781,411,114,2,68,0,114,72,781,209,572,381,103,2,68,0,12,6,570,524,46,0,0,0,0,0,0,0,0,0,0,090,090
361190014031001,36,119,001403,1001,157,80,2,0,0,0,49,26,157,77,80,73,2,0,0,0,3,2,58,55,3,0,0,0,0,0,0,0,0,0,0,090,090
361190013011008,36,119,001301,1008,163,43,4,5,37,0,46,28,163,86,77,35,4,0,37,0,1,0,59,50,9,0,0,0,0,0,0,0,0,0,0,089,089
361190014032001,36,119,001403,2001,212,110,26,2,8,0,44,22,212,78,134,107,19,0,8,0,0,0,123,123,0,0,0,0,0,0,0,0,0,0,0,089,089
361190014032003,36,119,001403,2003,156,72,16,3,13,0,38,14,156,52,104,66,15,3,13,0,0,7,60,56,4,0,0,0,0,0,0,0,0,0,0,089,089
361190014034009,36,119,001403,4009,0,0,0,0,0,0,0,0,0,0,0,0,0,0,0,0,0,0,0,0,0,0,0,0,0,0,0,0,0,0,0,089,089
361190109022017,36,119,010902,2017,42,0,28,0,0,0,5,9,42,9,33,0,28,0,0,0,1,4,20,20,0,0,0,0,0,0,0,0,0,0,0,092,092
361190109022039,36,119,010902,2039,37,2,20,0,0,0,5,10,37,12,25,2,20,0,0,0,0,3,14,8,6,0,0,0,0,0,0,0,0,0,0,092,092
361190109034025,36,119,010903,4025,67,42,19,0,0,0,2,4,67,11,56,42,13,0,0,0,0,1,21,21,0,0,0,0,0,0,0,0,0,0,0,092,092
361190109034016,36,119,010903,4016,88,35,32,0,3,0,13,5,88,10,78,35,32,0,3,0,3,5,35,35,0,0,0,0,0,0,0,0,0,0,0,092,092
361190111013002,36,119,011101,3002,210,86,47,3,43,0,18,13,210,35,175,85,45,1,43,0,0,1,79,74,5,0,0,0,0,0,0,0,0,0,0,092,092
361190111014012,36,119,011101,4012,42,28,4,0,10,0,0,0,42,1,41,28,3,0,10,0,0,0,17,17,0,0,0,0,0,0,0,0,0,0,0,092,092
361190111014008,36,119,011101,4008,56,27,11,0,15,0,0,3,56,2,54,27,11,0,15,0,0,1,23,18,5,0,0,0,0,0,0,0,0,0,0,092,092
361190117001013,36,119,011700,1013,116,62,7,0,3,0,24,20,116,50,66,48,7,0,3,0,1,7,49,49,0,0,0,0,0,0,0,0,0,0,0,092,092
361190119021007,36,119,011902,1007,26,16,0,0,3,0,4,3,26,4,22,16,0,0,3,0,0,3,5,5,0,0,0,0,0,0,0,0,0,0,0,092,092
361190120003005,36,119,012000,3005,20,5,0,0,0,0,11,4,20,14,6,5,0,0,0,0,1,0,8,3,5,0,0,0,0,0,0,0,0,0,0,092,092
361190121021029,36,119,012102,1029,35,27,0,0,1,0,3,4,35,7,28,27,0,0,1,0,0,0,13,13,0,0,0,0,0,0,0,0,0,0,0,092,092
361190120002044,36,119,012000,2044,66,57,1,0,3,0,5,0,66,5,61,57,1,0,3,0,0,0,20,17,3,0,0,0,0,0,0,0,0,0,0,092,092
361190120002010,36,119,012000,2010,24,19,0,0,0,0,0,5,24,5,19,19,0,0,0,0,0,0,8,8,0,0,0,0,0,0,0,0,0,0,0,092,092
361190120002048,36,119,012000,2048,65,55,0,0,0,0,3,7,65,8,57,55,0,0,0,0,0,2,16,16,0,0,0,0,0,0,0,0,0,0,0,092,092
361190120002055,36,119,012000,2055,25,20,0,0,0,0,0,5,25,5,20,20,0,0,0,0,0,0,6,6,0,0,0,0,0,0,0,0,0,0,0,092,092
361190120002049,36,119,012000,2049,58,56,0,0,1,0,1,0,58,1,57,56,0,0,1,0,0,0,26,26,0,0,0,0,0,0,0,0,0,0,0,092,092
361190120002000,36,119,012000,2000,107,45,26,0,5,0,13,18,107,39,68,34,23,0,5,0,0,6,14,14,0,54,54,0,0,44,10,0,0,0,0,092,092
361199810001004,36,119,981000,1004,0,0,0,0,0,0,0,0,0,0,0,0,0,0,0,0,0,0,0,0,0,0,0,0,0,0,0,0,0,0,0,092,092
361190120002002,36,119,012000,2002,35,30,0,0,5,0,0,0,35,0,35,30,0,0,5,0,0,0,10,10,0,0,0,0,0,0,0,0,0,0,0,092,092
361190120003013,36,119,012000,3013,39,36,0,0,0,0,0,3,39,3,36,36,0,0,0,0,0,0,15,15,0,0,0,0,0,0,0,0,0,0,0,092,092
361190120002019,36,119,012000,2019,44,35,0,0,0,0,2,7,44,13,31,30,0,0,0,0,1,0,14,14,0,0,0,0,0,0,0,0,0,0,0,092,092
361190120002031,36,119,012000,2031,17,12,0,0,2,0,0,3,17,6,11,8,0,0,2,0,0,1,4,0,4,0,0,0,0,0,0,0,0,0,0,092,092
361190120002028,36,119,012000,2028,38,30,0,0,0,0,8,0,38,8,30,30,0,0,0,0,0,0,18,18,0,0,0,0,0,0,0,0,0,0,0,092,092
361190120002043,36,119,012000,2043,42,37,0,0,3,0,1,1,42,8,34,31,0,0,3,0,0,0,14,14,0,0,0,0,0,0,0,0,0,0,0,092,092
361190120001038,36,119,012000,1038,26,11,4,0,0,0,5,6,26,15,11,11,0,0,0,0,0,0,5,5,0,0,0,0,0,0,0,0,0,0,0,092,092
361190120001016,36,119,012000,1016,27,25,0,0,1,0,1,0,27,1,26,25,0,0,1,0,0,0,11,11,0,0,0,0,0,0,0,0,0,0,0,092,092
361190121012026,36,119,012101,2026,23,17,1,0,0,0,0,5,23,3,20,14,1,0,0,0,0,5,3,3,0,0,0,0,0,0,0,0,0,0,0,092,092
361190121021015,36,119,012102,1015,78,62,0,0,3,0,4,9,78,13,65,62,0,0,3,0,0,0,29,29,0,0,0,0,0,0,0,0,0,0,0,092,092
361190121023032,36,119,012102,3032,91,87,0,0,4,0,0,0,91,0,91,87,0,0,4,0,0,0,34,34,0,0,0,0,0,0,0,0,0,0,0,092,092
361190013013003,36,119,001301,3003,34,12,3,0,0,0,6,13,34,13,21,11,2,0,0,0,0,8,10,10,0,0,0,0,0,0,0,0,0,0,0,090,090
361190002023010,36,119,000202,3010,159,36,60,0,6,0,27,30,159,52,107,35,57,0,6,0,1,8,87,86,1,0,0,0,0,0,0,0,0,0,0,089,089
361190002051003,36,119,000205,1003,248,21,48,9,15,1,117,37,248,173,75,10,30,3,15,0,8,9,72,67,5,0,0,0,0,0,0,0,0,0,0,089,089
361190002033003,36,119,000203,3003,41,17,6,0,4,0,3,11,41,23,18,11,3,0,0,0,0,4,11,10,1,0,0,0,0,0,0,0,0,0,0,089,089
361190013051006,36,119,001305,1006,492,67,57,20,6,0,231,111,492,384,108,53,40,3,6,0,0,6,152,141,11,0,0,0,0,0,0,0,0,0,0,089,089
361190013021000,36,119,001302,1000,287,33,56,8,2,2,130,56,287,206,81,20,53,0,2,0,2,4,94,94,0,0,0,0,0,0,0,0,0,0,0,089,089
361190013041003,36,119,001304,1003,158,30,33,0,16,0,44,35,158,71,87,24,33,0,14,0,5,11,32,24,8,0,0,0,0,0,0,0,0,0,0,089,089
361190011023002,36,119,001102,3002,461,77,143,6,0,0,170,65,461,266,195,62,123,1,0,0,0,9,151,126,25,0,0,0,0,0,0,0,0,0,0,090,090
361190012003003,36,119,001200,3003,334,141,30,2,24,0,100,37,334,156,178,123,25,2,24,0,2,2,115,115,0,0,0,0,0,0,0,0,0,0,0,090,090
361190011022009,36,119,001102,2009,54,23,12,4,0,0,12,3,54,29,25,22,2,1,0,0,0,0,11,0,11,0,0,0,0,0,0,0,0,0,0,090,090
361190013012006,36,119,001301,2006,23,13,7,0,1,0,2,0,23,2,21,12,7,0,1,0,1,0,10,10,0,0,0,0,0,0,0,0,0,0,0,090,090
361190112004015,36,119,011200,4015,24,1,5,0,0,0,15,3,24,18,6,0,5,0,0,0,1,0,4,4,0,0,0,0,0,0,0,0,0,0,0,092,092
361190112004029,36,119,011200,4029,0,0,0,0,0,0,0,0,0,0,0,0,0,0,0,0,0,0,0,0,0,0,0,0,0,0,0,0,0,0,0,092,092
361190112004028,36,119,011200,4028,22,2,2,2,0,0,6,10,22,16,6,0,2,0,0,0,1,3,4,4,0,0,0,0,0,0,0,0,0,0,0,092,092
361190112001005,36,119,011200,1005,47,16,9,0,14,0,1,7,47,8,39,16,9,0,14,0,0,0,19,13,6,0,0,0,0,0,0,0,0,0,0,092,092
361190112001008,36,119,011200,1008,67,19,0,5,0,0,34,9,67,48,19,19,0,0,0,0,0,0,21,21,0,0,0,0,0,0,0,0,0,0,0,092,092
361190112001000,36,119,011200,1000,40,6,2,1,3,0,7,21,40,27,13,6,2,1,3,0,0,1,13,13,0,0,0,0,0,0,0,0,0,0,0,092,092
361190112001010,36,119,011200,1010,59,23,11,0,10,0,4,11,59,25,34,17,6,0,10,0,0,1,12,12,0,0,0,0,0,0,0,0,0,0,0,092,092
361190112001014,36,119,011200,1014,31,9,6,0,2,0,8,6,31,10,21,9,6,0,2,0,0,4,10,10,0,0,0,0,0,0,0,0,0,0,0,092,092
361190108011008,36,119,010801,1008,260,154,36,0,46,0,11,13,260,20,240,151,36,0,46,0,3,4,100,100,0,0,0,0,0,0,0,0,0,0,0,092,092
361190112003016,36,119,011200,3016,12,0,0,2,0,0,1,9,12,8,4,0,0,2,0,0,0,2,1,1,0,0,0,0,0,0,0,0,0,0,0,092,092
361190112002027,36,119,011200,2027,40,3,0,3,16,0,5,13,40,22,18,2,0,0,16,0,0,0,12,12,0,0,0,0,0,0,0,0,0,0,0,092,092
361190151001001,36,119,015100,1001,88,6,58,0,10,0,0,14,88,10,78,5,57,0,10,0,0,6,30,30,0,0,0,0,0,0,0,0,0,0,0,089,089
361190002042001,36,119,000204,2001,398,41,84,0,13,0,199,61,398,276,122,22,73,0,13,0,9,5,134,117,17,0,0,0,0,0,0,0,0,0,0,089,089
361190002042002,36,119,000204,2002,681,80,150,17,32,0,291,111,681,477,204,22,132,4,32,0,2,12,339,324,15,0,0,0,0,0,0,0,0,0,0,089,089
361190001012000,36,119,000101,2000,396,23,53,23,6,0,230,61,396,330,66,4,48,1,6,0,5,2,112,94,18,0,0,0,0,0,0,0,0,0,0,090,090
361190012002008,36,119,001200,2008,129,17,17,3,0,0,65,27,129,99,30,3,16,0,0,0,1,10,35,35,0,0,0,0,0,0,0,0,0,0,0,090,090
361190011012008,36,119,001101,2008,349,34,53,2,4,0,211,45,349,301,48,8,37,0,3,0,0,0,93,93,0,0,0,0,0,0,0,0,0,0,0,090,090
361190014014001,36,119,001401,4001,0,0,0,0,0,0,0,0,0,0,0,0,0,0,0,0,0,0,0,0,0,0,0,0,0,0,0,0,0,0,0,090,090
361190014014003,36,119,001401,4003,493,281,50,9,72,0,50,31,493,90,403,263,49,1,72,0,6,12,208,206,2,7,0,0,0,0,0,7,0,0,7,090,090
361190014013004,36,119,001401,3004,63,28,5,2,10,0,8,10,63,21,42,26,5,0,10,0,1,0,22,22,0,0,0,0,0,0,0,0,0,0,0,090,090
361190014011003,36,119,001401,1003,138,99,3,0,2,0,21,13,138,35,103,99,3,0,0,0,0,1,53,53,0,0,0,0,0,0,0,0,0,0,0,090,090
361190014011001,36,119,001401,1001,178,135,5,0,6,0,17,15,178,28,150,134,1,0,6,0,0,9,57,57,0,0,0,0,0,0,0,0,0,0,0,090,090
361190014011002,36,119,001401,1002,82,60,0,1,9,0,0,12,82,14,68,56,0,1,9,0,0,2,25,16,9,0,0,0,0,0,0,0,0,0,0,090,090
361190014011010,36,119,001401,1010,86,38,0,0,20,0,16,12,86,32,54,29,0,0,20,0,0,5,26,26,0,0,0,0,0,0,0,0,0,0,0,090,090
361190014014006,36,119,001401,4006,127,65,14,1,1,0,24,22,127,47,80,63,14,1,1,0,0,1,54,51,3,0,0,0,0,0,0,0,0,0,0,090,090
361190014011008,36,119,001401,1008,29,17,4,1,0,0,0,7,29,7,22,17,4,1,0,0,0,0,8,8,0,0,0,0,0,0,0,0,0,0,0,090,090
361190014014004,36,119,001401,4004,13,4,0,0,1,0,5,3,13,7,6,4,0,0,1,0,0,1,7,7,0,0,0,0,0,0,0,0,0,0,0,090,090
361190014014007,36,119,001401,4007,148,118,6,2,3,0,7,12,148,17,131,116,4,0,3,0,3,5,59,59,0,0,0,0,0,0,0,0,0,0,0,090,090
361190110002001,36,119,011000,2001,12,3,0,4,2,0,1,2,12,7,5,3,0,0,1,0,0,1,1,0,1,0,0,0,0,0,0,0,0,0,0,092,092
361190103003013,36,119,010300,3013,228,117,15,2,15,0,41,38,228,85,143,107,11,2,13,0,1,9,122,106,16,0,0,0,0,0,0,0,0,0,0,092,092
361190007021000,36,119,000702,1000,702,240,133,6,42,0,213,68,702,319,383,209,106,5,42,0,11,10,363,336,27,0,0,0,0,0,0,0,0,0,0,092,092
361190005012002,36,119,000501,2002,85,18,10,2,0,0,40,15,85,64,21,10,9,0,0,0,0,2,33,33,0,0,0,0,0,0,0,0,0,0,0,090,090
361190011011003,36,119,001101,1003,335,44,80,4,11,0,168,28,335,201,134,42,76,0,8,0,1,7,103,93,10,0,0,0,0,0,0,0,0,0,0,090,090
361190010002010,36,119,001000,2010,81,9,30,0,14,0,14,14,81,27,54,8,29,0,14,0,1,2,25,24,1,0,0,0,0,0,0,0,0,0,0,090,090
361190001033001,36,119,000103,3001,137,11,19,9,4,0,64,30,137,117,20,0,11,0,4,0,2,3,34,34,0,0,0,0,0,0,0,0,0,0,0,089,089
361190001011004,36,119,000101,1004,359,30,98,1,10,3,167,50,359,258,101,5,73,0,9,0,11,3,119,102,17,0,0,0,0,0,0,0,0,0,0,089,089
361190008033002,36,119,000803,3002,53,7,13,1,3,1,18,10,53,31,22,7,9,0,3,1,0,2,19,19,0,11,0,0,0,0,0,11,0,0,11,090,090
361190008031006,36,119,000803,1006,337,140,42,5,15,0,79,56,337,170,167,98,35,0,15,0,0,19,114,110,4,0,0,0,0,0,0,0,0,0,0,090,090
361190008021003,36,119,000802,1003,145,20,17,4,15,0,38,51,145,92,53,15,16,0,15,0,7,0,52,52,0,0,0,0,0,0,0,0,0,0,0,090,090
361190117001015,36,119,011700,1015,81,63,0,0,0,0,11,7,81,21,60,60,0,0,0,0,0,0,35,35,0,0,0,0,0,0,0,0,0,0,0,092,092
361190116021009,36,119,011602,1009,578,239,33,1,78,0,159,68,578,269,309,207,18,0,78,0,3,3,247,247,0,0,0,0,0,0,0,0,0,0,0,092,092
361190014014010,36,119,001401,4010,40,21,1,2,8,0,2,6,40,14,26,16,0,0,8,0,2,0,8,8,0,0,0,0,0,0,0,0,0,0,0,090,090
361190014013000,36,119,001401,3000,114,74,10,0,7,0,6,17,114,28,86,70,4,0,7,0,0,5,43,43,0,0,0,0,0,0,0,0,0,0,0,090,090
361190014013002,36,119,001401,3002,53,30,2,0,13,0,0,8,53,6,47,30,0,0,13,0,0,4,18,17,1,0,0,0,0,0,0,0,0,0,0,090,090
361190014013005,36,119,001401,3005,108,52,12,0,32,0,7,5,108,18,90,49,9,0,32,0,0,0,28,28,0,0,0,0,0,0,0,0,0,0,0,090,090
361190014013006,36,119,001401,3006,87,51,2,0,17,0,14,3,87,24,63,46,1,0,16,0,0,0,39,39,0,0,0,0,0,0,0,0,0,0,0,090,090
361190014013011,36,119,001401,3011,144,74,0,0,42,0,24,4,144,31,113,69,0,0,42,0,0,2,53,51,2,0,0,0,0,0,0,0,0,0,0,090,090
361190014011009,36,119,001401,1009,44,33,1,0,2,0,1,7,44,13,31,28,0,0,2,0,0,1,16,16,0,0,0,0,0,0,0,0,0,0,0,090,090
361190014014008,36,119,001401,4008,130,55,7,5,5,0,27,31,130,66,64,52,4,0,5,0,2,1,42,41,1,0,0,0,0,0,0,0,0,0,0,090,090
361190014014009,36,119,001401,4009,44,27,5,1,5,0,2,4,44,4,40,27,5,0,5,0,2,1,20,17,3,0,0,0,0,0,0,0,0,0,0,090,090
361190024053010,36,119,002405,3010,76,56,0,0,3,0,9,8,76,11,65,53,0,0,3,0,5,4,33,26,7,0,0,0,0,0,0,0,0,0,0,090,090
361190014012000,36,119,001401,2000,106,79,10,0,7,0,8,2,106,12,94,79,8,0,7,0,0,0,69,69,0,0,0,0,0,0,0,0,0,0,0,090,090
361190014012004,36,119,001401,2004,93,49,0,0,3,0,28,13,93,44,49,45,0,0,3,0,0,1,34,32,2,0,0,0,0,0,0,0,0,0,0,090,090
361190014022005,36,119,001402,2005,85,59,4,0,0,0,11,11,85,31,54,50,4,0,0,0,0,0,33,33,0,0,0,0,0,0,0,0,0,0,0,090,090
361190014021012,36,119,001402,1012,86,62,2,0,14,0,2,6,86,11,75,58,2,0,14,0,0,1,27,27,0,0,0,0,0,0,0,0,0,0,0,090,090
361190014022003,36,119,001402,2003,188,141,5,2,18,0,4,18,188,24,164,141,3,0,18,0,0,2,71,71,0,0,0,0,0,0,0,0,0,0,0,090,090
361190014021011,36,119,001402,1011,92,59,9,0,4,0,4,16,92,15,77,58,9,0,4,0,0,6,28,27,1,0,0,0,0,0,0,0,0,0,0,090,090
361190109021007,36,119,010902,1007,0,0,0,0,0,0,0,0,0,0,0,0,0,0,0,0,0,0,0,0,0,0,0,0,0,0,0,0,0,0,0,092,092
361190103003001,36,119,010300,3001,0,0,0,0,0,0,0,0,0,0,0,0,0,0,0,0,0,0,0,0,0,0,0,0,0,0,0,0,0,0,0,092,092
361190041003004,36,119,004100,3004,14,10,2,0,0,0,1,1,14,7,7,4,2,0,0,0,0,1,1,1,0,0,0,0,0,0,0,0,0,0,0,089,089
361190001011001,36,119,000101,1001,626,63,146,1,3,0,291,122,626,469,157,15,125,0,3,0,3,11,247,242,5,0,0,0,0,0,0,0,0,0,0,089,089
361190122013003,36,119,012201,3003,340,277,5,0,24,0,1,33,340,32,308,271,5,0,24,0,0,8,105,105,0,14,0,0,0,0,0,14,0,0,14,092,092
361190122013004,36,119,012201,3004,72,58,0,0,7,0,2,5,72,6,66,58,0,0,7,0,0,1,44,44,0,0,0,0,0,0,0,0,0,0,0,092,092
361190122023007,36,119,012202,3007,47,34,1,1,7,0,0,4,47,5,42,34,1,0,7,0,0,0,19,17,2,0,0,0,0,0,0,0,0,0,0,092,092
361190122023028,36,119,012202,3028,25,18,2,0,1,0,0,4,25,2,23,18,2,0,1,0,0,2,11,11,0,0,0,0,0,0,0,0,0,0,0,092,092
361190109021001,36,119,010902,1001,1021,602,154,1,119,0,60,85,1021,161,860,577,149,1,119,0,6,8,494,475,19,0,0,0,0,0,0,0,0,0,0,092,092
361190122024014,36,119,012202,4014,111,91,0,0,0,0,2,18,111,20,91,87,0,0,0,0,0,4,65,62,3,0,0,0,0,0,0,0,0,0,0,092,092
361190122023042,36,119,012202,3042,40,9,0,1,1,0,23,6,40,27,13,8,0,0,1,0,4,0,10,7,3,0,0,0,0,0,0,0,0,0,0,092,092
361190121021000,36,119,012102,1000,81,24,9,0,0,0,35,13,81,45,36,23,9,0,0,0,4,0,38,37,1,0,0,0,0,0,0,0,0,0,0,092,092
361190122024015,36,119,012202,4015,43,38,0,0,1,0,3,1,43,6,37,36,0,0,1,0,0,0,9,9,0,0,0,0,0,0,0,0,0,0,0,092,092
361190118003004,36,119,011800,3004,0,0,0,0,0,0,0,0,0,0,0,0,0,0,0,0,0,0,0,0,0,0,0,0,0,0,0,0,0,0,0,092,092
361190122023048,36,119,012202,3048,13,6,2,0,0,0,3,2,13,6,7,4,2,0,0,0,0,1,8,8,0,0,0,0,0,0,0,0,0,0,0,092,092
361190122022009,36,119,012202,2009,46,33,1,0,0,0,0,12,46,8,38,29,1,0,0,0,0,8,23,23,0,0,0,0,0,0,0,0,0,0,0,092,092
361190109022003,36,119,010902,2003,19,3,3,0,0,0,3,10,19,1,18,2,3,0,0,0,3,10,1,1,0,0,0,0,0,0,0,0,0,0,0,092,092
361190036002005,36,119,003600,2005,78,6,31,0,1,0,21,19,78,30,48,6,29,0,1,0,3,9,26,26,0,0,0,0,0,0,0,0,0,0,0,089,089
361190030002005,36,119,003000,2005,25,0,10,0,1,0,8,6,25,8,17,0,10,0,1,0,0,6,9,5,4,0,0,0,0,0,0,0,0,0,0,089,089
361190030002007,36,119,003000,2007,156,5,117,0,11,0,7,16,156,24,132,5,107,0,11,0,0,9,47,47,0,0,0,0,0,0,0,0,0,0,0,089,089
361190036003002,36,119,003600,3002,189,15,103,7,0,0,51,13,189,65,124,15,99,0,0,0,7,3,71,71,0,0,0,0,0,0,0,0,0,0,0,089,089
361190030001007,36,119,003000,1007,0,0,0,0,0,0,0,0,0,0,0,0,0,0,0,0,0,0,0,0,0,0,0,0,0,0,0,0,0,0,0,089,089
361190045001001,36,119,004500,1001,257,187,32,0,1,0,14,23,257,27,230,184,32,0,0,0,8,6,100,94,6,0,0,0,0,0,0,0,0,0,0,089,089
361190045001002,36,119,004500,1002,972,346,437,0,30,0,59,100,972,172,800,326,416,0,30,0,3,25,542,508,34,0,0,0,0,0,0,0,0,0,0,089,089
361190002042004,36,119,000204,2004,0,0,0,0,0,0,0,0,0,0,0,0,0,0,0,0,0,0,0,0,0,0,0,0,0,0,0,0,0,0,0,089,089
361190151003000,36,119,015100,3000,48,31,7,0,0,0,0,10,48,5,43,31,7,0,0,0,0,5,17,12,5,0,0,0,0,0,0,0,0,0,0,089,089
361190038002001,36,119,003800,2001,279,105,55,2,24,0,43,50,279,77,202,98,51,0,24,0,5,24,110,110,0,0,0,0,0,0,0,0,0,0,0,089,089
361190151003014,36,119,015100,3014,0,0,0,0,0,0,0,0,0,0,0,0,0,0,0,0,0,0,0,0,0,0,0,0,0,0,0,0,0,0,0,089,089
361190039001008,36,119,003900,1008,68,25,26,0,7,0,0,10,68,7,61,25,26,0,7,0,0,3,27,25,2,0,0,0,0,0,0,0,0,0,0,089,089
361190009002008,36,119,000900,2008,0,0,0,0,0,0,0,0,0,0,0,0,0,0,0,0,0,0,0,0,0,0,0,0,0,0,0,0,0,0,0,092,092
361190102002017,36,119,010200,2017,0,0,0,0,0,0,0,0,0,0,0,0,0,0,0,0,0,0,0,0,0,0,0,0,0,0,0,0,0,0,0,092,092
361190110002002,36,119,011000,2002,0,0,0,0,0,0,0,0,0,0,0,0,0,0,0,0,0,0,0,0,0,0,0,0,0,0,0,0,0,0,0,092,092
361190119021011,36,119,011902,1011,154,140,0,0,2,0,4,8,154,9,145,140,0,0,2,0,0,3,55,48,7,0,0,0,0,0,0,0,0,0,0,092,092
361190013013001,36,119,001301,3001,38,13,7,0,2,3,2,11,38,22,16,8,2,0,2,0,2,2,8,8,0,0,0,0,0,0,0,0,0,0,0,090,090
361190021011006,36,119,002101,1006,56,26,0,0,7,0,16,7,56,22,34,26,0,0,7,0,1,0,16,14,2,0,0,0,0,0,0,0,0,0,0,090,090
361190021011002,36,119,002101,1002,68,36,2,0,11,0,7,12,68,27,41,30,0,0,11,0,0,0,18,18,0,0,0,0,0,0,0,0,0,0,0,090,090
361190021011001,36,119,002101,1001,41,18,0,0,8,0,7,8,41,14,27,16,0,0,8,0,0,3,18,18,0,0,0,0,0,0,0,0,0,0,0,090,090
361190021011000,36,119,002101,1000,952,431,187,4,119,0,140,71,952,253,699,386,186,0,119,0,5,3,540,530,10,0,0,0,0,0,0,0,0,0,0,090,090
361190004012005,36,119,000401,2005,144,55,28,4,13,3,19,22,144,47,97,42,24,0,13,3,4,11,100,94,6,0,0,0,0,0,0,0,0,0,0,089,089
361190021031000,36,119,002103,1000,0,0,0,0,0,0,0,0,0,0,0,0,0,0,0,0,0,0,0,0,0,0,0,0,0,0,0,0,0,0,0,090,090
361190021041009,36,119,002104,1009,52,38,0,0,7,0,0,7,52,11,41,33,0,0,7,0,0,1,14,14,0,0,0,0,0,0,0,0,0,0,0,090,090
361190021041010,36,119,002104,1010,38,35,0,0,0,0,1,2,38,5,33,33,0,0,0,0,0,0,18,18,0,0,0,0,0,0,0,0,0,0,0,090,090
361190021033013,36,119,002103,3013,33,29,0,0,0,0,2,2,33,3,30,29,0,0,0,0,0,1,11,11,0,0,0,0,0,0,0,0,0,0,0,090,090
361190021032000,36,119,002103,2000,136,118,0,0,6,0,4,8,136,11,125,117,0,0,6,0,0,2,45,45,0,0,0,0,0,0,0,0,0,0,0,090,090
361190021033009,36,119,002103,3009,115,106,5,0,0,0,3,1,115,2,113,106,5,0,0,0,1,1,45,45,0,0,0,0,0,0,0,0,0,0,0,090,090
361190021032001,36,119,002103,2001,63,54,0,1,0,0,0,8,63,1,62,54,0,0,0,0,0,8,28,28,0,0,0,0,0,0,0,0,0,0,0,090,090
361190021033010,36,119,002103,3010,39,34,0,0,0,0,2,3,39,2,37,34,0,0,0,0,2,1,12,12,0,0,0,0,0,0,0,0,0,0,0,090,090
361190021033011,36,119,002103,3011,32,29,0,0,0,0,1,2,32,5,27,27,0,0,0,0,0,0,13,13,0,0,0,0,0,0,0,0,0,0,0,090,090
361190021032003,36,119,002103,2003,115,101,1,0,5,0,0,8,115,4,111,97,1,0,5,0,0,8,36,36,0,0,0,0,0,0,0,0,0,0,0,090,090
361190021032017,36,119,002103,2017,49,30,3,0,4,0,2,10,49,10,39,29,3,0,4,0,2,1,15,7,8,0,0,0,0,0,0,0,0,0,0,090,090
361190021032002,36,119,002103,2002,54,52,0,0,0,0,1,1,54,1,53,52,0,0,0,0,0,1,20,20,0,0,0,0,0,0,0,0,0,0,0,090,090
361190021033015,36,119,002103,3015,36,30,0,0,2,0,0,4,36,3,33,30,0,0,1,0,0,2,14,14,0,0,0,0,0,0,0,0,0,0,0,090,090
361190021033017,36,119,002103,3017,52,51,0,0,1,0,0,0,52,6,46,46,0,0,0,0,0,0,16,12,4,0,0,0,0,0,0,0,0,0,0,090,090
361190021033016,36,119,002103,3016,71,71,0,0,0,0,0,0,71,0,71,71,0,0,0,0,0,0,23,23,0,0,0,0,0,0,0,0,0,0,0,090,090
361190021033022,36,119,002103,3022,71,69,0,0,0,0,0,2,71,1,70,69,0,0,0,0,0,1,28,26,2,0,0,0,0,0,0,0,0,0,0,090,090
361190021032006,36,119,002103,2006,46,39,4,0,0,0,0,3,46,3,43,39,2,0,0,0,0,2,15,15,0,0,0,0,0,0,0,0,0,0,0,090,090
361190021032015,36,119,002103,2015,44,42,0,0,1,0,0,1,44,6,38,36,0,0,1,0,0,1,13,13,0,0,0,0,0,0,0,0,0,0,0,090,090
361190021032016,36,119,002103,2016,67,63,0,0,1,0,0,3,67,6,61,60,0,0,1,0,0,0,24,17,7,0,0,0,0,0,0,0,0,0,0,090,090
361190021033021,36,119,002103,3021,84,76,0,0,0,0,2,6,84,11,73,73,0,0,0,0,0,0,28,28,0,0,0,0,0,0,0,0,0,0,0,090,090
361190011023004,36,119,001102,3004,159,25,43,2,11,0,43,35,159,83,76,17,38,0,11,0,1,9,49,44,5,0,0,0,0,0,0,0,0,0,0,090,090
361190013011010,36,119,001301,1010,50,27,5,0,0,0,13,5,50,21,29,24,3,0,0,0,2,0,18,15,3,0,0,0,0,0,0,0,0,0,0,090,090
361190013013006,36,119,001301,3006,29,6,5,0,0,0,0,18,29,16,13,6,5,0,0,0,0,2,2,2,0,0,0,0,0,0,0,0,0,0,0,090,090
361190013012007,36,119,001301,2007,112,43,15,0,22,0,25,7,112,30,82,41,15,0,22,0,2,2,29,27,2,0,0,0,0,0,0,0,0,0,0,090,090
361190013011012,36,119,001301,1012,71,40,11,0,5,0,10,5,71,17,54,40,9,0,5,0,0,0,26,26,0,0,0,0,0,0,0,0,0,0,0,090,090
361190013011011,36,119,001301,1011,108,34,11,0,22,0,33,8,108,36,72,33,11,0,22,0,4,2,40,39,1,0,0,0,0,0,0,0,0,0,0,090,090
361190013013007,36,119,001301,3007,197,50,31,0,14,0,69,33,197,107,90,41,31,0,14,0,0,4,73,73,0,0,0,0,0,0,0,0,0,0,0,090,090
361190013013008,36,119,001301,3008,287,41,30,9,4,0,140,63,287,224,63,27,26,0,4,0,3,3,109,91,18,0,0,0,0,0,0,0,0,0,0,090,090
361190013021002,36,119,001302,1002,262,49,55,18,23,0,94,23,262,158,104,31,50,0,22,0,0,1,89,83,6,0,0,0,0,0,0,0,0,0,0,089,089
361190013021003,36,119,001302,1003,276,36,68,0,5,0,117,50,276,157,119,35,62,0,4,0,7,11,114,103,11,0,0,0,0,0,0,0,0,0,0,089,089
361190013021004,36,119,001302,1004,249,49,34,0,9,0,95,62,249,169,80,34,22,0,8,0,10,6,113,113,0,0,0,0,0,0,0,0,0,0,0,089,089
361190013012021,36,119,001301,2021,52,26,6,0,9,0,1,10,52,6,46,26,6,0,9,0,1,4,22,21,1,0,0,0,0,0,0,0,0,0,0,090,090
361190013011019,36,119,001301,1019,36,15,6,0,7,0,0,8,36,4,32,15,6,0,7,0,0,4,12,12,0,0,0,0,0,0,0,0,0,0,0,089,089
361190013011018,36,119,001301,1018,29,12,4,0,0,0,6,7,29,17,12,11,1,0,0,0,0,0,10,6,4,0,0,0,0,0,0,0,0,0,0,089,089
361190013011021,36,119,001301,1021,60,18,9,0,9,0,20,4,60,20,40,18,9,0,9,0,0,4,15,15,0,0,0,0,0,0,0,0,0,0,0,089,089
361190121011011,36,119,012101,1011,32,31,0,0,0,0,0,1,32,0,32,31,0,0,0,0,0,1,17,14,3,0,0,0,0,0,0,0,0,0,0,092,092
361190014012001,36,119,001401,2001,74,29,11,0,1,0,21,12,74,32,42,29,6,0,1,0,2,4,23,23,0,0,0,0,0,0,0,0,0,0,0,090,090
361190024041008,36,119,002404,1008,53,27,0,0,0,0,14,12,53,21,32,27,0,0,0,0,0,5,22,15,7,0,0,0,0,0,0,0,0,0,0,090,090
361190022011032,36,119,002201,1032,0,0,0,0,0,0,0,0,0,0,0,0,0,0,0,0,0,0,0,0,0,0,0,0,0,0,0,0,0,0,0,090,090
361190024032002,36,119,002403,2002,172,97,22,0,1,0,22,30,172,56,116,97,15,0,0,0,0,4,52,48,4,4,0,0,0,0,0,4,0,0,4,090,090
361190021032013,36,119,002103,2013,113,99,2,0,3,0,2,7,113,15,98,92,2,0,3,0,0,1,39,39,0,0,0,0,0,0,0,0,0,0,0,090,090
361190022011029,36,119,002201,1029,25,18,0,0,0,0,2,5,25,8,17,17,0,0,0,0,0,0,9,9,0,0,0,0,0,0,0,0,0,0,0,090,090
361190151002002,36,119,015100,2002,139,106,7,0,5,0,8,13,139,15,124,106,5,0,5,0,3,5,61,61,0,0,0,0,0,0,0,0,0,0,0,089,089
361190109023019,36,119,010902,3019,0,0,0,0,0,0,0,0,0,0,0,0,0,0,0,0,0,0,0,0,0,0,0,0,0,0,0,0,0,0,0,092,092
