GEOID,STATE,COUNTY,TRACT,BLOCK,P1_Total(001),P1_White(003),P1_Black(004),P1_AIAN(005),P1_Asian(006),P1_NHPI(007),P1_Other(008),P1_TwoPlus(009),P2_Total(001),P2_Hispanic(002),P2_NotHispanic(003),P2_NH_White(005),P2_NH_Black(006),P2_NH_AIAN(007),P2_NH_Asian(008),P2_NH_NHPI(009),P2_NH_Other(010),P2_NH_TwoPlus(011),H1_TotalUnits(001),H1_Occupied(002),H1_Vacant(003),P5_GQTotal(001),P5_Inst(002),P5_Correctional(003),P5_Juvenile(004),P5_Nursing(005),P5_OtherInst(006),P5_NonInst(007),P5_College(008),P5_Military(009),P5_OtherNonInst(010),ad_old,ad_new,place_share
361190021042001,36,119,002104,2001,17,6,0,0,2,0,3,6,17,5,12,6,0,0,2,0,0,4,3,1,2,0,0,0,0,0,0,0,0,0,0,090,090,0.9999999999999998
361190021071004,36,119,002107,1004,54,25,2,1,5,0,9,12,54,22,32,17,2,1,5,0,0,7,20,20,0,0,0,0,0,0,0,0,0,0,0,090,090,0.9999999999999997
361190021041001,36,119,002104,1001,36,24,2,0,1,0,9,0,36,17,19,18,0,0,1,0,0,0,13,11,2,0,0,0,0,0,0,0,0,0,0,090,090,1.0
361190021041008,36,119,002104,1008,26,24,0,0,0,0,0,2,26,1,25,24,0,0,0,0,0,1,9,4,5,0,0,0,0,0,0,0,0,0,0,090,090,1.0000000000000002
361190021041013,36,119,002104,1013,59,44,3,0,7,0,1,4,59,17,42,28,3,0,7,0,0,4,14,14,0,0,0,0,0,0,0,0,0,0,0,090,090,1.0
361190022041007,36,119,002204,1007,22,18,0,0,1,0,3,0,22,3,19,18,0,0,1,0,0,0,8,8,0,0,0,0,0,0,0,0,0,0,0,090,090,0.9999999999999999
361190022011010,36,119,002201,1010,26,17,0,0,5,0,3,1,26,7,19,14,0,0,5,0,0,0,4,4,0,0,0,0,0,0,0,0,0,0,0,090,090,1.0000000000000002
361190022011023,36,119,002201,1023,23,20,0,0,0,0,1,2,23,1,22,20,0,0,0,0,0,2,13,13,0,0,0,0,0,0,0,0,0,0,0,090,090,1.0
361190022011017,36,119,002201,1017,28,22,1,0,0,0,0,5,28,4,24,22,1,0,0,0,0,1,10,10,0,0,0,0,0,0,0,0,0,0,0,090,090,1.0
361190022023007,36,119,002202,3007,72,36,14,0,5,0,4,13,72,19,53,32,14,0,5,0,0,2,27,27,0,0,0,0,0,0,0,0,0,0,0,090,090,0.9999999999999999
361190022023000,36,119,002202,3000,0,0,0,0,0,0,0,0,0,0,0,0,0,0,0,0,0,0,0,0,0,0,0,0,0,0,0,0,0,0,0,090,090,1.0
361190022023012,36,119,002202,3012,28,23,2,0,2,0,0,1,28,1,27,23,2,0,2,0,0,0,14,14,0,0,0,0,0,0,0,0,0,0,0,090,090,1.0
361190009001012,36,119,000900,1012,85,38,6,0,1,0,23,17,85,35,50,38,6,0,1,0,2,3,28,28,0,0,0,0,0,0,0,0,0,0,0,092,090,1.0
361190021051013,36,119,002105,1013,118,48,6,0,60,0,0,4,118,2,116,48,6,0,60,0,0,2,38,38,0,0,0,0,0,0,0,0,0,0,0,090,090,0.9999999999999998
361190021062001,36,119,002106,2001,182,50,44,0,34,0,15,39,182,60,122,35,33,0,34,0,3,17,87,74,13,0,0,0,0,0,0,0,0,0,0,090,090,0.9999999999999999
361190021071018,36,119,002107,1018,46,30,1,0,6,0,1,8,46,8,38,30,0,0,6,0,1,1,12,12,0,0,0,0,0,0,0,0,0,0,0,090,090,1.0000000000000002
361190021052018,36,119,002105,2018,23,19,0,0,0,0,1,3,23,1,22,19,0,0,0,0,0,3,9,9,0,0,0,0,0,0,0,0,0,0,0,090,090,1.0
361190021031017,36,119,002103,1017,38,29,0,0,6,0,0,3,38,4,34,28,0,0,6,0,0,0,12,12,0,0,0,0,0,0,0,0,0,0,0,090,090,1.0000000000000002
361190021062006,36,119,002106,2006,234,27,92,3,57,0,32,23,234,43,191,26,92,0,57,0,0,16,108,108,0,0,0,0,0,0,0,0,0,0,0,090,090,1.0000000000000002
361190021013009,36,119,002101,3009,316,175,34,1,18,0,46,42,316,82,234,156,34,1,18,0,8,17,167,166,1,0,0,0,0,0,0,0,0,0,0,090,090,1.0
361190021042019,36,119,002104,2019,38,19,2,0,10,0,2,5,38,4,34,18,2,0,10,0,2,2,12,12,0,0,0,0,0,0,0,0,0,0,0,090,090,1.0
361190021042002,36,119,002104,2002,49,12,6,0,14,0,14,3,49,16,33,12,4,0,14,0,2,1,22,22,0,0,0,0,0,0,0,0,0,0,0,090,090,1.0
361190021042008,36,119,002104,2008,43,22,0,0,7,0,11,3,43,14,29,22,0,0,7,0,0,0,11,11,0,0,0,0,0,0,0,0,0,0,0,090,090,1.0
361190021042033,36,119,002104,2033,64,34,3,0,7,0,1,19,64,17,47,31,3,0,7,0,0,6,20,18,2,0,0,0,0,0,0,0,0,0,0,090,090,1.0
361190021042020,36,119,002104,2020,26,9,11,0,3,0,2,1,26,4,22,9,8,0,3,0,1,1,3,3,0,0,0,0,0,0,0,0,0,0,0,090,090,1.0000000000000002
361190021042038,36,119,002104,2038,43,15,4,0,8,0,3,13,43,20,23,12,0,0,8,0,2,1,11,11,0,0,0,0,0,0,0,0,0,0,0,090,090,1.0
361190022011012,36,119,002201,1012,23,4,0,0,15,0,2,2,23,4,19,4,0,0,15,0,0,0,7,7,0,0,0,0,0,0,0,0,0,0,0,090,090,1.0
361190021042026,36,119,002104,2026,26,6,0,0,0,0,7,13,26,19,7,6,0,0,0,0,0,1,9,6,3,0,0,0,0,0,0,0,0,0,0,090,090,1.0000000000000002
361190021042018,36,119,002104,2018,93,59,5,0,7,0,5,17,93,31,62,52,2,0,7,0,0,1,31,31,0,0,0,0,0,0,0,0,0,0,0,090,090,0.9999999999999997
361190021042021,36,119,002104,2021,36,21,1,0,8,0,0,6,36,4,32,21,1,0,8,0,0,2,11,11,0,0,0,0,0,0,0,0,0,0,0,090,090,0.9999999999999998
361190021042025,36,119,002104,2025,37,21,5,0,6,0,0,5,37,5,32,21,4,0,6,0,0,1,12,12,0,0,0,0,0,0,0,0,0,0,0,090,090,1.0
361190022011011,36,119,002201,1011,29,19,6,0,0,0,3,1,29,6,23,17,6,0,0,0,0,0,10,9,1,0,0,0,0,0,0,0,0,0,0,090,090,1.0000000000000002
361190021041014,36,119,002104,1014,49,35,0,0,6,0,6,2,49,6,43,35,0,0,6,0,2,0,16,16,0,0,0,0,0,0,0,0,0,0,0,090,090,0.9999999999999998
361190021041011,36,119,002104,1011,75,61,0,0,1,0,2,11,75,15,60,58,0,0,1,0,0,1,26,26,0,0,0,0,0,0,0,0,0,0,0,090,090,1.0
361190021042000,36,119,002104,2000,45,30,2,0,0,0,11,2,45,14,31,28,2,0,0,0,1,0,16,16,0,0,0,0,0,0,0,0,0,0,0,090,090,1.0000000000000002
361190021071012,36,119,002107,1012,53,30,2,0,5,0,1,15,53,26,27,21,0,0,4,0,0,2,12,12,0,0,0,0,0,0,0,0,0,0,0,090,090,1.0
361190021042031,36,119,002104,2031,48,31,0,1,4,0,0,12,48,17,31,25,0,0,2,0,0,4,10,10,0,0,0,0,0,0,0,0,0,0,0,090,090,1.0
361190021041000,36,119,002104,1000,386,256,34,2,41,0,36,17,386,65,321,246,34,0,41,0,0,0,135,135,0,0,0,0,0,0,0,0,0,0,0,090,090,0.9999999999999992
361190021041005,36,119,002104,1005,27,18,0,1,0,0,5,3,27,9,18,17,0,0,0,0,1,0,8,8,0,0,0,0,0,0,0,0,0,0,0,090,090,0.9999999999999999
361190021071005,36,119,002107,1005,31,9,1,1,8,0,9,3,31,12,19,8,1,1,8,0,1,0,5,5,0,0,0,0,0,0,0,0,0,0,0,090,090,0.9999999999999999
361190021041006,36,119,002104,1006,43,36,3,0,3,0,0,1,43,2,41,35,3,0,3,0,0,0,21,21,0,0,0,0,0,0,0,0,0,0,0,090,090,0.9999999999999998
361190021071017,36,119,002107,1017,58,48,1,2,5,0,0,2,58,5,53,48,0,0,5,0,0,0,22,22,0,0,0,0,0,0,0,0,0,0,0,090,090,1.0000000000000002
361190021041016,36,119,002104,1016,50,41,0,0,2,0,0,7,50,9,41,37,0,0,2,0,0,2,11,11,0,0,0,0,0,0,0,0,0,0,0,090,090,0.9999999999999999
361190021041002,36,119,002104,1002,67,39,0,0,22,0,0,6,67,7,60,37,0,0,22,0,0,1,18,18,0,0,0,0,0,0,0,0,0,0,0,090,090,1.0
361190021041007,36,119,002104,1007,152,110,8,0,21,0,11,2,152,11,141,110,8,0,21,0,0,2,53,53,0,0,0,0,0,0,0,0,0,0,0,090,090,1.0000000000000002
361190021041004,36,119,002104,1004,41,30,2,0,0,0,0,9,41,10,31,30,0,0,0,0,0,1,15,15,0,0,0,0,0,0,0,0,0,0,0,090,090,1.0
361190014021000,36,119,001402,1000,207,123,14,0,9,0,42,19,207,73,134,109,14,0,9,0,2,0,74,74,0,0,0,0,0,0,0,0,0,0,0,090,090,0.9999999999999997
361190020004008,36,119,002000,4008,0,0,0,0,0,0,0,0,0,0,0,0,0,0,0,0,0,0,0,0,0,0,0,0,0,0,0,0,0,0,0,090,090,1.0000000000000007
361190020004017,36,119,002000,4017,0,0,0,0,0,0,0,0,0,0,0,0,0,0,0,0,0,0,0,0,0,0,0,0,0,0,0,0,0,0,0,090,090,0.9999999999999998
361190020004016,36,119,002000,4016,0,0,0,0,0,0,0,0,0,0,0,0,0,0,0,0,0,0,0,0,0,0,0,0,0,0,0,0,0,0,0,090,090,1.0
361190020004009,36,119,002000,4009,0,0,0,0,0,0,0,0,0,0,0,0,0,0,0,0,0,0,0,0,0,0,0,0,0,0,0,0,0,0,0,090,090,0.9999999999999998
361190020004022,36,119,002000,4022,14,2,0,0,6,0,1,5,14,4,10,2,0,0,6,0,0,2,1,0,1,0,0,0,0,0,0,0,0,0,0,090,090,1.0
361190020004013,36,119,002000,4013,0,0,0,0,0,0,0,0,0,0,0,0,0,0,0,0,0,0,0,0,0,0,0,0,0,0,0,0,0,0,0,090,090,1.0
361190024022002,36,119,002402,2002,39,20,1,0,3,0,6,9,39,9,30,20,1,0,2,0,3,4,15,15,0,3,0,0,0,0,0,3,0,0,3,090,090,1.0
361190002022003,36,119,000202,2003,0,0,0,0,0,0,0,0,0,0,0,0,0,0,0,0,0,0,0,0,0,0,0,0,0,0,0,0,0,0,0,089,089,1.0000000000000002
361190021031001,36,119,002103,1001,74,66,0,0,0,0,0,8,74,7,67,65,0,0,0,0,0,2,33,31,2,0,0,0,0,0,0,0,0,0,0,090,090,1.0000000000000007
361190015022001,36,119,001502,2001,121,78,17,1,7,0,10,8,121,15,106,78,17,1,6,0,0,4,40,40,0,0,0,0,0,0,0,0,0,0,0,089,089,1.0
361190015031012,36,119,001503,1012,11,5,0,0,0,0,0,6,11,1,10,5,0,0,0,0,0,5,3,3,0,0,0,0,0,0,0,0,0,0,0,089,089,0.9999999999999996
361190015022000,36,119,001502,2000,156,91,12,2,5,0,33,13,156,45,111,84,12,0,5,0,3,7,51,51,0,0,0,0,0,0,0,0,0,0,0,089,089,1.0
361190015021003,36,119,001502,1003,144,34,44,0,4,0,24,38,144,46,98,34,41,0,3,0,3,17,82,78,4,0,0,0,0,0,0,0,0,0,0,089,089,1.0000000000000002
361190016003006,36,119,001600,3006,50,8,8,1,2,0,14,17,50,28,22,8,7,0,2,0,1,4,18,18,0,0,0,0,0,0,0,0,0,0,0,090,090,1.0000000000000002
361190017012005,36,119,001701,2005,75,51,4,0,6,0,5,9,75,16,59,47,4,0,6,0,0,2,26,26,0,0,0,0,0,0,0,0,0,0,0,090,090,1.0
361190016003008,36,119,001600,3008,13,2,1,0,3,0,0,7,13,8,5,0,1,0,3,0,0,1,2,0,2,0,0,0,0,0,0,0,0,0,0,090,090,1.0
361190017013008,36,119,001701,3008,101,39,7,0,7,0,28,20,101,64,37,17,7,0,7,0,0,6,28,28,0,0,0,0,0,0,0,0,0,0,0,090,090,1.0000000000000002
361190023001018,36,119,002300,1018,0,0,0,0,0,0,0,0,0,0,0,0,0,0,0,0,0,0,0,0,0,0,0,0,0,0,0,0,0,0,0,090,090,0.999999999999998
361190013011013,36,119,001301,1013,70,41,5,0,14,0,1,9,70,17,53,33,5,0,14,0,0,1,30,30,0,0,0,0,0,0,0,0,0,0,0,090,090,1.0000000000000002
361190013011020,36,119,001301,1020,157,45,27,0,4,0,58,23,157,79,78,37,27,0,4,0,7,3,57,57,0,0,0,0,0,0,0,0,0,0,0,089,089,0.9999999999999993
361190013022002,36,119,001302,2002,495,54,99,8,6,0,247,81,495,366,129,48,71,1,6,0,0,3,187,178,9,0,0,0,0,0,0,0,0,0,0,089,089,0.9999999999999998
361190013011023,36,119,001301,1023,90,45,16,0,2,0,5,22,90,24,66,42,15,0,2,0,0,7,27,18,9,0,0,0,0,0,0,0,0,0,0,089,089,1.0
361190009002019,36,119,000900,2019,0,0,0,0,0,0,0,0,0,0,0,0,0,0,0,0,0,0,0,0,0,0,0,0,0,0,0,0,0,0,0,092,092,1.0000000000000002
361190008014003,36,119,000801,4003,237,99,8,2,27,0,58,43,237,111,126,87,7,0,27,0,2,3,132,132,0,0,0,0,0,0,0,0,0,0,0,090,090,1.0
361190008012001,36,119,000801,2001,68,40,3,1,6,0,10,8,68,22,46,35,3,1,6,0,0,1,23,21,2,0,0,0,0,0,0,0,0,0,0,090,090,0.9999999999999999
361190021044002,36,119,002104,4002,0,0,0,0,0,0,0,0,0,0,0,0,0,0,0,0,0,0,0,0,0,0,0,0,0,0,0,0,0,0,0,090,090,0.9999999999999998
361190013051000,36,119,001305,1000,35,9,1,3,1,0,2,19,35,21,14,4,1,2,1,0,0,6,2,0,2,0,0,0,0,0,0,0,0,0,0,089,089,1.0000000000000002
361190002031001,36,119,000203,1001,125,28,29,1,10,0,28,29,125,61,64,23,21,1,10,0,0,9,61,61,0,0,0,0,0,0,0,0,0,0,0,089,089,0.9999999999999999
361190002031003,36,119,000203,1003,188,41,23,4,1,0,96,23,188,127,61,32,23,0,0,0,0,6,91,91,0,0,0,0,0,0,0,0,0,0,0,089,089,1.0
361190013052003,36,119,001305,2003,354,66,45,9,19,0,151,64,354,243,111,46,34,2,19,0,5,5,130,112,18,8,8,0,0,0,8,0,0,0,0,089,089,1.0000000000000002
361190011023001,36,119,001102,3001,146,17,53,1,5,1,41,28,146,75,71,9,52,1,5,1,1,2,55,43,12,0,0,0,0,0,0,0,0,0,0,090,090,1.0000000000000002
361190013012011,36,119,001301,2011,19,9,2,0,4,0,0,4,19,8,11,6,0,0,4,0,0,1,1,1,0,0,0,0,0,0,0,0,0,0,0,090,090,0.9999999999999997
361190013012014,36,119,001301,2014,62,44,1,1,0,0,15,1,62,19,43,40,1,0,0,0,2,0,25,25,0,0,0,0,0,0,0,0,0,0,0,090,090,1.0
361190022012003,36,119,002201,2003,31,17,0,0,2,1,10,1,31,13,18,15,0,0,2,1,0,0,12,12,0,0,0,0,0,0,0,0,0,0,0,090,090,0.9999999999999999
361190003001000,36,119,000300,1000,81,8,2,5,0,0,48,18,81,77,4,0,1,0,0,0,0,3,23,10,13,0,0,0,0,0,0,0,0,0,0,090,090,1.0000000000000002
361190009002003,36,119,000900,2003,12,0,2,0,4,0,3,3,12,4,8,0,1,0,4,0,1,2,1,1,0,0,0,0,0,0,0,0,0,0,0,092,092,1.0000000000000002
361190013011006,36,119,001301,1006,20,1,5,3,4,0,5,2,20,15,5,1,0,0,4,0,0,0,2,0,2,0,0,0,0,0,0,0,0,0,0,090,090,1.0000000000000002
361190009002004,36,119,000900,2004,6,1,2,0,0,0,3,0,6,3,3,1,2,0,0,0,0,0,0,0,0,6,0,0,0,0,0,6,0,0,6,092,092,0.9999999999999999
361190009001001,36,119,000900,1001,696,278,95,1,79,0,136,107,696,268,428,243,80,1,79,0,0,25,227,222,5,32,32,0,0,0,32,0,0,0,0,090,090,0.9999999999999998
361190022042010,36,119,002204,2010,262,198,26,0,5,0,29,4,262,34,228,191,26,0,5,0,3,3,167,151,16,0,0,0,0,0,0,0,0,0,0,090,090,1.0000000000000002
361190016004004,36,119,001600,4004,304,105,50,0,0,0,89,60,304,157,147,89,49,0,0,0,3,6,115,104,11,10,0,0,0,0,0,10,0,0,10,090,090,1.0
361190021051011,36,119,002105,1011,0,0,0,0,0,0,0,0,0,0,0,0,0,0,0,0,0,0,0,0,0,0,0,0,0,0,0,0,0,0,0,090,090,0.9999999999999999
361190021051015,36,119,002105,1015,50,20,8,0,11,0,1,10,50,10,40,20,7,0,11,0,0,2,18,18,0,0,0,0,0,0,0,0,0,0,0,090,090,1.0
361190021062003,36,119,002106,2003,202,32,38,2,65,0,26,39,202,66,136,23,38,0,65,0,1,9,89,89,0,0,0,0,0,0,0,0,0,0,0,090,090,1.0
361190021062000,36,119,002106,2000,465,51,179,4,104,0,69,58,465,147,318,30,168,0,104,0,4,12,167,164,3,0,0,0,0,0,0,0,0,0,0,090,090,1.0000000000000004
361190021071010,36,119,002107,1010,37,18,1,1,14,0,1,2,37,5,32,17,1,0,14,0,0,0,10,10,0,0,0,0,0,0,0,0,0,0,0,090,090,1.0000000000000002
361190021042014,36,119,002104,2014,0,0,0,0,0,0,0,0,0,0,0,0,0,0,0,0,0,0,0,0,0,0,0,0,0,0,0,0,0,0,0,090,090,0.9999999999999999
361190021062005,36,119,002106,2005,207,33,80,2,51,0,23,18,207,45,162,26,77,2,51,0,3,3,99,91,8,0,0,0,0,0,0,0,0,0,0,090,090,1.0000000000000002
361190021042003,36,119,002104,2003,0,0,0,0,0,0,0,0,0,0,0,0,0,0,0,0,0,0,0,0,0,0,0,0,0,0,0,0,0,0,0,090,090,0.9999999999999998
361190003001003,36,119,000300,1003,0,0,0,0,0,0,0,0,0,0,0,0,0,0,0,0,0,0,0,0,0,0,0,0,0,0,0,0,0,0,0,090,090,1.0000000000000002
361190015032007,36,119,001503,2007,60,39,3,1,2,0,14,1,60,20,40,35,3,0,2,0,0,0,31,31,0,0,0,0,0,0,0,0,0,0,0,089,089,1.0
361190007022004,36,119,000702,2004,51,10,0,0,9,0,7,25,51,19,32,7,0,0,9,0,3,13,2,2,0,0,0,0,0,0,0,0,0,0,0,092,092,0.9999999999999999
361190021042015,36,119,002104,2015,0,0,0,0,0,0,0,0,0,0,0,0,0,0,0,0,0,0,0,0,0,0,0,0,0,0,0,0,0,0,0,090,090,0.9999999999999999
361190021042028,36,119,002104,2028,94,42,9,0,22,0,4,17,94,17,77,41,7,0,22,0,0,7,27,24,3,0,0,0,0,0,0,0,0,0,0,090,090,1.0000000000000004
361190021012001,36,119,002101,2001,250,174,14,7,23,0,4,28,250,55,195,159,9,0,23,0,0,4,87,73,14,0,0,0,0,0,0,0,0,0,0,090,090,0.9999999999999999
361190021013006,36,119,002101,3006,604,323,94,0,32,0,86,69,604,177,427,289,88,0,32,0,6,12,292,284,8,0,0,0,0,0,0,0,0,0,0,090,090,0.9999999999999999
361190021011003,36,119,002101,1003,138,80,11,1,26,0,8,12,138,31,107,69,11,0,26,0,0,1,36,36,0,0,0,0,0,0,0,0,0,0,0,090,090,1.0000000000000002
361190001033005,36,119,000103,3005,0,0,0,0,0,0,0,0,0,0,0,0,0,0,0,0,0,0,0,0,0,0,0,0,0,0,0,0,0,0,0,089,089,1.0000000000000002
361190014031004,36,119,001403,1004,0,0,0,0,0,0,0,0,0,0,0,0,0,0,0,0,0,0,0,0,0,0,0,0,0,0,0,0,0,0,0,090,090,1.0000000000000002
361190021071015,36,119,002107,1015,26,8,5,0,3,0,5,5,26,14,12,6,2,0,3,0,0,1,3,0,3,0,0,0,0,0,0,0,0,0,0,090,090,0.9999999999999999
361190021071000,36,119,002107,1000,6,0,2,0,2,0,2,0,6,0,6,0,2,0,2,0,2,0,2,2,0,0,0,0,0,0,0,0,0,0,0,090,090,1.0
361190008031007,36,119,000803,1007,69,24,8,1,9,0,17,10,69,31,38,24,4,0,9,0,0,1,24,18,6,0,0,0,0,0,0,0,0,0,0,090,090,1.0
361190008012003,36,119,000801,2003,123,61,13,1,11,0,21,16,123,37,86,61,13,1,5,0,2,4,29,29,0,0,0,0,0,0,0,0,0,0,0,090,090,1.0
361190008031012,36,119,000803,1012,200,71,29,0,5,0,56,39,200,103,97,67,18,0,5,0,3,4,85,79,6,0,0,0,0,0,0,0,0,0,0,090,090,0.9999999999999999
361190008013002,36,119,000801,3002,219,66,23,0,12,0,82,36,219,116,103,62,19,0,12,0,1,9,75,74,1,0,0,0,0,0,0,0,0,0,0,090,090,1.0000000000000002
361190008021002,36,119,000802,1002,436,155,81,3,12,1,131,53,436,263,173,99,55,1,12,1,0,5,154,142,12,0,0,0,0,0,0,0,0,0,0,090,090,1.0
361190008033005,36,119,000803,3005,252,71,26,10,8,0,102,35,252,158,94,53,26,0,8,0,0,7,99,98,1,0,0,0,0,0,0,0,0,0,0,090,090,1.0
361190008021001,36,119,000802,1001,392,128,73,9,3,0,95,84,392,226,166,88,64,0,3,0,1,10,140,132,8,0,0,0,0,0,0,0,0,0,0,090,090,1.0000000000000007
361190006012000,36,119,000601,2000,189,56,52,1,4,0,41,35,189,77,112,52,47,1,4,0,5,3,158,152,6,0,0,0,0,0,0,0,0,0,0,090,090,1.0000000000000002
361190006011003,36,119,000601,1003,369,59,100,21,0,1,126,62,369,245,124,13,89,0,0,0,12,10,121,113,8,0,0,0,0,0,0,0,0,0,0,090,090,1.0000000000000002
361190008021005,36,119,000802,1005,151,29,25,0,7,1,45,44,151,87,64,27,25,0,6,1,0,5,70,66,4,0,0,0,0,0,0,0,0,0,0,090,090,0.9999999999999999
361190006011001,36,119,000601,1001,0,0,0,0,0,0,0,0,0,0,0,0,0,0,0,0,0,0,0,0,0,0,0,0,0,0,0,0,0,0,0,090,090,1.0
361190006011002,36,119,000601,1002,465,135,80,1,3,2,159,85,465,296,169,88,71,0,3,0,0,7,294,268,26,0,0,0,0,0,0,0,0,0,0,090,090,1.0000000000000002
361190006021000,36,119,000602,1000,410,72,103,4,4,0,181,46,410,271,139,38,91,0,4,0,2,4,175,166,9,0,0,0,0,0,0,0,0,0,0,090,090,0.9999999999999999
361190008031011,36,119,000803,1011,116,63,10,2,8,0,13,20,116,37,79,60,10,0,7,0,0,2,40,40,0,0,0,0,0,0,0,0,0,0,0,090,090,1.0
361190006022006,36,119,000602,2006,206,43,25,4,13,0,87,34,206,137,69,31,24,0,13,0,0,1,65,51,14,0,0,0,0,0,0,0,0,0,0,090,090,1.0000000000000002
361190006012002,36,119,000601,2002,422,94,102,1,12,0,165,48,422,247,175,66,91,0,12,0,0,6,128,115,13,0,0,0,0,0,0,0,0,0,0,090,090,1.0
361190008014005,36,119,000801,4005,34,8,8,1,7,0,1,9,34,8,26,7,8,0,7,0,0,4,5,5,0,0,0,0,0,0,0,0,0,0,0,090,090,1.0
361190008031000,36,119,000803,1000,48,22,5,1,3,0,5,12,48,17,31,20,4,0,3,0,2,2,9,8,1,0,0,0,0,0,0,0,0,0,0,090,090,0.9999999999999999
361190008012009,36,119,000801,2009,287,153,29,3,15,0,66,21,287,91,196,139,26,3,15,0,13,0,111,111,0,0,0,0,0,0,0,0,0,0,0,090,090,0.9999999999999996
361190008031005,36,119,000803,1005,87,50,3,0,8,0,7,19,87,29,58,40,3,0,8,0,1,6,30,30,0,0,0,0,0,0,0,0,0,0,0,090,090,0.9999999999999998
361190008031009,36,119,000803,1009,471,195,62,1,24,0,120,69,471,192,279,189,56,0,24,0,0,10,188,171,17,0,0,0,0,0,0,0,0,0,0,090,090,1.0
361190009002012,36,119,000900,2012,0,0,0,0,0,0,0,0,0,0,0,0,0,0,0,0,0,0,0,0,0,0,0,0,0,0,0,0,0,0,0,092,092,1.0000000000000002
361190024022001,36,119,002402,2001,1421,772,194,8,67,1,190,189,1421,392,1029,727,170,0,61,0,19,52,839,812,27,0,0,0,0,0,0,0,0,0,0,090,090,1.0000000000000002
361190021043000,36,119,002104,3000,902,377,150,3,79,0,186,107,902,362,540,328,129,0,79,0,0,4,467,463,4,0,0,0,0,0,0,0,0,0,0,090,090,1.0
361190022012015,36,119,002201,2015,0,0,0,0,0,0,0,0,0,0,0,0,0,0,0,0,0,0,0,0,0,0,0,0,0,0,0,0,0,0,0,090,090,0.9999999999999994
361190014022011,36,119,001402,2011,0,0,0,0,0,0,0,0,0,0,0,0,0,0,0,0,0,0,0,0,0,0,0,0,0,0,0,0,0,0,0,089,089,0.9999999999999998
361190021052001,36,119,002105,2001,0,0,0,0,0,0,0,0,0,0,0,0,0,0,0,0,0,0,0,0,0,0,0,0,0,0,0,0,0,0,0,090,090,0.9999999999999997
361190021032020,36,119,002103,2020,0,0,0,0,0,0,0,0,0,0,0,0,0,0,0,0,0,0,0,0,0,0,0,0,0,0,0,0,0,0,0,090,090,1.0000000000000002
361190004012003,36,119,000401,2003,327,41,98,17,6,0,147,18,327,201,126,23,96,0,5,0,0,2,137,116,21,19,0,0,0,0,0,19,0,0,19,090,090,0.9999999999999998
361190017022003,36,119,001702,2003,0,0,0,0,0,0,0,0,0,0,0,0,0,0,0,0,0,0,0,0,0,0,0,0,0,0,0,0,0,0,0,090,090,1.0000000000000044
361190013012000,36,119,001301,2000,0,0,0,0,0,0,0,0,0,0,0,0,0,0,0,0,0,0,0,0,0,0,0,0,0,0,0,0,0,0,0,090,090,1.0000000000000002
361190022011013,36,119,002201,1013,0,0,0,0,0,0,0,0,0,0,0,0,0,0,0,0,0,0,0,0,0,0,0,0,0,0,0,0,0,0,0,090,090,0.9999999999999999
361190022024000,36,119,002202,4000,0,0,0,0,0,0,0,0,0,0,0,0,0,0,0,0,0,0,0,0,0,0,0,0,0,0,0,0,0,0,0,090,090,1.0000000000000016
361190004012010,36,119,000401,2010,5,5,0,0,0,0,0,0,5,4,1,1,0,0,0,0,0,0,0,0,0,5,0,0,0,0,0,5,0,0,5,089,089,1.0
361190009001013,36,119,000900,1013,0,0,0,0,0,0,0,0,0,0,0,0,0,0,0,0,0,0,0,0,0,0,0,0,0,0,0,0,0,0,0,092,090,1.0000000000000002
361190020001003,36,119,002000,1003,60,33,0,2,10,0,12,3,60,18,42,26,0,0,10,0,6,0,14,14,0,0,0,0,0,0,0,0,0,0,0,090,090,0.9999999999999999
361190020004005,36,119,002000,4005,0,0,0,0,0,0,0,0,0,0,0,0,0,0,0,0,0,0,0,0,0,0,0,0,0,0,0,0,0,0,0,090,090,0.9999999999999999
361190017014002,36,119,001701,4002,0,0,0,0,0,0,0,0,0,0,0,0,0,0,0,0,0,0,0,0,0,0,0,0,0,0,0,0,0,0,0,090,090,1.0
361190021012003,36,119,002101,2003,96,50,8,0,8,0,14,16,96,33,63,48,7,0,8,0,0,0,38,38,0,0,0,0,0,0,0,0,0,0,0,090,090,1.0000000000000002
361190020003008,36,119,002000,3008,74,39,6,0,15,0,9,5,74,16,58,37,6,0,15,0,0,0,28,28,0,0,0,0,0,0,0,0,0,0,0,090,090,0.9999999999999999
361190020003001,36,119,002000,3001,66,40,2,1,5,0,14,4,66,20,46,39,2,0,5,0,0,0,23,23,0,0,0,0,0,0,0,0,0,0,0,090,090,1.0
361190020003003,36,119,002000,3003,107,70,1,0,0,0,35,1,107,32,75,70,1,0,0,0,3,1,41,41,0,0,0,0,0,0,0,0,0,0,0,090,090,0.9999999999999994
361190020002001,36,119,002000,2001,73,39,11,0,10,0,6,7,73,19,54,31,11,0,10,0,2,0,25,25,0,0,0,0,0,0,0,0,0,0,0,090,090,1.0000000000000007
361190020003002,36,119,002000,3002,86,46,2,0,12,0,9,17,86,27,59,42,1,0,9,0,2,5,34,34,0,0,0,0,0,0,0,0,0,0,0,090,090,0.9999999999999999
361190020001005,36,119,002000,1005,87,65,0,1,4,0,8,9,87,18,69,65,0,0,4,0,0,0,36,36,0,0,0,0,0,0,0,0,0,0,0,090,090,0.9999999999999999
361190020002002,36,119,002000,2002,115,72,0,0,23,0,10,10,115,17,98,72,0,0,23,0,2,1,34,34,0,0,0,0,0,0,0,0,0,0,0,090,090,0.9999999999999998
361190020001002,36,119,002000,1002,53,40,0,1,3,0,6,3,53,9,44,40,0,0,3,0,0,1,17,16,1,0,0,0,0,0,0,0,0,0,0,090,090,1.0000000000000004
361190020001009,36,119,002000,1009,96,59,3,0,11,0,11,12,96,29,67,50,3,0,11,0,1,2,39,34,5,0,0,0,0,0,0,0,0,0,0,090,090,1.0000000000000007
361190020003005,36,119,002000,3005,96,58,6,0,11,0,16,5,96,20,76,57,5,0,11,0,1,2,34,34,0,0,0,0,0,0,0,0,0,0,0,090,090,1.0
361190020003006,36,119,002000,3006,132,73,12,0,33,0,6,8,132,18,114,67,12,0,33,0,2,0,43,43,0,0,0,0,0,0,0,0,0,0,0,090,090,0.9999999999999998
361190021013001,36,119,002101,3001,94,48,19,0,18,0,5,4,94,17,77,42,14,0,18,0,0,3,23,23,0,0,0,0,0,0,0,0,0,0,0,090,090,0.9999999999999997
361190024033008,36,119,002403,3008,81,52,5,5,0,0,11,8,81,25,56,52,2,0,0,0,1,1,25,25,0,0,0,0,0,0,0,0,0,0,0,090,090,1.0
361190022042003,36,119,002204,2003,42,33,3,0,0,0,0,6,42,2,40,32,3,0,0,0,0,5,12,12,0,0,0,0,0,0,0,0,0,0,0,090,090,1.0000000000000002
361190024035008,36,119,002403,5008,381,216,54,2,20,0,44,45,381,107,274,195,50,0,20,0,3,6,221,212,9,0,0,0,0,0,0,0,0,0,0,090,090,1.0
361190024031001,36,119,002403,1001,26,6,4,1,1,0,3,11,26,14,12,6,4,0,1,0,1,0,5,5,0,0,0,0,0,0,0,0,0,0,0,090,090,1.0
361190020004026,36,119,002000,4026,94,50,9,0,2,0,19,14,94,40,54,41,9,0,2,0,2,0,32,32,0,0,0,0,0,0,0,0,0,0,0,090,090,0.9999999999999998
361190021013000,36,119,002101,3000,92,49,10,0,13,0,12,8,92,18,74,49,9,0,13,0,0,3,33,33,0,0,0,0,0,0,0,0,0,0,0,090,090,1.0
361190021012005,36,119,002101,2005,128,77,4,1,24,0,7,15,128,27,101,64,4,0,24,0,3,6,45,45,0,0,0,0,0,0,0,0,0,0,0,090,090,1.0000000000000002
361190020004025,36,119,002000,4025,103,64,1,0,6,0,23,9,103,40,63,54,1,0,6,0,1,1,34,34,0,0,0,0,0,0,0,0,0,0,0,090,090,1.0
361190020004001,36,119,002000,4001,83,57,1,0,4,0,5,16,83,25,58,53,1,0,4,0,0,0,36,36,0,0,0,0,0,0,0,0,0,0,0,090,090,1.0000000000000004
361190021011005,36,119,002101,1005,82,49,12,0,2,0,11,8,82,24,58,49,2,0,2,0,0,5,28,28,0,0,0,0,0,0,0,0,0,0,0,090,090,1.0
361190021012007,36,119,002101,2007,90,52,5,0,7,1,10,15,90,26,64,52,5,0,6,0,0,1,24,24,0,0,0,0,0,0,0,0,0,0,0,090,090,0.9999999999999998
361190021012004,36,119,002101,2004,112,69,10,1,8,0,9,15,112,30,82,62,10,0,8,0,0,2,42,42,0,0,0,0,0,0,0,0,0,0,0,090,090,0.9999999999999998
361190014013016,36,119,001401,3016,0,0,0,0,0,0,0,0,0,0,0,0,0,0,0,0,0,0,0,0,0,0,0,0,0,0,0,0,0,0,0,090,090,0.9999999999999998
361190014012015,36,119,001401,2015,0,0,0,0,0,0,0,0,0,0,0,0,0,0,0,0,0,0,0,0,0,0,0,0,0,0,0,0,0,0,0,090,090,1.0
361190014012014,36,119,001401,2014,0,0,0,0,0,0,0,0,0,0,0,0,0,0,0,0,0,0,0,0,0,0,0,0,0,0,0,0,0,0,0,090,090,0.9999999999999993
361190014012013,36,119,001401,2013,0,0,0,0,0,0,0,0,0,0,0,0,0,0,0,0,0,0,0,0,0,0,0,0,0,0,0,0,0,0,0,090,090,1.0000000000000004
361190024035004,36,119,002403,5004,145,47,10,0,13,0,63,12,145,80,65,42,6,0,13,0,0,4,56,56,0,0,0,0,0,0,0,0,0,0,0,090,090,1.0000000000000002
361190024035002,36,119,002403,5002,105,42,15,0,3,0,32,13,105,61,44,27,9,0,3,0,3,2,43,43,0,0,0,0,0,0,0,0,0,0,0,090,090,1.0
361190024034013,36,119,002403,4013,0,0,0,0,0,0,0,0,0,0,0,0,0,0,0,0,0,0,0,0,0,0,0,0,0,0,0,0,0,0,0,089,089,1.0000000000000004
361190020004019,36,119,002000,4019,0,0,0,0,0,0,0,0,0,0,0,0,0,0,0,0,0,0,0,0,0,0,0,0,0,0,0,0,0,0,0,090,090,1.0
361190002021006,36,119,000202,1006,0,0,0,0,0,0,0,0,0,0,0,0,0,0,0,0,0,0,0,0,0,0,0,0,0,0,0,0,0,0,0,089,089,0.9999999999999999
361190021061002,36,119,002106,1002,0,0,0,0,0,0,0,0,0,0,0,0,0,0,0,0,0,0,0,0,0,0,0,0,0,0,0,0,0,0,0,090,090,0.9999999999999994
361190020004010,36,119,002000,4010,0,0,0,0,0,0,0,0,0,0,0,0,0,0,0,0,0,0,0,0,0,0,0,0,0,0,0,0,0,0,0,090,090,0.9999999999999999
361190020004015,36,119,002000,4015,0,0,0,0,0,0,0,0,0,0,0,0,0,0,0,0,0,0,0,0,0,0,0,0,0,0,0,0,0,0,0,090,090,1.0000000000000002
361190020004014,36,119,002000,4014,0,0,0,0,0,0,0,0,0,0,0,0,0,0,0,0,0,0,0,0,0,0,0,0,0,0,0,0,0,0,0,090,090,1.0
361190021012006,36,119,002101,2006,122,61,12,2,20,0,9,18,122,32,90,57,12,0,20,0,0,1,47,45,2,0,0,0,0,0,0,0,0,0,0,090,090,0.9999999999999994
361190005021000,36,119,000502,1000,766,81,142,8,275,0,184,76,766,291,475,52,139,0,272,0,3,9,438,422,16,12,0,0,0,0,0,12,0,0,12,090,090,1.0000000000000002
361190015031001,36,119,001503,1001,64,53,0,0,2,0,1,8,64,7,57,51,0,0,2,0,0,4,28,26,2,0,0,0,0,0,0,0,0,0,0,089,089,1.0000000000000002
361190015021007,36,119,001502,1007,728,417,72,5,42,0,122,70,728,226,502,390,54,1,42,0,12,3,368,350,18,0,0,0,0,0,0,0,0,0,0,089,089,1.0000000000000002
361190015021001,36,119,001502,1001,0,0,0,0,0,0,0,0,0,0,0,0,0,0,0,0,0,0,0,0,0,0,0,0,0,0,0,0,0,0,0,089,089,1.0000000000000002
361190003001012,36,119,000300,1012,462,31,79,13,0,0,297,42,462,393,69,0,57,1,0,0,8,3,202,157,45,0,0,0,0,0,0,0,0,0,0,090,090,1.0
361190024035005,36,119,002403,5005,314,126,46,0,24,1,70,47,314,102,212,124,44,0,23,0,17,4,124,110,14,0,0,0,0,0,0,0,0,0,0,090,090,1.0000000000000002
361190024041003,36,119,002404,1003,0,0,0,0,0,0,0,0,0,0,0,0,0,0,0,0,0,0,0,0,0,0,0,0,0,0,0,0,0,0,0,090,090,1.0000000000000002
361190008032000,36,119,000803,2000,80,26,12,0,6,0,17,19,80,30,50,25,9,0,6,0,0,10,31,31,0,0,0,0,0,0,0,0,0,0,0,090,090,0.9999999999999996
361190005012005,36,119,000501,2005,163,30,9,7,1,0,78,38,163,140,23,11,8,0,1,0,1,2,55,47,8,0,0,0,0,0,0,0,0,0,0,090,090,1.0
361190006021004,36,119,000602,1004,570,118,241,3,7,0,148,53,570,240,330,93,218,0,7,0,2,10,179,175,4,209,209,0,0,209,0,0,0,0,0,089,089,0.9999999999999997
361190003001004,36,119,000300,1004,69,6,15,5,3,0,26,14,69,41,28,6,14,0,2,0,0,6,13,13,0,8,0,0,0,0,0,8,0,0,8,090,090,1.0
361190024034007,36,119,002403,4007,372,96,130,0,15,0,99,32,372,160,212,71,112,0,15,0,3,11,150,143,7,0,0,0,0,0,0,0,0,0,0,090,090,0.9999999999999998
361190022011006,36,119,002201,1006,0,0,0,0,0,0,0,0,0,0,0,0,0,0,0,0,0,0,0,0,0,0,0,0,0,0,0,0,0,0,0,090,090,0.9999999999999998
361190024032001,36,119,002403,2001,36,2,4,0,4,0,22,4,36,19,17,1,4,0,4,0,4,4,16,16,0,0,0,0,0,0,0,0,0,0,0,090,090,1.0000000000000002
361190024034008,36,119,002403,4008,154,53,23,1,13,0,34,30,154,70,84,45,21,1,13,0,0,4,56,56,0,0,0,0,0,0,0,0,0,0,0,089,090,1.0
361190024034010,36,119,002403,4010,60,18,13,0,4,0,12,13,60,22,38,18,13,0,4,0,2,1,22,22,0,0,0,0,0,0,0,0,0,0,0,089,089,0.9999999999999999
361190020004020,36,119,002000,4020,21,3,7,0,0,0,0,11,21,11,10,1,7,0,0,0,0,2,3,3,0,0,0,0,0,0,0,0,0,0,0,090,090,0.9999999999999993
361190017022004,36,119,001702,2004,938,673,29,1,72,0,98,65,938,193,745,634,27,0,72,0,3,9,337,321,16,0,0,0,0,0,0,0,0,0,0,090,090,0.9999999999999997
361190020004007,36,119,002000,4007,268,122,18,0,51,0,51,26,268,86,182,112,17,0,51,0,0,2,84,84,0,0,0,0,0,0,0,0,0,0,0,090,090,1.0000000000000007
361190008011005,36,119,000801,1005,0,0,0,0,0,0,0,0,0,0,0,0,0,0,0,0,0,0,0,0,0,0,0,0,0,0,0,0,0,0,0,090,090,0.9999999999999998
361190017013001,36,119,001701,3001,55,32,3,0,3,0,11,6,55,14,41,32,3,0,3,0,0,3,20,12,8,0,0,0,0,0,0,0,0,0,0,090,090,1.0000000000000002
361190017022014,36,119,001702,2014,85,61,6,0,4,0,11,3,85,27,58,52,0,0,4,0,2,0,25,25,0,0,0,0,0,0,0,0,0,0,0,090,090,1.0
361190017013000,36,119,001701,3000,85,68,7,3,0,0,5,2,85,5,80,67,7,3,0,0,2,1,25,24,1,0,0,0,0,0,0,0,0,0,0,090,090,1.0
361190017013003,36,119,001701,3003,62,35,5,0,0,0,16,6,62,24,38,35,3,0,0,0,0,0,19,19,0,0,0,0,0,0,0,0,0,0,0,090,090,1.0000000000000002
361190017021006,36,119,001702,1006,85,49,11,4,0,0,10,11,85,30,55,44,11,0,0,0,0,0,35,33,2,0,0,0,0,0,0,0,0,0,0,090,090,1.0
361190017021005,36,119,001702,1005,93,46,3,0,9,0,25,10,93,33,60,39,3,0,9,0,5,4,38,38,0,0,0,0,0,0,0,0,0,0,0,090,090,0.9999999999999999
361190017021004,36,119,001702,1004,79,52,6,0,10,0,3,8,79,12,67,50,6,0,10,0,0,1,26,24,2,0,0,0,0,0,0,0,0,0,0,090,090,0.9999999999999998
361190017022007,36,119,001702,2007,15,11,0,0,0,0,2,2,15,8,7,6,0,0,0,0,0,1,8,8,0,0,0,0,0,0,0,0,0,0,0,090,090,1.0
361190017022011,36,119,001702,2011,39,31,1,0,4,0,0,3,39,2,37,29,1,0,4,0,0,3,14,14,0,0,0,0,0,0,0,0,0,0,0,090,090,1.0000000000000002
361190017022012,36,119,001702,2012,20,7,0,1,0,0,0,12,20,11,9,7,0,0,0,0,0,2,6,6,0,0,0,0,0,0,0,0,0,0,0,090,090,0.9999999999999999
361190020004011,36,119,002000,4011,285,122,51,0,27,0,55,30,285,98,187,106,48,0,27,0,0,6,162,137,25,0,0,0,0,0,0,0,0,0,0,090,090,1.0
361190023001006,36,119,002300,1006,29,17,0,0,1,0,3,8,29,12,17,12,0,0,1,0,0,4,3,3,0,0,0,0,0,0,0,0,0,0,0,090,090,1.0000000000000002
361190020004023,36,119,002000,4023,0,0,0,0,0,0,0,0,0,0,0,0,0,0,0,0,0,0,0,0,0,0,0,0,0,0,0,0,0,0,0,090,090,1.0
361190020003007,36,119,002000,3007,95,55,5,1,12,0,11,11,95,25,70,52,1,0,12,0,0,5,26,25,1,0,0,0,0,0,0,0,0,0,0,090,090,1.0
361190017021008,36,119,001702,1008,98,68,0,0,0,0,9,21,98,25,73,62,0,0,0,0,0,11,33,33,0,0,0,0,0,0,0,0,0,0,0,090,090,1.0000000000000002
361190017021001,36,119,001702,1001,167,96,8,6,14,0,15,28,167,44,123,95,8,0,14,0,3,3,52,52,0,0,0,0,0,0,0,0,0,0,0,090,090,0.9999999999999998
361190017022009,36,119,001702,2009,31,19,2,0,0,0,3,7,31,2,29,19,1,0,0,0,3,6,11,11,0,0,0,0,0,0,0,0,0,0,0,090,090,1.0000000000000004
361190017021003,36,119,001702,1003,149,98,5,0,16,0,12,18,149,29,120,96,3,0,16,0,0,5,66,66,0,0,0,0,0,0,0,0,0,0,0,090,090,1.0
361190017021010,36,119,001702,1010,161,104,12,0,16,0,16,13,161,36,125,100,9,0,16,0,0,0,62,62,0,0,0,0,0,0,0,0,0,0,0,090,090,0.9999999999999996
361190023001012,36,119,002300,1012,62,27,5,0,3,0,14,13,62,25,37,27,5,0,3,0,0,2,19,19,0,0,0,0,0,0,0,0,0,0,0,090,090,1.0000000000000002
361190023001001,36,119,002300,1001,66,50,4,0,1,0,7,4,66,14,52,49,2,0,0,0,0,1,24,24,0,0,0,0,0,0,0,0,0,0,0,090,090,0.9999999999999996
361190017021002,36,119,001702,1002,92,57,5,0,10,0,8,12,92,17,75,55,2,0,10,0,1,7,41,41,0,0,0,0,0,0,0,0,0,0,0,090,090,1.0000000000000002
361190023001023,36,119,002300,1023,61,47,1,0,5,0,5,3,61,9,52,46,1,0,5,0,0,0,31,31,0,0,0,0,0,0,0,0,0,0,0,090,090,0.9999999999999998
361190023001015,36,119,002300,1015,45,34,0,0,1,0,1,9,45,9,36,34,0,0,1,0,0,1,10,10,0,0,0,0,0,0,0,0,0,0,0,090,090,1.0
361190023001011,36,119,002300,1011,87,58,1,0,3,0,21,4,87,25,62,58,1,0,3,0,0,0,31,31,0,0,0,0,0,0,0,0,0,0,0,090,090,1.0000000000000002
361190023002015,36,119,002300,2015,56,37,7,2,0,0,6,4,56,11,45,37,7,0,0,0,1,0,16,16,0,0,0,0,0,0,0,0,0,0,0,090,090,1.0000000000000004
361190023002013,36,119,002300,2013,63,39,4,0,9,0,6,5,63,13,50,35,3,0,9,0,0,3,17,8,9,0,0,0,0,0,0,0,0,0,0,090,090,1.0000000000000002
361190023002012,36,119,002300,2012,83,62,1,0,2,0,8,10,83,19,64,61,1,0,2,0,0,0,32,28,4,0,0,0,0,0,0,0,0,0,0,090,090,1.0
361190023002022,36,119,002300,2022,30,17,6,0,0,0,4,3,30,6,24,17,5,0,0,0,0,2,13,13,0,0,0,0,0,0,0,0,0,0,0,090,090,1.0000000000000002
361190023001017,36,119,002300,1017,42,32,3,0,4,0,1,2,42,8,34,27,2,0,4,0,0,1,18,18,0,0,0,0,0,0,0,0,0,0,0,090,090,0.9999999999999997
361190017021000,36,119,001702,1000,18,2,1,0,6,0,9,0,18,11,7,0,1,0,6,0,0,0,2,2,0,0,0,0,0,0,0,0,0,0,0,090,090,0.9999999999999997
361190004011000,36,119,000401,1000,1028,23,593,6,12,0,308,86,1028,417,611,11,564,0,12,0,10,14,393,393,0,16,0,0,0,0,0,16,0,0,16,090,090,1.0000000000000009
361190004014001,36,119,000401,4001,1107,65,355,17,15,0,547,108,1107,688,419,30,347,0,15,0,12,15,415,390,25,0,0,0,0,0,0,0,0,0,0,090,090,1.0000000000000002
361190005022001,36,119,000502,2001,1122,92,338,5,3,0,575,109,1122,770,352,23,296,0,3,0,1,29,391,380,11,50,0,0,0,0,0,50,0,0,50,090,090,0.9999999999999998
361190011012003,36,119,001101,2003,0,0,0,0,0,0,0,0,0,0,0,0,0,0,0,0,0,0,0,0,0,0,0,0,0,0,0,0,0,0,0,090,090,0.9999999999999999
361190007012010,36,119,000701,2010,50,35,0,0,0,0,8,7,50,13,37,34,0,0,0,0,0,3,20,20,0,0,0,0,0,0,0,0,0,0,0,090,090,1.0
361190007012011,36,119,000701,2011,31,17,3,0,4,0,3,4,31,5,26,17,2,0,4,0,1,2,10,6,4,0,0,0,0,0,0,0,0,0,0,090,090,1.0
361190007012014,36,119,000701,2014,21,9,1,0,5,0,3,3,21,5,16,9,1,0,5,0,0,1,5,5,0,0,0,0,0,0,0,0,0,0,0,090,090,1.0
361190007012015,36,119,000701,2015,24,12,1,0,1,0,7,3,24,7,17,12,1,0,1,0,0,3,8,7,1,0,0,0,0,0,0,0,0,0,0,090,090,1.0
361190007011005,36,119,000701,1005,47,31,2,0,4,0,7,3,47,7,40,27,1,0,4,0,7,1,14,11,3,0,0,0,0,0,0,0,0,0,0,090,090,1.0
361190008032002,36,119,000803,2002,51,25,3,0,5,0,5,13,51,17,34,23,1,0,5,0,2,3,14,14,0,0,0,0,0,0,0,0,0,0,0,090,090,1.0000000000000002
361190008032001,36,119,000803,2001,45,18,2,0,9,0,7,9,45,16,29,16,0,0,9,0,0,4,10,10,0,0,0,0,0,0,0,0,0,0,0,090,090,1.0
361190008031002,36,119,000803,1002,82,53,3,1,0,0,20,5,82,27,55,48,3,0,0,0,3,1,24,24,0,0,0,0,0,0,0,0,0,0,0,090,090,0.9999999999999998
361190008032005,36,119,000803,2005,96,54,5,2,4,0,19,12,96,38,58,46,5,1,4,0,1,1,28,17,11,0,0,0,0,0,0,0,0,0,0,090,090,0.9999999999999999
361190007011008,36,119,000701,1008,316,84,102,0,3,1,82,44,316,136,180,65,97,0,3,0,1,14,147,146,1,0,0,0,0,0,0,0,0,0,0,089,089,1.0
361190008032012,36,119,000803,2012,265,72,116,0,11,0,29,37,265,85,180,62,106,0,11,0,0,1,133,124,9,0,0,0,0,0,0,0,0,0,0,089,089,1.0
361190008032013,36,119,000803,2013,0,0,0,0,0,0,0,0,0,0,0,0,0,0,0,0,0,0,0,0,0,0,0,0,0,0,0,0,0,0,0,090,090,0.9999999999999998
361190008032014,36,119,000803,2014,97,19,10,1,10,0,19,38,97,56,41,18,10,0,10,0,3,0,30,30,0,0,0,0,0,0,0,0,0,0,0,090,090,0.9999999999999998
361190008032016,36,119,000803,2016,98,44,5,0,25,0,13,11,98,33,65,35,0,0,24,0,4,2,34,34,0,0,0,0,0,0,0,0,0,0,0,090,090,1.0000000000000002
361190008031010,36,119,000803,1010,76,33,11,2,8,0,8,14,76,24,52,31,11,0,7,0,2,1,28,27,1,0,0,0,0,0,0,0,0,0,0,090,090,1.0000000000000004
361190022011000,36,119,002201,1000,0,0,0,0,0,0,0,0,0,0,0,0,0,0,0,0,0,0,0,0,0,0,0,0,0,0,0,0,0,0,0,090,090,1.0
361190021031004,36,119,002103,1004,35,26,0,0,1,0,0,8,35,4,31,26,0,0,1,0,0,4,14,14,0,0,0,0,0,0,0,0,0,0,0,090,090,1.0000000000000002
361190015042000,36,119,001504,2000,210,117,7,2,20,0,41,23,210,62,148,117,1,0,20,0,8,2,78,75,3,0,0,0,0,0,0,0,0,0,0,090,090,1.0
361190024043005,36,119,002404,3005,99,70,9,0,1,0,13,6,99,26,73,62,6,0,1,0,0,4,28,15,13,0,0,0,0,0,0,0,0,0,0,090,090,1.0
361190024034004,36,119,002403,4004,103,61,6,0,16,0,5,15,103,26,77,52,5,0,16,0,0,4,36,29,7,0,0,0,0,0,0,0,0,0,0,090,090,1.0000000000000002
361190015042003,36,119,001504,2003,144,73,15,0,5,0,25,26,144,45,99,68,15,0,5,0,0,11,41,32,9,0,0,0,0,0,0,0,0,0,0,089,089,1.0
361190015042006,36,119,001504,2006,92,67,0,0,5,0,17,3,92,23,69,64,0,0,5,0,0,0,30,30,0,0,0,0,0,0,0,0,0,0,0,089,089,1.0
361190015041001,36,119,001504,1001,74,42,9,0,0,0,6,17,74,20,54,36,9,0,0,0,2,7,25,25,0,0,0,0,0,0,0,0,0,0,0,089,089,0.9999999999999997
361190015043005,36,119,001504,3005,163,97,16,0,5,0,29,16,163,49,114,90,12,0,5,0,2,5,65,63,2,0,0,0,0,0,0,0,0,0,0,089,089,0.9999999999999999
361190003003001,36,119,000300,3001,0,0,0,0,0,0,0,0,0,0,0,0,0,0,0,0,0,0,0,0,0,0,0,0,0,0,0,0,0,0,0,090,090,1.0000000000000004
361190004032007,36,119,000403,2007,0,0,0,0,0,0,0,0,0,0,0,0,0,0,0,0,0,0,0,0,0,0,0,0,0,0,0,0,0,0,0,089,089,0.9999999999999997
361190004012013,36,119,000401,2013,341,102,85,9,26,0,74,45,341,143,198,85,69,1,24,0,8,11,328,190,138,6,0,0,0,0,0,6,0,0,6,089,089,1.0000000000000002
361190004012000,36,119,000401,2000,298,41,74,3,4,0,127,49,298,161,137,33,71,0,1,0,0,32,174,114,60,0,0,0,0,0,0,0,0,0,0,090,090,0.9999999999999999
361190011012000,36,119,001101,2000,348,43,44,21,9,0,193,38,348,267,81,27,37,0,9,0,4,4,117,86,31,0,0,0,0,0,0,0,0,0,0,090,090,0.9999999999999998
361190008032007,36,119,000803,2007,54,30,2,2,1,0,5,14,54,21,33,28,2,0,1,0,1,1,22,22,0,0,0,0,0,0,0,0,0,0,0,090,090,0.9999999999999998
361190008033003,36,119,000803,3003,330,42,67,2,10,1,144,64,330,236,94,34,49,0,10,0,0,1,132,132,0,0,0,0,0,0,0,0,0,0,0,090,090,0.9999999999999999
361190019001012,36,119,001900,1012,35,21,12,0,0,0,1,1,35,0,35,21,12,0,0,0,1,1,15,15,0,0,0,0,0,0,0,0,0,0,0,090,090,1.0000000000000002
361190022024001,36,119,002202,4001,0,0,0,0,0,0,0,0,0,0,0,0,0,0,0,0,0,0,0,0,0,0,0,0,0,0,0,0,0,0,0,090,090,1.0000000000000018
361190022012007,36,119,002201,2007,40,30,1,2,4,0,0,3,40,2,38,30,1,0,4,0,0,3,14,14,0,0,0,0,0,0,0,0,0,0,0,090,090,1.0000000000000002
361190019001017,36,119,001900,1017,0,0,0,0,0,0,0,0,0,0,0,0,0,0,0,0,0,0,0,0,0,0,0,0,0,0,0,0,0,0,0,090,090,1.0
361190015041000,36,119,001504,1000,341,219,30,3,18,0,32,39,341,98,243,195,24,0,18,0,0,6,144,136,8,0,0,0,0,0,0,0,0,0,0,089,089,1.0000000000000002
361190015032000,36,119,001503,2000,364,297,2,0,18,0,31,16,364,65,299,278,2,0,18,0,1,0,135,133,2,0,0,0,0,0,0,0,0,0,0,089,089,1.0000000000000002
361190016002005,36,119,001600,2005,139,49,7,3,14,0,54,12,139,80,59,36,7,1,14,0,0,1,54,52,2,0,0,0,0,0,0,0,0,0,0,090,090,1.0
361190013012015,36,119,001301,2015,60,24,19,0,0,0,15,2,60,16,44,23,19,0,0,0,0,2,24,24,0,0,0,0,0,0,0,0,0,0,0,090,090,1.0000000000000009
361190008012000,36,119,000801,2000,86,49,4,0,3,0,22,8,86,35,51,41,3,0,3,0,1,3,39,39,0,0,0,0,0,0,0,0,0,0,0,090,090,0.9999999999999997
361190012003002,36,119,001200,3002,674,75,132,17,26,0,316,108,674,474,200,46,114,0,26,0,0,14,245,212,33,0,0,0,0,0,0,0,0,0,0,090,090,1.0000000000000002
361190006021006,36,119,000602,1006,244,25,38,3,36,0,105,37,244,159,85,11,36,0,36,0,0,2,116,100,16,0,0,0,0,0,0,0,0,0,0,090,090,1.0
361190006021002,36,119,000602,1002,123,18,20,1,8,0,65,11,123,74,49,10,20,0,7,0,3,9,36,31,5,0,0,0,0,0,0,0,0,0,0,090,090,0.9999999999999999
361190004034000,36,119,000403,4000,151,11,61,0,1,0,67,11,151,83,68,10,51,0,0,0,5,2,57,55,2,0,0,0,0,0,0,0,0,0,0,089,089,1.0
361190015023004,36,119,001502,3004,73,49,0,2,6,0,8,8,73,10,63,48,0,2,6,0,4,3,28,28,0,0,0,0,0,0,0,0,0,0,0,089,089,1.0
361190015031000,36,119,001503,1000,131,107,6,0,0,0,6,12,131,27,104,103,0,0,0,0,1,0,50,49,1,0,0,0,0,0,0,0,0,0,0,089,089,1.0000000000000002
361190004042006,36,119,000404,2006,221,27,47,5,4,2,92,44,221,166,55,12,39,0,4,0,0,0,108,108,0,0,0,0,0,0,0,0,0,0,0,089,089,1.0000000000000002
361190008031003,36,119,000803,1003,106,44,13,3,9,0,21,16,106,50,56,30,13,1,9,0,2,1,36,36,0,0,0,0,0,0,0,0,0,0,0,090,090,0.9999999999999999
361190008012007,36,119,000801,2007,64,36,8,0,1,0,7,12,64,13,51,36,7,0,1,0,0,7,19,19,0,0,0,0,0,0,0,0,0,0,0,090,090,1.0
361190008021000,36,119,000802,1000,106,55,3,0,5,0,23,20,106,41,65,55,3,0,5,0,0,2,34,34,0,0,0,0,0,0,0,0,0,0,0,090,090,0.9999999999999996
361190007012001,36,119,000701,2001,213,177,8,0,8,0,1,19,213,16,197,177,7,0,8,0,0,5,162,145,17,0,0,0,0,0,0,0,0,0,0,092,092,0.9999999999999996
361190015034000,36,119,001503,4000,19,8,4,0,1,0,3,3,19,11,8,3,4,0,1,0,0,0,1,1,0,0,0,0,0,0,0,0,0,0,0,090,090,1.0
361190014013015,36,119,001401,3015,0,0,0,0,0,0,0,0,0,0,0,0,0,0,0,0,0,0,0,0,0,0,0,0,0,0,0,0,0,0,0,090,090,0.9999999999999998
361190014012012,36,119,001401,2012,0,0,0,0,0,0,0,0,0,0,0,0,0,0,0,0,0,0,0,0,0,0,0,0,0,0,0,0,0,0,0,090,090,0.9999999999999994
361190015033009,36,119,001503,3009,97,92,1,0,1,0,0,3,97,13,84,84,0,0,0,0,0,0,32,25,7,0,0,0,0,0,0,0,0,0,0,089,089,1.0
361190024052002,36,119,002405,2002,73,68,1,0,0,1,1,2,73,16,57,56,1,0,0,0,0,0,27,27,0,0,0,0,0,0,0,0,0,0,0,090,090,1.0
361190024052004,36,119,002405,2004,117,74,10,0,8,0,15,10,117,44,73,56,8,0,7,0,2,0,40,40,0,0,0,0,0,0,0,0,0,0,0,090,090,1.0000000000000007
361190023002014,36,119,002300,2014,83,62,5,0,4,0,7,5,83,17,66,62,0,0,4,0,0,0,27,27,0,0,0,0,0,0,0,0,0,0,0,090,090,0.9999999999999997
361190023002021,36,119,002300,2021,60,49,0,0,0,0,7,4,60,10,50,49,0,0,0,0,0,1,29,23,6,0,0,0,0,0,0,0,0,0,0,090,090,1.0000000000000002
361190002042006,36,119,000204,2006,546,44,98,27,26,0,269,82,546,405,141,11,88,0,26,0,5,11,177,174,3,0,0,0,0,0,0,0,0,0,0,089,089,1.0
361190002021001,36,119,000202,1001,146,2,19,1,8,0,103,13,146,109,37,1,18,0,8,0,9,1,41,41,0,0,0,0,0,0,0,0,0,0,0,089,089,1.0
361190002042000,36,119,000204,2000,463,54,66,2,17,1,236,87,463,361,102,15,64,0,17,0,0,6,187,185,2,0,0,0,0,0,0,0,0,0,0,089,089,1.0
361190002041002,36,119,000204,1002,891,56,78,59,0,0,571,127,891,788,103,26,54,1,0,0,7,15,220,199,21,0,0,0,0,0,0,0,0,0,0,089,089,1.0
361190002042005,36,119,000204,2005,147,12,12,3,1,0,81,38,147,123,24,5,9,0,1,0,1,8,38,30,8,0,0,0,0,0,0,0,0,0,0,089,089,1.0
361190003001010,36,119,000300,1010,9,1,3,1,0,0,1,3,9,4,5,1,2,1,0,0,1,0,1,0,1,0,0,0,0,0,0,0,0,0,0,090,090,1.0
361190003002005,36,119,000300,2005,128,25,20,4,0,0,49,30,128,99,29,13,14,0,0,0,0,2,86,86,0,0,0,0,0,0,0,0,0,0,0,090,090,1.0000000000000002
361190003001009,36,119,000300,1009,880,106,180,22,20,0,400,152,880,657,223,17,167,2,20,0,7,10,381,347,34,0,0,0,0,0,0,0,0,0,0,090,090,1.0
361190003001007,36,119,000300,1007,0,0,0,0,0,0,0,0,0,0,0,0,0,0,0,0,0,0,0,0,0,0,0,0,0,0,0,0,0,0,0,090,090,1.0
361190001012003,36,119,000101,2003,16,0,0,2,0,0,1,13,16,8,8,0,0,0,0,0,0,8,1,1,0,0,0,0,0,0,0,0,0,0,0,090,090,1.0
361190001012002,36,119,000101,2002,308,53,31,16,24,0,134,50,308,214,94,44,15,2,24,0,3,6,83,83,0,0,0,0,0,0,0,0,0,0,0,090,090,0.9999999999999998
361190012002007,36,119,001200,2007,256,29,103,3,1,0,111,9,256,163,93,8,85,0,0,0,0,0,80,75,5,0,0,0,0,0,0,0,0,0,0,090,090,0.9999999999999999
361190012002003,36,119,001200,2003,117,19,15,0,1,0,50,32,117,97,20,0,14,0,0,0,2,4,30,30,0,0,0,0,0,0,0,0,0,0,0,090,090,1.0000000000000002
361190012002002,36,119,001200,2002,95,9,11,3,0,0,64,8,95,79,16,3,8,0,0,0,5,0,26,18,8,0,0,0,0,0,0,0,0,0,0,090,090,0.9999999999999998
361190003003002,36,119,000300,3002,1093,146,64,46,22,0,707,108,1093,950,143,57,57,0,22,0,4,3,313,284,29,0,0,0,0,0,0,0,0,0,0,090,090,1.0000000000000002
361190001012006,36,119,000101,2006,716,61,169,15,7,0,378,86,716,528,188,12,156,0,7,0,9,4,347,346,1,0,0,0,0,0,0,0,0,0,0,089,089,0.9999999999999999
361190001012005,36,119,000101,2005,128,17,12,1,2,0,74,22,128,95,33,11,9,1,2,0,0,10,37,37,0,0,0,0,0,0,0,0,0,0,0,090,090,0.9999999999999997
361190002051000,36,119,000205,1000,579,64,139,37,21,0,251,67,579,413,166,13,123,8,17,0,0,5,187,182,5,0,0,0,0,0,0,0,0,0,0,089,089,1.0
361190002053001,36,119,000205,3001,845,130,142,35,55,0,356,127,845,597,248,66,121,0,55,0,1,5,332,332,0,0,0,0,0,0,0,0,0,0,0,089,089,1.0
361190012002001,36,119,001200,2001,217,41,12,3,0,0,125,36,217,173,44,35,7,0,0,0,0,2,68,64,4,0,0,0,0,0,0,0,0,0,0,090,090,0.9999999999999998
361190012003006,36,119,001200,3006,34,19,0,1,5,0,0,9,34,5,29,19,0,0,5,0,0,5,4,0,4,0,0,0,0,0,0,0,0,0,0,090,090,1.0
361190012003004,36,119,001200,3004,87,37,9,3,0,0,17,21,87,38,49,34,6,2,0,0,0,7,28,27,1,2,0,0,0,0,0,2,0,0,2,090,090,1.0000000000000002
361190007023004,36,119,000702,3004,37,11,17,0,0,0,5,4,37,12,25,4,15,0,0,0,3,3,10,10,0,11,0,0,0,0,0,11,0,0,11,089,089,1.0
361190002021005,36,119,000202,1005,91,13,8,0,11,0,41,18,91,60,31,9,8,0,11,0,1,2,28,23,5,0,0,0,0,0,0,0,0,0,0,089,089,1.0000000000000002
361190004042000,36,119,000404,2000,362,20,138,4,5,0,134,61,362,195,167,17,128,4,5,0,5,8,150,116,34,0,0,0,0,0,0,0,0,0,0,089,089,1.0
361190011022002,36,119,001102,2002,1325,211,530,12,48,0,357,167,1325,700,625,104,446,7,46,0,12,10,566,527,39,0,0,0,0,0,0,0,0,0,0,090,090,0.9999999999999999
361190021042006,36,119,002104,2006,0,0,0,0,0,0,0,0,0,0,0,0,0,0,0,0,0,0,0,0,0,0,0,0,0,0,0,0,0,0,0,090,090,1.0
361190024022000,36,119,002402,2000,0,0,0,0,0,0,0,0,0,0,0,0,0,0,0,0,0,0,0,0,0,0,0,0,0,0,0,0,0,0,0,090,090,1.0000000000000004
361190022043007,36,119,002204,3007,0,0,0,0,0,0,0,0,0,0,0,0,0,0,0,0,0,0,0,0,0,0,0,0,0,0,0,0,0,0,0,090,090,0.9999999999999999
361190022023001,36,119,002202,3001,0,0,0,0,0,0,0,0,0,0,0,0,0,0,0,0,0,0,0,0,0,0,0,0,0,0,0,0,0,0,0,090,090,0.9999999999999981
361190009003012,36,119,000900,3012,0,0,0,0,0,0,0,0,0,0,0,0,0,0,0,0,0,0,0,0,0,0,0,0,0,0,0,0,0,0,0,092,092,0.9999999999999998
361190021042007,36,119,002104,2007,67,38,9,0,5,0,12,3,67,22,45,34,5,0,5,0,0,1,30,30,0,0,0,0,0,0,0,0,0,0,0,090,090,1.0
361190019001020,36,119,001900,1020,0,0,0,0,0,0,0,0,0,0,0,0,0,0,0,0,0,0,0,0,0,0,0,0,0,0,0,0,0,0,0,090,090,0.9999999999999997
361190022024002,36,119,002202,4002,0,0,0,0,0,0,0,0,0,0,0,0,0,0,0,0,0,0,0,0,0,0,0,0,0,0,0,0,0,0,0,090,090,1.000000000000001
361190016004008,36,119,001600,4008,221,65,38,2,18,0,77,21,221,114,107,57,27,0,18,0,0,5,108,105,3,0,0,0,0,0,0,0,0,0,0,090,090,1.0
361190024031011,36,119,002403,1011,0,0,0,0,0,0,0,0,0,0,0,0,0,0,0,0,0,0,0,0,0,0,0,0,0,0,0,0,0,0,0,090,090,0.9999999999999999
361190015021005,36,119,001502,1005,0,0,0,0,0,0,0,0,0,0,0,0,0,0,0,0,0,0,0,0,0,0,0,0,0,0,0,0,0,0,0,089,089,0.9999999999999993
361190004032003,36,119,000403,2003,117,11,55,1,5,0,28,17,117,55,62,3,44,0,5,0,2,8,47,39,8,0,0,0,0,0,0,0,0,0,0,089,089,1.0
361190005012016,36,119,000501,2016,85,13,23,6,9,0,29,5,85,50,35,3,23,0,9,0,0,0,29,29,0,0,0,0,0,0,0,0,0,0,0,090,090,1.0
361190013011000,36,119,001301,1000,0,0,0,0,0,0,0,0,0,0,0,0,0,0,0,0,0,0,0,0,0,0,0,0,0,0,0,0,0,0,0,090,090,0.9999999999999999
361190010002007,36,119,001000,2007,0,0,0,0,0,0,0,0,0,0,0,0,0,0,0,0,0,0,0,0,0,0,0,0,0,0,0,0,0,0,0,090,090,1.0000000000000004
361190013012009,36,119,001301,2009,8,0,2,0,3,0,0,3,8,5,3,0,0,0,3,0,0,0,1,1,0,0,0,0,0,0,0,0,0,0,0,090,090,0.9999999999999999
361190024041005,36,119,002404,1005,31,5,6,2,2,0,9,7,31,17,14,0,4,2,2,0,3,3,6,6,0,0,0,0,0,0,0,0,0,0,0,090,090,0.9999999999999999
361190011022001,36,119,001102,2001,0,0,0,0,0,0,0,0,0,0,0,0,0,0,0,0,0,0,0,0,0,0,0,0,0,0,0,0,0,0,0,090,090,0.9999999999999997
361190023001019,36,119,002300,1019,0,0,0,0,0,0,0,0,0,0,0,0,0,0,0,0,0,0,0,0,0,0,0,0,0,0,0,0,0,0,0,090,090,0.9999999999999998
361190003001002,36,119,000300,1002,0,0,0,0,0,0,0,0,0,0,0,0,0,0,0,0,0,0,0,0,0,0,0,0,0,0,0,0,0,0,0,090,090,1.0000000000000004
361190010002005,36,119,001000,2005,0,0,0,0,0,0,0,0,0,0,0,0,0,0,0,0,0,0,0,0,0,0,0,0,0,0,0,0,0,0,0,090,090,0.9999999999999996
361190014013014,36,119,001401,3014,21,5,2,1,1,0,5,7,21,7,14,5,1,0,1,0,0,7,1,0,1,0,0,0,0,0,0,0,0,0,0,090,090,1.0000000000000004
361190010002008,36,119,001000,2008,0,0,0,0,0,0,0,0,0,0,0,0,0,0,0,0,0,0,0,0,0,0,0,0,0,0,0,0,0,0,0,090,090,1.0
361190011012002,36,119,001101,2002,0,0,0,0,0,0,0,0,0,0,0,0,0,0,0,0,0,0,0,0,0,0,0,0,0,0,0,0,0,0,0,090,090,1.0000000000000004
361190022012022,36,119,002201,2022,0,0,0,0,0,0,0,0,0,0,0,0,0,0,0,0,0,0,0,0,0,0,0,0,0,0,0,0,0,0,0,090,090,1.0000000000000002
361190003002003,36,119,000300,2003,0,0,0,0,0,0,0,0,0,0,0,0,0,0,0,0,0,0,0,0,0,0,0,0,0,0,0,0,0,0,0,090,090,1.0
361190003002004,36,119,000300,2004,0,0,0,0,0,0,0,0,0,0,0,0,0,0,0,0,0,0,0,0,0,0,0,0,0,0,0,0,0,0,0,090,090,0.9999999999999999
361190021051008,36,119,002105,1008,0,0,0,0,0,0,0,0,0,0,0,0,0,0,0,0,0,0,0,0,0,0,0,0,0,0,0,0,0,0,0,090,090,0.9999999999999988
361190006021001,36,119,000602,1001,0,0,0,0,0,0,0,0,0,0,0,0,0,0,0,0,0,0,0,0,0,0,0,0,0,0,0,0,0,0,0,090,090,1.0000000000000002
361190005012004,36,119,000501,2004,153,11,45,9,1,0,60,27,153,99,54,8,39,4,1,0,0,2,52,49,3,0,0,0,0,0,0,0,0,0,0,090,090,1.0000000000000002
361190010002003,36,119,001000,2003,481,12,375,4,0,0,65,25,481,129,352,4,331,0,0,0,3,14,194,179,15,0,0,0,0,0,0,0,0,0,0,090,090,1.0
361190016003000,36,119,001600,3000,91,43,9,4,1,0,12,22,91,62,29,19,8,0,1,0,1,0,37,37,0,0,0,0,0,0,0,0,0,0,0,090,090,0.9999999999999998
361190011021000,36,119,001102,1000,66,2,13,1,5,0,24,21,66,47,19,1,8,0,5,0,0,5,22,22,0,0,0,0,0,0,0,0,0,0,0,090,090,0.9999999999999998
361190003002001,36,119,000300,2001,46,4,10,2,0,0,15,15,46,30,16,0,6,1,0,0,0,9,12,12,0,3,0,0,0,0,0,3,0,0,3,090,090,1.0
361190002022001,36,119,000202,2001,644,119,136,5,10,0,294,80,644,428,216,87,108,0,10,0,4,7,265,255,10,0,0,0,0,0,0,0,0,0,0,089,089,0.9999999999999998
361190002051002,36,119,000205,1002,45,16,5,0,4,0,4,16,45,26,19,9,2,0,3,0,0,5,13,13,0,0,0,0,0,0,0,0,0,0,0,089,089,1.0000000000000002
361190024031008,36,119,002403,1008,18,3,11,0,0,0,0,4,18,9,9,0,9,0,0,0,0,0,1,1,0,0,0,0,0,0,0,0,0,0,0,090,090,0.9999999999999986
361190022041012,36,119,002204,1012,0,0,0,0,0,0,0,0,0,0,0,0,0,0,0,0,0,0,0,0,0,0,0,0,0,0,0,0,0,0,0,090,090,1.0000000000000004
361190022041011,36,119,002204,1011,0,0,0,0,0,0,0,0,0,0,0,0,0,0,0,0,0,0,0,0,0,0,0,0,0,0,0,0,0,0,0,090,090,0.9999999999999998
361190022022011,36,119,002202,2011,0,0,0,0,0,0,0,0,0,0,0,0,0,0,0,0,0,0,0,0,0,0,0,0,0,0,0,0,0,0,0,090,090,1.0
361190022022013,36,119,002202,2013,0,0,0,0,0,0,0,0,0,0,0,0,0,0,0,0,0,0,0,0,0,0,0,0,0,0,0,0,0,0,0,090,090,0.9999999999999998
361190023002005,36,119,002300,2005,42,30,3,0,0,0,5,4,42,7,35,30,2,0,0,0,3,0,12,12,0,0,0,0,0,0,0,0,0,0,0,090,090,1.0
361190023002017,36,119,002300,2017,41,11,6,0,1,0,6,17,41,13,28,10,6,0,1,0,4,7,14,14,0,2,0,0,0,0,0,2,0,0,2,090,090,1.0
361190022044002,36,119,002204,4002,374,271,23,0,24,0,18,38,374,52,322,266,22,0,24,0,1,9,214,211,3,0,0,0,0,0,0,0,0,0,0,090,090,1.0
361190022043006,36,119,002204,3006,0,0,0,0,0,0,0,0,0,0,0,0,0,0,0,0,0,0,0,0,0,0,0,0,0,0,0,0,0,0,0,090,090,1.0
361190024011007,36,119,002401,1007,0,0,0,0,0,0,0,0,0,0,0,0,0,0,0,0,0,0,0,0,0,0,0,0,0,0,0,0,0,0,0,090,090,0.9999999999999999
361190022041024,36,119,002204,1024,16,10,0,0,5,0,0,1,16,1,15,10,0,0,5,0,0,0,7,7,0,0,0,0,0,0,0,0,0,0,0,090,090,1.0
361190021032011,36,119,002103,2011,0,0,0,0,0,0,0,0,0,0,0,0,0,0,0,0,0,0,0,0,0,0,0,0,0,0,0,0,0,0,0,090,090,0.9999999999999993
361190009001009,36,119,000900,1009,0,0,0,0,0,0,0,0,0,0,0,0,0,0,0,0,0,0,0,0,0,0,0,0,0,0,0,0,0,0,0,092,090,1.0000000000000004
361190022022010,36,119,002202,2010,0,0,0,0,0,0,0,0,0,0,0,0,0,0,0,0,0,0,0,0,0,0,0,0,0,0,0,0,0,0,0,090,090,1.0000000000000004
361190013012017,36,119,001301,2017,22,3,0,1,2,0,7,9,22,18,4,2,0,0,0,0,0,2,1,1,0,0,0,0,0,0,0,0,0,0,0,090,090,1.0
361190022024010,36,119,002202,4010,0,0,0,0,0,0,0,0,0,0,0,0,0,0,0,0,0,0,0,0,0,0,0,0,0,0,0,0,0,0,0,090,090,1.000000000000002
361190007023003,36,119,000702,3003,0,0,0,0,0,0,0,0,0,0,0,0,0,0,0,0,0,0,0,0,0,0,0,0,0,0,0,0,0,0,0,089,089,1.0
361190022023009,36,119,002202,3009,57,30,14,0,4,0,6,3,57,6,51,29,13,0,4,0,2,3,34,34,0,0,0,0,0,0,0,0,0,0,0,090,090,1.0000000000000002
361190004034001,36,119,000403,4001,327,22,181,7,3,0,65,49,327,150,177,8,155,0,0,0,1,13,144,133,11,0,0,0,0,0,0,0,0,0,0,089,089,1.0
361190014034001,36,119,001403,4001,0,0,0,0,0,0,0,0,0,0,0,0,0,0,0,0,0,0,0,0,0,0,0,0,0,0,0,0,0,0,0,089,089,1.0000000000000004
361190002022004,36,119,000202,2004,0,0,0,0,0,0,0,0,0,0,0,0,0,0,0,0,0,0,0,0,0,0,0,0,0,0,0,0,0,0,0,089,089,0.9999999999999999
361190004033000,36,119,000403,3000,46,6,6,0,3,0,9,22,46,29,17,3,6,0,3,0,1,4,4,4,0,0,0,0,0,0,0,0,0,0,0,089,089,1.0000000000000002
361190002023006,36,119,000202,3006,152,48,35,0,17,0,42,10,152,50,102,44,33,0,17,0,8,0,42,42,0,0,0,0,0,0,0,0,0,0,0,089,089,0.9999999999999998
361190007011002,36,119,000701,1002,1260,333,449,14,66,1,229,168,1260,446,814,280,406,4,66,1,8,49,626,588,38,11,0,0,0,0,0,11,0,0,11,089,089,1.0
361190021042027,36,119,002104,2027,21,2,6,0,0,0,3,10,21,2,19,2,5,0,0,0,2,10,1,0,1,0,0,0,0,0,0,0,0,0,0,090,090,1.0
361190016004002,36,119,001600,4002,0,0,0,0,0,0,0,0,0,0,0,0,0,0,0,0,0,0,0,0,0,0,0,0,0,0,0,0,0,0,0,090,090,0.9999999999999986
361190014032006,36,119,001403,2006,0,0,0,0,0,0,0,0,0,0,0,0,0,0,0,0,0,0,0,0,0,0,0,0,0,0,0,0,0,0,0,089,089,0.9999999999999997
361190021031014,36,119,002103,1014,0,0,0,0,0,0,0,0,0,0,0,0,0,0,0,0,0,0,0,0,0,0,0,0,0,0,0,0,0,0,0,090,090,1.0000000000000004
361190017021007,36,119,001702,1007,92,62,4,0,1,0,2,23,92,28,64,56,4,0,1,0,1,2,29,27,2,0,0,0,0,0,0,0,0,0,0,090,090,0.9999999999999999
361190017021009,36,119,001702,1009,162,103,0,3,5,0,29,22,162,68,94,87,0,0,5,0,0,2,59,50,9,0,0,0,0,0,0,0,0,0,0,090,090,0.9999999999999999
361190017011003,36,119,001701,1003,579,311,26,6,13,0,151,72,579,251,328,282,18,0,13,0,7,8,214,191,23,2,0,0,0,0,0,2,0,0,2,090,090,1.0
361190023002004,36,119,002300,2004,127,95,0,0,6,0,18,8,127,24,103,94,0,0,6,0,0,3,39,39,0,0,0,0,0,0,0,0,0,0,0,090,090,1.0
361190023001002,36,119,002300,1002,311,182,20,1,14,0,52,42,311,119,192,159,13,0,14,0,3,3,122,122,0,4,0,0,0,0,0,4,0,0,4,090,090,1.0000000000000002
361190017012009,36,119,001701,2009,62,39,6,0,6,0,0,11,62,16,46,34,6,0,6,0,0,0,23,20,3,0,0,0,0,0,0,0,0,0,0,090,090,1.0
361190018001007,36,119,001800,1007,64,22,13,0,0,1,12,16,64,25,39,22,11,0,0,1,5,0,16,11,5,0,0,0,0,0,0,0,0,0,0,090,090,1.0000000000000002
361190024031009,36,119,002403,1009,0,0,0,0,0,0,0,0,0,0,0,0,0,0,0,0,0,0,0,0,0,0,0,0,0,0,0,0,0,0,0,090,090,0.9999999999999998
361190009002011,36,119,000900,2011,14,1,5,0,3,0,0,5,14,2,12,1,5,0,3,0,0,3,1,1,0,0,0,0,0,0,0,0,0,0,0,092,092,1.0000000000000002
361190021033023,36,119,002103,3023,36,31,1,1,1,0,1,1,36,3,33,31,1,0,0,0,1,0,10,10,0,0,0,0,0,0,0,0,0,0,0,090,090,1.0000000000000002
361190004041001,36,119,000404,1001,741,114,360,9,17,1,156,84,741,288,453,73,347,1,14,0,5,13,398,382,16,14,0,0,0,0,0,14,0,0,14,089,089,1.0
361190004032004,36,119,000403,2004,71,12,21,2,2,0,25,9,71,42,29,8,16,0,2,0,1,2,17,17,0,12,0,0,0,0,0,12,0,0,12,089,089,1.0000000000000002
361190004033002,36,119,000403,3002,0,0,0,0,0,0,0,0,0,0,0,0,0,0,0,0,0,0,0,0,0,0,0,0,0,0,0,0,0,0,0,089,089,1.0000000000000002
361190004013000,36,119,000401,3000,0,0,0,0,0,0,0,0,0,0,0,0,0,0,0,0,0,0,0,0,0,0,0,0,0,0,0,0,0,0,0,089,089,1.0
361190001034003,36,119,000103,4003,161,21,62,3,1,3,51,20,161,88,73,10,58,0,0,3,0,2,74,72,2,0,0,0,0,0,0,0,0,0,0,089,089,0.9999999999999998
361190004012001,36,119,000401,2001,323,127,53,3,27,0,64,49,323,98,225,123,53,0,27,0,0,22,213,210,3,0,0,0,0,0,0,0,0,0,0,089,089,1.0
361190008032015,36,119,000803,2015,106,27,16,0,0,0,51,12,106,63,43,24,15,0,0,0,1,3,38,32,6,4,0,0,0,0,0,4,0,0,4,090,090,1.0
361190001031001,36,119,000103,1001,68,18,18,4,0,0,14,14,68,30,38,16,17,2,0,0,3,0,33,33,0,0,0,0,0,0,0,0,0,0,0,089,089,0.9999999999999999
361190004012011,36,119,000401,2011,0,0,0,0,0,0,0,0,0,0,0,0,0,0,0,0,0,0,0,0,0,0,0,0,0,0,0,0,0,0,0,089,089,1.0
361190001031000,36,119,000103,1000,364,108,124,8,19,0,69,36,364,106,258,97,120,6,19,0,6,10,210,199,11,40,0,0,0,0,0,40,0,0,40,089,089,1.0
361190004012014,36,119,000401,2014,217,36,48,8,3,0,80,42,217,118,99,31,43,0,2,0,0,23,121,109,12,0,0,0,0,0,0,0,0,0,0,090,090,0.9999999999999999
361190003002000,36,119,000300,2000,12,2,3,1,2,0,0,4,12,9,3,2,0,0,1,0,0,0,2,2,0,0,0,0,0,0,0,0,0,0,0,090,090,1.0000000000000002
361190007023002,36,119,000702,3002,0,0,0,0,0,0,0,0,0,0,0,0,0,0,0,0,0,0,0,0,0,0,0,0,0,0,0,0,0,0,0,089,089,1.0000000000000004
361190004031000,36,119,000403,1000,1171,84,788,3,22,1,187,86,1171,335,836,43,747,1,20,0,9,16,621,585,36,0,0,0,0,0,0,0,0,0,0,089,089,1.0000000000000002
361190004032002,36,119,000403,2002,224,11,108,4,3,0,73,25,224,121,103,0,93,1,1,0,4,4,82,73,9,0,0,0,0,0,0,0,0,0,0,089,089,0.9999999999999998
361190004032006,36,119,000403,2006,149,9,72,4,8,0,40,16,149,74,75,3,61,0,8,0,0,3,56,53,3,0,0,0,0,0,0,0,0,0,0,089,089,0.9999999999999998
361190006022007,36,119,000602,2007,539,85,147,0,78,0,177,52,539,252,287,56,145,0,78,0,3,5,177,150,27,104,104,0,0,104,0,0,0,0,0,090,090,1.0000000000000002
361190004014000,36,119,000401,4000,352,21,101,10,1,0,168,51,352,255,97,3,86,3,0,0,2,3,106,94,12,0,0,0,0,0,0,0,0,0,0,090,090,1.0000000000000002
361190004012004,36,119,000401,2004,387,57,141,9,7,1,128,44,387,236,151,21,115,0,6,1,2,6,179,153,26,6,0,0,0,0,0,6,0,0,6,090,090,1.0
361190001034004,36,119,000103,4004,153,16,20,6,1,1,87,22,153,125,28,4,20,0,1,1,2,0,52,52,0,0,0,0,0,0,0,0,0,0,0,089,089,1.0000000000000002
361190007023001,36,119,000702,3001,1007,70,618,4,16,0,175,124,1007,311,696,45,590,0,14,0,11,36,541,508,33,0,0,0,0,0,0,0,0,0,0,089,089,1.0
361190007011006,36,119,000701,1006,48,27,0,0,10,0,6,5,48,11,37,26,0,0,10,0,0,1,15,14,1,0,0,0,0,0,0,0,0,0,0,089,089,0.9999999999999999
361190002023001,36,119,000202,3001,127,53,7,0,11,1,41,14,127,46,81,52,7,0,11,1,7,3,42,40,2,0,0,0,0,0,0,0,0,0,0,089,089,1.0000000000000002
361190014032005,36,119,001403,2005,122,56,8,0,19,0,24,15,122,43,79,52,5,0,18,0,0,4,54,54,0,0,0,0,0,0,0,0,0,0,0,089,089,1.0000000000000002
361190016001007,36,119,001600,1007,292,133,18,1,0,0,96,44,292,167,125,114,7,0,0,0,0,4,110,103,7,0,0,0,0,0,0,0,0,0,0,090,090,0.9999999999999999
361190005022003,36,119,000502,2003,273,19,99,1,1,0,124,29,273,167,106,3,91,0,0,0,2,10,104,97,7,0,0,0,0,0,0,0,0,0,0,090,090,1.0000000000000002
361190022041015,36,119,002204,1015,0,0,0,0,0,0,0,0,0,0,0,0,0,0,0,0,0,0,0,0,0,0,0,0,0,0,0,0,0,0,0,090,090,0.9999999999999998
361190020003004,36,119,002000,3004,83,48,6,1,10,0,11,7,83,19,64,48,6,0,10,0,0,0,32,32,0,0,0,0,0,0,0,0,0,0,0,090,090,0.9999999999999994
361190021012002,36,119,002101,2002,121,78,4,0,19,0,7,13,121,17,104,74,4,0,19,0,1,6,39,32,7,0,0,0,0,0,0,0,0,0,0,090,090,1.0000000000000002
361190021013008,36,119,002101,3008,94,21,15,2,35,0,12,9,94,23,71,19,13,2,35,0,0,2,26,26,0,0,0,0,0,0,0,0,0,0,0,090,090,0.9999999999999999
361190021042012,36,119,002104,2012,65,36,1,0,7,0,5,16,65,33,32,22,1,0,7,0,0,2,19,18,1,0,0,0,0,0,0,0,0,0,0,090,090,0.9999999999999999
361190021042030,36,119,002104,2030,33,17,0,0,0,0,0,16,33,11,22,15,0,0,0,0,0,7,7,1,6,0,0,0,0,0,0,0,0,0,0,090,090,1.0
361190021071014,36,119,002107,1014,54,26,0,0,20,0,6,2,54,2,52,25,0,0,20,0,5,2,17,17,0,0,0,0,0,0,0,0,0,0,0,090,090,1.0000000000000004
361190022023004,36,119,002202,3004,55,29,9,1,8,0,1,7,55,10,45,29,9,0,6,0,0,1,17,17,0,0,0,0,0,0,0,0,0,0,0,090,090,0.9999999999999998
361190022023003,36,119,002202,3003,51,33,0,0,5,0,8,5,51,11,40,31,0,0,5,0,0,4,19,19,0,0,0,0,0,0,0,0,0,0,0,090,090,1.0
361190022022004,36,119,002202,2004,664,572,12,0,42,0,7,31,664,50,614,556,11,0,42,0,0,5,462,444,18,0,0,0,0,0,0,0,0,0,0,090,090,0.9999999999999998
361190022042002,36,119,002204,2002,34,10,1,1,8,0,2,12,34,8,26,10,1,1,8,0,1,5,7,7,0,0,0,0,0,0,0,0,0,0,0,090,090,1.0
361190022043009,36,119,002204,3009,29,13,5,0,3,0,3,5,29,5,24,13,5,0,3,0,3,0,8,8,0,0,0,0,0,0,0,0,0,0,0,090,090,1.0000000000000002
361190021071001,36,119,002107,1001,114,84,2,0,18,0,4,6,114,7,107,83,0,0,18,0,2,4,9,9,0,86,0,0,0,0,0,86,86,0,0,090,090,1.0000000000000004
361190022044010,36,119,002204,4010,20,14,4,0,0,0,1,1,20,1,19,14,4,0,0,0,0,1,10,7,3,0,0,0,0,0,0,0,0,0,0,090,090,1.0
361190022041004,36,119,002204,1004,28,22,4,0,0,0,0,2,28,4,24,21,2,0,0,0,0,1,11,11,0,0,0,0,0,0,0,0,0,0,0,090,090,1.0000000000000002
361190004012009,36,119,000401,2009,0,0,0,0,0,0,0,0,0,0,0,0,0,0,0,0,0,0,0,0,0,0,0,0,0,0,0,0,0,0,0,089,089,1.0000000000000002
361190004042004,36,119,000404,2004,56,7,19,0,6,0,16,8,56,27,29,2,18,0,6,0,1,2,16,16,0,0,0,0,0,0,0,0,0,0,0,089,089,1.0
361190005012019,36,119,000501,2019,113,5,26,7,2,0,59,14,113,89,24,0,20,1,2,0,0,1,62,59,3,0,0,0,0,0,0,0,0,0,0,090,090,0.9999999999999996
361190008014006,36,119,000801,4006,59,19,0,0,13,0,15,12,59,24,35,17,0,0,13,0,0,5,18,11,7,0,0,0,0,0,0,0,0,0,0,090,090,1.0
361190002023005,36,119,000202,3005,107,58,5,0,3,1,30,10,107,36,71,57,5,0,3,0,0,6,38,38,0,0,0,0,0,0,0,0,0,0,0,089,089,1.0000000000000002
361190007023006,36,119,000702,3006,195,15,123,3,0,0,22,32,195,64,131,3,123,0,0,0,0,5,101,99,2,0,0,0,0,0,0,0,0,0,0,089,089,1.0
361190002022002,36,119,000202,2002,357,91,116,0,10,0,102,38,357,158,199,81,109,0,8,0,0,1,200,194,6,0,0,0,0,0,0,0,0,0,0,089,089,0.9999999999999998
361190022043005,36,119,002204,3005,33,16,2,0,2,0,1,12,33,6,27,16,0,0,2,0,1,8,4,4,0,0,0,0,0,0,0,0,0,0,0,090,090,1.0000000000000002
361190024021001,36,119,002402,1001,909,469,125,6,52,1,128,128,909,325,584,408,104,0,47,0,2,23,547,516,31,0,0,0,0,0,0,0,0,0,0,090,090,1.0
361190007022001,36,119,000702,2001,0,0,0,0,0,0,0,0,0,0,0,0,0,0,0,0,0,0,0,0,0,0,0,0,0,0,0,0,0,0,0,090,092,1.0000000000000022
361190002032003,36,119,000203,2003,1405,639,206,6,67,0,272,215,1405,557,848,573,184,0,64,0,10,17,743,703,40,89,0,0,0,0,0,89,0,0,89,089,089,0.9999999999999997
361190007012013,36,119,000701,2013,29,20,3,0,3,0,1,2,29,2,27,20,3,0,3,0,0,1,9,9,0,0,0,0,0,0,0,0,0,0,0,090,090,1.0
361190008033001,36,119,000803,3001,92,33,28,0,4,0,16,11,92,30,62,29,26,0,4,0,0,3,25,25,0,12,0,0,0,0,0,12,0,0,12,090,090,0.9999999999999999
361190021032010,36,119,002103,2010,32,22,2,0,0,0,7,1,32,7,25,21,2,0,0,0,2,0,9,9,0,0,0,0,0,0,0,0,0,0,0,090,090,0.9999999999999998
361190004012012,36,119,000401,2012,0,0,0,0,0,0,0,0,0,0,0,0,0,0,0,0,0,0,0,0,0,0,0,0,0,0,0,0,0,0,0,089,089,1.0
361190008032008,36,119,000803,2008,170,79,13,0,1,0,31,46,170,75,95,76,13,0,1,0,0,5,62,62,0,0,0,0,0,0,0,0,0,0,0,090,090,1.0000000000000002
361190017022008,36,119,001702,2008,64,43,0,0,3,0,5,13,64,16,48,43,0,0,3,0,0,2,18,18,0,0,0,0,0,0,0,0,0,0,0,090,090,0.9999999999999997
361190023001016,36,119,002300,1016,96,66,0,0,0,0,10,20,96,37,59,55,0,0,0,0,2,2,45,27,18,0,0,0,0,0,0,0,0,0,0,090,090,1.0
361190023001000,36,119,002300,1000,264,187,11,0,18,0,17,31,264,63,201,175,6,0,18,0,0,2,110,110,0,0,0,0,0,0,0,0,0,0,0,090,090,0.9999999999999994
361190023002023,36,119,002300,2023,20,15,0,0,0,0,2,3,20,6,14,11,0,0,0,0,0,3,6,4,2,0,0,0,0,0,0,0,0,0,0,090,090,1.0
361190023002006,36,119,002300,2006,128,71,10,1,15,0,19,12,128,28,100,70,10,0,15,0,0,5,41,41,0,5,0,0,0,0,0,5,0,0,5,090,090,0.9999999999999998
361190024041006,36,119,002404,1006,0,0,0,0,0,0,0,0,0,0,0,0,0,0,0,0,0,0,0,0,0,0,0,0,0,0,0,0,0,0,0,090,090,1.0
361190013012020,36,119,001301,2020,0,0,0,0,0,0,0,0,0,0,0,0,0,0,0,0,0,0,0,0,0,0,0,0,0,0,0,0,0,0,0,090,090,1.0000000000000002
361190010002004,36,119,001000,2004,26,3,17,0,0,0,1,5,26,9,17,3,11,0,0,0,1,2,1,1,0,0,0,0,0,0,0,0,0,0,0,090,090,1.0000000000000002
361190024034012,36,119,002403,4012,0,0,0,0,0,0,0,0,0,0,0,0,0,0,0,0,0,0,0,0,0,0,0,0,0,0,0,0,0,0,0,089,089,1.0
361190021032012,36,119,002103,2012,0,0,0,0,0,0,0,0,0,0,0,0,0,0,0,0,0,0,0,0,0,0,0,0,0,0,0,0,0,0,0,090,090,0.9999999999999999
361190023001004,36,119,002300,1004,120,63,16,6,5,0,20,10,120,34,86,63,16,0,4,0,0,3,47,47,0,0,0,0,0,0,0,0,0,0,0,090,090,1.0
361190024051005,36,119,002405,1005,262,176,0,0,9,0,49,28,262,91,171,161,0,0,8,0,0,2,108,89,19,0,0,0,0,0,0,0,0,0,0,090,090,0.9999999999999997
361190009001007,36,119,000900,1007,128,46,11,0,38,0,22,11,128,33,95,46,11,0,37,0,0,1,48,46,2,0,0,0,0,0,0,0,0,0,0,090,090,1.0000000000000002
361190020004006,36,119,002000,4006,0,0,0,0,0,0,0,0,0,0,0,0,0,0,0,0,0,0,0,0,0,0,0,0,0,0,0,0,0,0,0,090,090,1.0000000000000002
361190024053015,36,119,002405,3015,0,0,0,0,0,0,0,0,0,0,0,0,0,0,0,0,0,0,0,0,0,0,0,0,0,0,0,0,0,0,0,090,090,1.0000000000000002
361190021051012,36,119,002105,1012,149,76,15,0,49,0,2,7,149,9,140,76,15,0,49,0,0,0,48,39,9,0,0,0,0,0,0,0,0,0,0,090,090,1.0000000000000002
361190024041007,36,119,002404,1007,638,330,35,0,109,0,89,75,638,178,460,326,20,0,109,0,3,2,248,231,17,0,0,0,0,0,0,0,0,0,0,090,090,1.0000000000000004
361190024042004,36,119,002404,2004,60,12,2,0,16,0,26,4,60,29,31,10,2,0,16,0,2,1,22,22,0,0,0,0,0,0,0,0,0,0,0,090,090,0.9999999999999999
361190024042008,36,119,002404,2008,87,51,0,0,8,0,24,4,87,29,58,50,0,0,8,0,0,0,40,40,0,0,0,0,0,0,0,0,0,0,0,090,090,1.0000000000000002
361190015051000,36,119,001505,1000,1756,716,457,8,100,1,328,146,1756,583,1173,624,413,2,100,0,14,20,985,915,70,0,0,0,0,0,0,0,0,0,0,089,089,1.0000000000000002
361190015044001,36,119,001504,4001,253,199,12,2,10,0,11,19,253,36,217,195,9,2,9,0,0,2,86,86,0,0,0,0,0,0,0,0,0,0,0,090,090,1.0
361190015044003,36,119,001504,4003,71,31,3,3,10,0,17,7,71,25,46,28,3,0,10,0,0,5,33,28,5,0,0,0,0,0,0,0,0,0,0,089,089,1.0
361190015043010,36,119,001504,3010,167,110,13,1,6,0,16,21,167,37,130,106,13,1,6,0,0,4,63,51,12,0,0,0,0,0,0,0,0,0,0,089,089,0.9999999999999999
361190015044002,36,119,001504,4002,99,55,1,0,20,0,17,6,99,20,79,55,1,0,20,0,0,3,38,37,1,0,0,0,0,0,0,0,0,0,0,089,089,1.0000000000000002
361190015043009,36,119,001504,3009,244,174,23,0,0,0,30,17,244,64,180,164,13,0,0,0,0,3,103,103,0,0,0,0,0,0,0,0,0,0,0,089,089,1.0000000000000002
361190015043008,36,119,001504,3008,215,139,17,0,13,1,25,20,215,37,178,139,17,0,12,1,0,9,73,72,1,0,0,0,0,0,0,0,0,0,0,089,089,0.9999999999999996
361190015043002,36,119,001504,3002,130,95,12,0,4,0,10,9,130,16,114,94,12,0,4,0,2,2,41,41,0,0,0,0,0,0,0,0,0,0,0,089,089,1.0
361190015043007,36,119,001504,3007,52,23,6,3,1,0,6,13,52,12,40,23,6,0,1,0,5,5,19,19,0,0,0,0,0,0,0,0,0,0,0,089,089,1.0
361190024043001,36,119,002404,3001,298,166,17,2,21,0,39,53,298,85,213,164,17,0,21,0,4,7,108,108,0,0,0,0,0,0,0,0,0,0,0,090,090,0.9999999999999997
361190024042007,36,119,002404,2007,73,39,0,0,10,0,21,3,73,21,52,39,0,0,10,0,2,1,34,34,0,0,0,0,0,0,0,0,0,0,0,090,090,0.9999999999999999
361190024043000,36,119,002404,3000,82,37,23,0,3,0,11,8,82,23,59,33,19,0,3,0,0,4,28,28,0,0,0,0,0,0,0,0,0,0,0,090,090,1.0
361190024032006,36,119,002403,2006,77,54,4,2,0,0,14,3,77,22,55,53,1,0,0,0,0,1,34,34,0,0,0,0,0,0,0,0,0,0,0,090,090,1.0000000000000002
361190024034003,36,119,002403,4003,96,45,9,3,14,0,13,12,96,25,71,43,2,3,14,0,7,2,26,24,2,0,0,0,0,0,0,0,0,0,0,090,090,1.0
361190024034001,36,119,002403,4001,66,45,1,0,6,0,3,11,66,20,46,35,1,0,6,0,0,4,23,23,0,0,0,0,0,0,0,0,0,0,0,090,090,1.0
361190024043006,36,119,002404,3006,150,86,9,0,0,0,24,31,150,56,94,74,8,0,0,0,1,11,64,54,10,0,0,0,0,0,0,0,0,0,0,090,090,1.0
361190024034002,36,119,002403,4002,108,64,3,1,4,0,14,22,108,40,68,59,3,0,4,0,0,2,32,32,0,3,0,0,0,0,0,3,0,0,3,090,090,1.0000000000000002
361190024034006,36,119,002403,4006,106,55,2,0,7,0,23,19,106,47,59,51,0,0,7,0,0,1,34,34,0,0,0,0,0,0,0,0,0,0,0,090,090,1.0
361190015042005,36,119,001504,2005,106,65,2,0,16,0,10,13,106,24,82,60,0,0,16,0,0,6,40,40,0,0,0,0,0,0,0,0,0,0,0,089,089,1.0000000000000002
361190015042004,36,119,001504,2004,108,68,10,0,3,1,15,11,108,29,79,60,6,0,2,1,2,8,27,27,0,0,0,0,0,0,0,0,0,0,0,089,089,0.9999999999999999
361190015043000,36,119,001504,3000,87,63,1,0,9,0,8,6,87,16,71,60,0,0,9,0,0,2,28,28,0,0,0,0,0,0,0,0,0,0,0,089,089,1.0
361190015043006,36,119,001504,3006,173,99,6,0,0,0,46,22,173,71,102,95,2,0,0,0,2,3,59,56,3,0,0,0,0,0,0,0,0,0,0,089,089,1.0
361190015043004,36,119,001504,3004,57,37,4,1,2,0,8,5,57,21,36,29,4,0,2,0,1,0,22,22,0,0,0,0,0,0,0,0,0,0,0,089,089,1.0000000000000002
361190015041002,36,119,001504,1002,898,481,139,0,59,0,130,89,898,240,658,449,127,0,59,0,5,18,444,408,36,0,0,0,0,0,0,0,0,0,0,089,089,1.0000000000000002
361190015051004,36,119,001505,1004,0,0,0,0,0,0,0,0,0,0,0,0,0,0,0,0,0,0,0,0,0,0,0,0,0,0,0,0,0,0,0,089,089,1.0000000000000007
361190021043002,36,119,002104,3002,42,6,12,0,16,0,1,7,42,5,37,5,10,0,16,0,1,5,12,12,0,0,0,0,0,0,0,0,0,0,0,090,090,1.0
361190007011004,36,119,000701,1004,65,31,5,1,6,0,4,18,65,21,44,28,4,0,6,0,3,3,18,12,6,0,0,0,0,0,0,0,0,0,0,090,090,1.0
361190017014000,36,119,001701,4000,126,64,6,2,3,0,41,10,126,51,75,60,6,2,3,0,0,4,52,52,0,0,0,0,0,0,0,0,0,0,0,090,090,0.9999999999999996
361190024053000,36,119,002405,3000,51,24,0,0,15,0,8,4,51,15,36,21,0,0,13,0,0,2,16,16,0,0,0,0,0,0,0,0,0,0,0,090,090,1.0000000000000002
361190024042001,36,119,002404,2001,50,20,2,4,1,0,16,7,50,19,31,20,2,1,1,0,3,4,21,21,0,0,0,0,0,0,0,0,0,0,0,090,090,0.9999999999999997
361190024042003,36,119,002404,2003,118,42,17,0,14,0,39,6,118,54,64,34,14,0,14,0,0,2,43,43,0,0,0,0,0,0,0,0,0,0,0,090,090,1.0000000000000002
361190024042009,36,119,002404,2009,63,35,10,1,6,0,9,2,63,24,39,27,5,1,6,0,0,0,18,9,9,0,0,0,0,0,0,0,0,0,0,090,090,0.9999999999999998
361190013051004,36,119,001305,1004,91,9,20,6,23,0,20,13,91,53,38,0,12,2,23,0,0,1,33,29,4,0,0,0,0,0,0,0,0,0,0,089,089,1.0000000000000002
361190005012017,36,119,000501,2017,223,16,52,0,24,0,94,37,223,143,80,2,44,0,24,0,0,10,85,78,7,0,0,0,0,0,0,0,0,0,0,090,090,1.0000000000000009
361190022042004,36,119,002204,2004,40,20,3,0,0,0,9,8,40,14,26,20,3,0,0,0,0,3,9,9,0,0,0,0,0,0,0,0,0,0,0,090,090,0.9999999999999998
361190001031002,36,119,000103,1002,123,14,23,1,0,0,63,22,123,89,34,7,21,1,0,0,1,4,58,37,21,0,0,0,0,0,0,0,0,0,0,089,089,1.0
361190004013001,36,119,000401,3001,1120,304,399,3,79,0,193,142,1120,339,781,270,384,0,79,0,12,36,714,654,60,0,0,0,0,0,0,0,0,0,0,089,089,1.0000000000000002
361190022042011,36,119,002204,2011,0,0,0,0,0,0,0,0,0,0,0,0,0,0,0,0,0,0,0,0,0,0,0,0,0,0,0,0,0,0,0,090,090,1.0000000000000002
361190022041020,36,119,002204,1020,0,0,0,0,0,0,0,0,0,0,0,0,0,0,0,0,0,0,0,0,0,0,0,0,0,0,0,0,0,0,0,090,090,0.9999999999999996
361190022042009,36,119,002204,2009,131,73,12,1,1,0,29,15,131,54,77,70,6,0,0,0,0,1,81,76,5,0,0,0,0,0,0,0,0,0,0,090,090,0.9999999999999998
361190024035007,36,119,002403,5007,0,0,0,0,0,0,0,0,0,0,0,0,0,0,0,0,0,0,0,0,0,0,0,0,0,0,0,0,0,0,0,090,090,0.9999999999999994
361190024031006,36,119,002403,1006,172,95,13,0,9,0,39,16,172,49,123,90,13,0,9,0,0,11,64,64,0,0,0,0,0,0,0,0,0,0,0,090,090,0.9999999999999998
361190024031007,36,119,002403,1007,419,171,98,5,17,0,84,44,419,167,252,138,92,0,17,0,1,4,217,197,20,0,0,0,0,0,0,0,0,0,0,090,090,0.9999999999999999
361190024022005,36,119,002402,2005,0,0,0,0,0,0,0,0,0,0,0,0,0,0,0,0,0,0,0,0,0,0,0,0,0,0,0,0,0,0,0,090,090,1.0000000000000002
361190024035003,36,119,002403,5003,155,74,12,0,10,0,17,42,155,55,100,72,12,0,10,0,0,6,58,40,18,0,0,0,0,0,0,0,0,0,0,090,090,0.9999999999999998
361190024034009,36,119,002403,4009,101,41,15,1,3,0,32,9,101,51,50,29,15,1,3,0,0,2,37,37,0,0,0,0,0,0,0,0,0,0,0,089,090,1.0
361190015041003,36,119,001504,1003,364,165,61,0,20,0,73,45,364,133,231,143,61,0,20,0,1,6,197,181,16,0,0,0,0,0,0,0,0,0,0,089,089,1.0
361190024035009,36,119,002403,5009,30,10,0,0,6,0,7,7,30,8,22,10,0,0,3,0,6,3,6,1,5,0,0,0,0,0,0,0,0,0,0,090,090,0.9999999999999998
361190001041000,36,119,000104,1000,706,262,185,1,51,0,129,78,706,243,463,214,171,1,51,0,5,21,461,413,48,0,0,0,0,0,0,0,0,0,0,089,089,0.9999999999999998
361190002032001,36,119,000203,2001,0,0,0,0,0,0,0,0,0,0,0,0,0,0,0,0,0,0,0,0,0,0,0,0,0,0,0,0,0,0,0,089,089,1.0
361190004013004,36,119,000401,3004,0,0,0,0,0,0,0,0,0,0,0,0,0,0,0,0,0,0,0,0,0,0,0,0,0,0,0,0,0,0,0,089,089,0.9999999999999998
361190002022005,36,119,000202,2005,0,0,0,0,0,0,0,0,0,0,0,0,0,0,0,0,0,0,0,0,0,0,0,0,0,0,0,0,0,0,0,089,089,1.0
361190001033008,36,119,000103,3008,234,30,72,21,5,0,79,27,234,153,81,5,70,0,5,0,0,1,66,66,0,0,0,0,0,0,0,0,0,0,0,089,089,1.0000000000000002
361190002023004,36,119,000202,3004,110,46,15,2,9,0,18,20,110,47,63,40,11,1,9,0,0,2,29,29,0,0,0,0,0,0,0,0,0,0,0,089,089,0.9999999999999999
361190002023002,36,119,000202,3002,59,29,5,0,0,0,7,18,59,27,32,19,5,0,0,0,1,7,16,16,0,0,0,0,0,0,0,0,0,0,0,089,089,0.9999999999999999
361190002023008,36,119,000202,3008,185,30,36,5,8,0,65,41,185,133,52,10,29,0,8,0,0,5,52,46,6,0,0,0,0,0,0,0,0,0,0,089,089,1.0
361190002033004,36,119,000203,3004,42,19,3,1,9,0,1,9,42,13,29,15,1,1,9,0,1,2,10,8,2,0,0,0,0,0,0,0,0,0,0,089,089,1.0
361190002032000,36,119,000203,2000,21,8,1,0,0,0,12,0,21,17,4,3,1,0,0,0,0,0,0,0,0,21,21,0,21,0,0,0,0,0,0,089,089,0.9999999999999998
361190007023005,36,119,000702,3005,95,8,34,0,4,0,28,21,95,46,49,5,32,0,4,0,0,8,33,33,0,0,0,0,0,0,0,0,0,0,0,089,089,0.9999999999999998
361190004041000,36,119,000404,1000,89,18,40,2,5,0,10,14,89,37,52,7,29,2,5,0,6,3,25,25,0,0,0,0,0,0,0,0,0,0,0,089,089,0.9999999999999998
361190024034011,36,119,002403,4011,0,0,0,0,0,0,0,0,0,0,0,0,0,0,0,0,0,0,0,0,0,0,0,0,0,0,0,0,0,0,0,089,089,1.0000000000000002
361190015051001,36,119,001505,1001,147,55,8,0,22,0,32,30,147,59,88,52,2,0,20,0,1,13,42,29,13,0,0,0,0,0,0,0,0,0,0,089,089,1.0000000000000002
361190004034002,36,119,000403,4002,90,7,41,0,2,0,12,28,90,43,47,7,37,0,0,0,0,3,24,24,0,0,0,0,0,0,0,0,0,0,0,089,089,1.0
361190004042001,36,119,000404,2001,127,6,49,0,1,0,52,19,127,73,54,5,40,0,1,0,0,8,39,39,0,0,0,0,0,0,0,0,0,0,0,089,089,1.0
361190024011002,36,119,002401,1002,154,99,14,0,9,0,17,15,154,38,116,87,14,0,9,0,0,6,84,80,4,0,0,0,0,0,0,0,0,0,0,090,090,0.9999999999999997
361190011022005,36,119,001102,2005,126,24,26,6,0,0,45,25,126,69,57,15,26,4,0,0,6,6,52,52,0,0,0,0,0,0,0,0,0,0,0,090,090,1.0000000000000002
361190009003002,36,119,000900,3002,50,13,6,0,3,0,21,7,50,28,22,13,6,0,3,0,0,0,25,25,0,0,0,0,0,0,0,0,0,0,0,092,090,1.0000000000000002
361190009003003,36,119,000900,3003,0,0,0,0,0,0,0,0,0,0,0,0,0,0,0,0,0,0,0,0,0,0,0,0,0,0,0,0,0,0,0,092,092,1.0
361190009003004,36,119,000900,3004,55,24,3,0,0,0,20,8,55,28,27,23,3,0,0,0,0,1,10,5,5,0,0,0,0,0,0,0,0,0,0,092,092,1.0
361190022041013,36,119,002204,1013,0,0,0,0,0,0,0,0,0,0,0,0,0,0,0,0,0,0,0,0,0,0,0,0,0,0,0,0,0,0,0,090,090,0.9999999999999997
361190023002007,36,119,002300,2007,25,10,3,1,0,0,5,6,25,12,13,9,3,0,0,0,0,1,6,6,0,0,0,0,0,0,0,0,0,0,0,090,090,1.0000000000000002
361190023002000,36,119,002300,2000,302,180,22,3,32,0,21,44,302,91,211,152,20,3,32,0,3,1,162,155,7,0,0,0,0,0,0,0,0,0,0,090,090,0.9999999999999998
361190023002008,36,119,002300,2008,119,76,0,0,15,0,15,13,119,33,86,71,0,0,15,0,0,0,52,52,0,0,0,0,0,0,0,0,0,0,0,090,090,1.0
361190024011015,36,119,002401,1015,107,74,9,0,13,0,0,11,107,18,89,65,9,0,13,0,0,2,44,42,2,0,0,0,0,0,0,0,0,0,0,090,090,0.9999999999999998
361190023002019,36,119,002300,2019,76,44,13,0,9,0,4,6,76,13,63,41,13,0,9,0,0,0,33,33,0,0,0,0,0,0,0,0,0,0,0,090,090,1.0000000000000002
361190023002010,36,119,002300,2010,34,18,1,0,6,0,4,5,34,8,26,18,0,0,6,0,1,1,16,16,0,0,0,0,0,0,0,0,0,0,0,090,090,1.0
361190024011016,36,119,002401,1016,142,90,8,0,7,0,19,18,142,37,105,84,8,0,7,0,4,2,42,41,1,0,0,0,0,0,0,0,0,0,0,090,090,1.0000000000000002
361190023002011,36,119,002300,2011,0,0,0,0,0,0,0,0,0,0,0,0,0,0,0,0,0,0,0,0,0,0,0,0,0,0,0,0,0,0,0,090,090,0.9999999999999999
361190024011010,36,119,002401,1010,22,3,0,0,2,0,1,16,22,15,7,2,0,0,2,0,0,3,11,11,0,0,0,0,0,0,0,0,0,0,0,090,090,0.9999999999999999
361190024011013,36,119,002401,1013,14,8,0,0,0,0,3,3,14,3,11,8,0,0,0,0,0,3,3,0,3,0,0,0,0,0,0,0,0,0,0,090,090,0.9999999999999999
361190024011012,36,119,002401,1012,41,20,0,1,5,0,10,5,41,15,26,18,0,1,5,0,0,2,15,15,0,0,0,0,0,0,0,0,0,0,0,090,090,1.0000000000000002
361190024011009,36,119,002401,1009,0,0,0,0,0,0,0,0,0,0,0,0,0,0,0,0,0,0,0,0,0,0,0,0,0,0,0,0,0,0,0,090,090,1.0000000000000002
361190009001015,36,119,000900,1015,69,35,0,0,0,0,18,16,69,33,36,35,0,0,0,0,0,1,17,11,6,0,0,0,0,0,0,0,0,0,0,092,090,1.0
361190019001000,36,119,001900,1000,239,133,21,7,32,0,26,20,239,60,179,121,20,0,31,0,1,6,76,76,0,0,0,0,0,0,0,0,0,0,0,090,090,0.9999999999999998
361190018001001,36,119,001800,1001,65,0,30,0,8,0,17,10,65,20,45,0,30,0,8,0,4,3,19,19,0,0,0,0,0,0,0,0,0,0,0,090,090,1.0
361190024011006,36,119,002401,1006,30,16,3,0,4,0,3,4,30,11,19,14,1,0,4,0,0,0,9,1,8,0,0,0,0,0,0,0,0,0,0,090,090,0.9999999999999998
361190020004000,36,119,002000,4000,301,139,39,0,59,0,49,15,301,82,219,120,38,0,59,0,2,0,101,101,0,0,0,0,0,0,0,0,0,0,0,090,090,1.0
361190022031005,36,119,002203,1005,0,0,0,0,0,0,0,0,0,0,0,0,0,0,0,0,0,0,0,0,0,0,0,0,0,0,0,0,0,0,0,090,090,0.9999999999999998
361190017022000,36,119,001702,2000,233,129,17,6,28,0,30,23,233,77,156,112,15,0,27,0,0,2,124,121,3,0,0,0,0,0,0,0,0,0,0,090,090,0.9999999999999998
361190021051003,36,119,002105,1003,32,23,2,0,3,0,0,4,32,1,31,23,2,0,3,0,0,3,7,7,0,0,0,0,0,0,0,0,0,0,0,090,090,0.9999999999999998
361190021051005,36,119,002105,1005,30,19,0,2,4,0,0,5,30,6,24,19,0,0,4,0,0,1,11,9,2,0,0,0,0,0,0,0,0,0,0,090,090,1.0000000000000002
361190021052008,36,119,002105,2008,59,45,3,0,11,0,0,0,59,2,57,45,1,0,11,0,0,0,20,20,0,0,0,0,0,0,0,0,0,0,0,090,090,1.0
361190021052010,36,119,002105,2010,62,49,2,0,5,0,0,6,62,7,55,49,2,0,4,0,0,0,23,23,0,0,0,0,0,0,0,0,0,0,0,090,090,0.9999999999999996
361190014021010,36,119,001402,1010,32,19,2,0,8,0,0,3,32,0,32,19,2,0,8,0,0,3,8,8,0,0,0,0,0,0,0,0,0,0,0,090,090,1.0
361190005012013,36,119,000501,2013,66,0,7,3,8,0,34,14,66,52,14,0,5,0,8,0,0,1,18,18,0,0,0,0,0,0,0,0,0,0,0,090,090,0.9999999999999999
361190006022004,36,119,000602,2004,287,28,133,2,25,0,61,38,287,100,187,23,130,0,25,0,5,4,118,106,12,0,0,0,0,0,0,0,0,0,0,089,089,1.0000000000000004
361190021031006,36,119,002103,1006,120,109,6,0,0,0,0,5,120,7,113,107,6,0,0,0,0,0,43,40,3,0,0,0,0,0,0,0,0,0,0,090,090,1.0000000000000004
361190005012014,36,119,000501,2014,20,4,1,0,1,0,0,14,20,12,8,4,0,0,1,0,0,3,11,3,8,0,0,0,0,0,0,0,0,0,0,090,090,1.0
361190005012011,36,119,000501,2011,40,3,10,2,1,0,19,5,40,27,13,1,10,0,1,0,0,1,11,11,0,0,0,0,0,0,0,0,0,0,0,090,090,1.0
361190004012002,36,119,000401,2002,0,0,0,0,0,0,0,0,0,0,0,0,0,0,0,0,0,0,0,0,0,0,0,0,0,0,0,0,0,0,0,089,089,0.9999999999999999
361190023001009,36,119,002300,1009,113,76,7,1,4,0,14,11,113,29,84,72,4,0,1,0,5,2,36,36,0,0,0,0,0,0,0,0,0,0,0,090,090,1.0
361190012002006,36,119,001200,2006,127,7,7,11,5,0,68,29,127,110,17,3,3,0,5,0,6,0,24,24,0,0,0,0,0,0,0,0,0,0,0,090,090,1.0
361190012002005,36,119,001200,2005,198,38,24,5,8,1,99,23,198,133,65,38,17,0,8,0,0,2,63,63,0,0,0,0,0,0,0,0,0,0,0,090,090,1.0000000000000002
361190009003005,36,119,000900,3005,41,9,3,0,2,0,16,11,41,30,11,7,0,0,2,0,2,0,8,8,0,0,0,0,0,0,0,0,0,0,0,092,092,1.0000000000000002
361190009003010,36,119,000900,3010,50,26,7,0,0,0,10,7,50,17,33,25,7,0,0,0,0,1,12,12,0,0,0,0,0,0,0,0,0,0,0,092,092,0.9999999999999999
361190009002013,36,119,000900,2013,222,123,11,2,17,0,38,31,222,72,150,116,11,1,17,0,2,3,83,83,0,14,0,0,0,0,0,14,0,0,14,092,092,1.0000000000000002
361190009003007,36,119,000900,3007,136,56,21,0,9,0,30,20,136,63,73,42,21,0,9,0,0,1,45,45,0,0,0,0,0,0,0,0,0,0,0,092,092,0.9999999999999998
361190009003009,36,119,000900,3009,89,59,3,0,0,0,12,15,89,28,61,59,2,0,0,0,0,0,40,40,0,0,0,0,0,0,0,0,0,0,0,092,092,1.0
361190009003011,36,119,000900,3011,0,0,0,0,0,0,0,0,0,0,0,0,0,0,0,0,0,0,0,0,0,0,0,0,0,0,0,0,0,0,0,092,092,1.0
361190008015004,36,119,000801,5004,107,59,0,1,0,0,29,18,107,51,56,49,0,0,0,0,7,0,45,45,0,0,0,0,0,0,0,0,0,0,0,090,090,1.0
361190009002022,36,119,000900,2022,171,113,3,1,23,0,16,15,171,43,128,100,1,1,23,0,0,3,80,80,0,0,0,0,0,0,0,0,0,0,0,092,092,0.9999999999999999
361190009002007,36,119,000900,2007,60,35,12,2,7,0,0,4,60,13,47,29,11,0,7,0,0,0,23,23,0,0,0,0,0,0,0,0,0,0,0,092,092,1.0000000000000002
361190009002021,36,119,000900,2021,46,16,3,0,1,0,10,16,46,35,11,9,0,0,1,0,0,1,12,12,0,0,0,0,0,0,0,0,0,0,0,092,092,1.0000000000000002
361190009002023,36,119,000900,2023,33,6,7,0,6,0,8,6,33,15,18,6,6,0,6,0,0,0,8,2,6,0,0,0,0,0,0,0,0,0,0,092,092,1.0
361190009002017,36,119,000900,2017,31,28,1,0,1,0,0,1,31,8,23,22,0,0,1,0,0,0,13,13,0,0,0,0,0,0,0,0,0,0,0,092,092,1.0
361190008022001,36,119,000802,2001,298,146,44,0,21,0,42,45,298,89,209,139,44,0,21,0,0,5,110,95,15,0,0,0,0,0,0,0,0,0,0,092,090,1.0000000000000002
361190008022006,36,119,000802,2006,196,120,13,1,25,0,29,8,196,41,155,112,12,1,25,0,2,3,61,61,0,0,0,0,0,0,0,0,0,0,0,092,090,1.0000000000000002
361190008022007,36,119,000802,2007,80,31,7,6,4,0,20,12,80,42,38,27,3,2,3,0,1,2,25,25,0,0,0,0,0,0,0,0,0,0,0,092,090,0.9999999999999997
361190008022003,36,119,000802,2003,35,19,4,5,0,0,3,4,35,12,23,17,4,0,0,0,2,0,13,13,0,0,0,0,0,0,0,0,0,0,0,092,090,1.0
361190019001019,36,119,001900,1019,0,0,0,0,0,0,0,0,0,0,0,0,0,0,0,0,0,0,0,0,0,0,0,0,0,0,0,0,0,0,0,092,090,0.9999999999999998
361190018001000,36,119,001800,1000,67,7,34,0,6,0,5,15,67,20,47,5,34,0,6,0,0,2,15,15,0,0,0,0,0,0,0,0,0,0,0,090,090,0.9999999999999997
361190019001004,36,119,001900,1004,40,14,3,0,0,0,20,3,40,24,16,14,0,0,0,0,2,0,5,5,0,0,0,0,0,0,0,0,0,0,0,090,090,1.0
361190019001007,36,119,001900,1007,221,142,22,0,13,0,12,32,221,53,168,133,20,0,13,0,0,2,80,80,0,0,0,0,0,0,0,0,0,0,0,090,090,1.0
361190018001003,36,119,001800,1003,438,115,196,0,21,0,60,46,438,148,290,82,180,0,21,0,2,5,163,155,8,0,0,0,0,0,0,0,0,0,0,090,090,1.0000000000000002
361190019001016,36,119,001900,1016,36,9,0,4,2,0,9,12,36,20,16,9,0,0,2,0,2,3,12,12,0,0,0,0,0,0,0,0,0,0,0,090,090,0.9999999999999999
361190019001021,36,119,001900,1021,178,109,3,2,16,0,32,16,178,64,114,91,2,0,16,0,2,3,55,50,5,0,0,0,0,0,0,0,0,0,0,090,090,1.0000000000000002
361190014021013,36,119,001402,1013,0,0,0,0,0,0,0,0,0,0,0,0,0,0,0,0,0,0,0,0,0,0,0,0,0,0,0,0,0,0,0,090,090,1.0
361190013012013,36,119,001301,2013,48,34,0,0,2,0,10,2,48,10,38,34,0,0,2,0,0,2,16,16,0,0,0,0,0,0,0,0,0,0,0,090,090,0.9999999999999998
361190007022003,36,119,000702,2003,851,322,258,0,39,0,128,104,851,255,596,287,239,0,39,0,6,25,492,438,54,0,0,0,0,0,0,0,0,0,0,092,092,1.0000000000000004
361190022042001,36,119,002204,2001,185,147,11,0,19,0,1,7,185,8,177,143,11,0,19,0,0,4,87,87,0,0,0,0,0,0,0,0,0,0,0,090,090,0.9999999999999994
361190004032001,36,119,000403,2001,30,2,8,0,0,0,2,18,30,8,22,2,6,0,0,0,0,14,11,4,7,0,0,0,0,0,0,0,0,0,0,089,089,0.9999999999999999
361190004041002,36,119,000404,1002,229,55,98,0,16,0,40,20,229,59,170,46,90,0,16,0,12,6,134,110,24,0,0,0,0,0,0,0,0,0,0,089,089,0.9999999999999998
361190005021001,36,119,000502,1001,99,9,42,1,1,0,37,9,99,50,49,3,42,0,0,0,1,3,39,31,8,0,0,0,0,0,0,0,0,0,0,090,090,0.9999999999999999
361190008032004,36,119,000803,2004,53,27,6,0,3,0,8,9,53,14,39,24,6,0,3,0,0,6,15,15,0,0,0,0,0,0,0,0,0,0,0,090,090,1.0
361190017022002,36,119,001702,2002,0,0,0,0,0,0,0,0,0,0,0,0,0,0,0,0,0,0,0,0,0,0,0,0,0,0,0,0,0,0,0,090,090,0.9999999999999997
361190017022013,36,119,001702,2013,231,119,19,0,8,0,50,35,231,89,142,115,19,0,8,0,0,0,72,72,0,0,0,0,0,0,0,0,0,0,0,090,090,0.9999999999999999
361190020001000,36,119,002000,1000,893,611,46,0,135,0,49,52,893,145,748,556,44,0,135,0,12,1,399,399,0,0,0,0,0,0,0,0,0,0,0,090,090,0.9999999999999999
361190019001006,36,119,001900,1006,107,58,5,0,13,0,12,19,107,29,78,53,4,0,13,0,2,6,37,37,0,0,0,0,0,0,0,0,0,0,0,090,090,1.0
361190016001000,36,119,001600,1000,35,5,13,0,0,0,5,12,35,16,19,5,9,0,0,0,0,5,5,5,0,0,0,0,0,0,0,0,0,0,0,090,090,0.9999999999999997
361190017012008,36,119,001701,2008,95,55,11,0,4,0,21,4,95,26,69,55,10,0,4,0,0,0,31,31,0,0,0,0,0,0,0,0,0,0,0,090,090,1.0
361190018002004,36,119,001800,2004,109,6,71,0,3,1,18,10,109,27,82,6,68,0,3,0,0,5,40,28,12,0,0,0,0,0,0,0,0,0,0,090,090,0.9999999999999998
361190008014004,36,119,000801,4004,179,86,4,0,21,0,49,19,179,71,108,81,4,0,21,0,0,2,92,78,14,0,0,0,0,0,0,0,0,0,0,090,090,1.0
361190008015000,36,119,000801,5000,126,56,18,0,9,0,32,11,126,44,82,50,16,0,9,0,1,6,39,31,8,0,0,0,0,0,0,0,0,0,0,090,090,1.0
361190008015005,36,119,000801,5005,93,38,9,6,1,0,21,18,93,52,41,28,5,0,1,0,0,7,35,33,2,0,0,0,0,0,0,0,0,0,0,092,090,0.9999999999999998
361190015032008,36,119,001503,2008,87,71,5,0,10,0,0,1,87,8,79,66,3,0,10,0,0,0,35,35,0,0,0,0,0,0,0,0,0,0,0,089,089,0.9999999999999999
361190015031009,36,119,001503,1009,27,22,1,0,0,0,4,0,27,5,22,22,0,0,0,0,0,0,22,22,0,0,0,0,0,0,0,0,0,0,0,089,089,1.0000000000000002
361190015022005,36,119,001502,2005,176,141,0,3,15,0,8,9,176,21,155,128,0,3,15,0,0,9,77,67,10,0,0,0,0,0,0,0,0,0,0,089,089,1.0000000000000002
361190015021004,36,119,001502,1004,336,164,73,0,16,0,54,29,336,102,234,143,69,0,16,0,2,4,201,198,3,0,0,0,0,0,0,0,0,0,0,089,089,1.0
361190023002018,36,119,002300,2018,39,15,8,0,0,0,11,5,39,18,21,15,6,0,0,0,0,0,15,15,0,0,0,0,0,0,0,0,0,0,0,090,090,0.9999999999999998
361190024011011,36,119,002401,1011,118,81,3,0,6,0,9,19,118,23,95,80,1,0,6,0,0,8,53,53,0,0,0,0,0,0,0,0,0,0,0,090,090,0.9999999999999999
361190024051000,36,119,002405,1000,0,0,0,0,0,0,0,0,0,0,0,0,0,0,0,0,0,0,0,0,0,0,0,0,0,0,0,0,0,0,0,090,090,1.0000000000000002
361190022012013,36,119,002201,2013,0,0,0,0,0,0,0,0,0,0,0,0,0,0,0,0,0,0,0,0,0,0,0,0,0,0,0,0,0,0,0,090,090,1.0
361190015031003,36,119,001503,1003,47,31,5,0,5,0,2,4,47,12,35,28,2,0,5,0,0,0,15,0,15,0,0,0,0,0,0,0,0,0,0,089,089,1.0
361190014021008,36,119,001402,1008,0,0,0,0,0,0,0,0,0,0,0,0,0,0,0,0,0,0,0,0,0,0,0,0,0,0,0,0,0,0,0,090,090,1.000000000000001
361190006022002,36,119,000602,2002,97,22,37,1,7,0,9,21,97,27,70,21,36,0,7,0,0,6,36,32,4,10,0,0,0,0,0,10,0,0,10,089,089,1.0
361190001031004,36,119,000103,1004,0,0,0,0,0,0,0,0,0,0,0,0,0,0,0,0,0,0,0,0,0,0,0,0,0,0,0,0,0,0,0,089,089,1.0
361190003001008,36,119,000300,1008,26,5,4,2,0,0,5,10,26,16,10,0,3,2,0,0,1,4,2,2,0,0,0,0,0,0,0,0,0,0,0,090,090,1.0000000000000002
361190004032005,36,119,000403,2005,988,62,513,0,7,0,310,96,988,455,533,24,475,0,7,0,9,18,501,472,29,0,0,0,0,0,0,0,0,0,0,089,089,1.0
361190004012008,36,119,000401,2008,0,0,0,0,0,0,0,0,0,0,0,0,0,0,0,0,0,0,0,0,0,0,0,0,0,0,0,0,0,0,0,089,089,1.0000000000000002
361190004032000,36,119,000403,2000,110,12,74,0,0,0,11,13,110,34,76,6,65,0,0,0,0,5,48,44,4,0,0,0,0,0,0,0,0,0,0,089,089,1.0000000000000002
361190004042005,36,119,000404,2005,118,16,56,2,5,0,25,14,118,49,69,10,51,0,5,0,1,2,49,31,18,0,0,0,0,0,0,0,0,0,0,089,089,1.0
361190005022000,36,119,000502,2000,469,66,165,7,7,0,171,53,469,272,197,29,153,0,7,0,0,8,349,344,5,0,0,0,0,0,0,0,0,0,0,090,090,1.0000000000000002
361190007012009,36,119,000701,2009,43,24,0,4,0,0,4,11,43,13,30,24,0,0,0,0,1,5,8,8,0,0,0,0,0,0,0,0,0,0,0,090,090,0.9999999999999999
361190007011001,36,119,000701,1001,43,31,1,0,6,0,1,4,43,4,39,31,1,0,6,0,0,1,24,24,0,0,0,0,0,0,0,0,0,0,0,090,090,0.9999999999999998
361190024041004,36,119,002404,1004,56,20,11,2,6,0,2,15,56,24,32,14,11,0,6,0,0,1,23,23,0,0,0,0,0,0,0,0,0,0,0,090,090,1.0
361190022012001,36,119,002201,2001,0,0,0,0,0,0,0,0,0,0,0,0,0,0,0,0,0,0,0,0,0,0,0,0,0,0,0,0,0,0,0,090,090,1.0000000000000002
361190014021009,36,119,001402,1009,0,0,0,0,0,0,0,0,0,0,0,0,0,0,0,0,0,0,0,0,0,0,0,0,0,0,0,0,0,0,0,090,090,0.9999999999999986
361190016004009,36,119,001600,4009,29,3,4,0,3,0,1,18,29,18,11,1,2,0,3,0,0,5,2,0,2,0,0,0,0,0,0,0,0,0,0,090,090,1.0000000000000004
361190016004010,36,119,001600,4010,281,153,43,7,8,0,49,21,281,67,214,150,41,0,8,0,4,11,27,23,4,171,0,0,0,0,0,171,0,0,171,090,090,1.0000000000000004
361190010001003,36,119,001000,1003,400,74,96,1,44,0,133,52,400,244,156,40,65,1,44,0,1,5,238,223,15,0,0,0,0,0,0,0,0,0,0,090,090,1.0000000000000002
361190011021005,36,119,001102,1005,188,23,64,3,10,0,65,23,188,109,79,9,55,1,10,0,0,4,69,65,4,0,0,0,0,0,0,0,0,0,0,090,090,1.0
361190010001004,36,119,001000,1004,66,20,2,13,0,2,22,7,66,53,13,8,2,0,0,0,3,0,23,17,6,0,0,0,0,0,0,0,0,0,0,090,090,1.0000000000000004
361190003002007,36,119,000300,2007,1245,135,610,13,148,0,220,119,1245,432,813,65,565,5,148,0,19,11,563,554,9,37,0,0,0,0,0,37,0,0,37,090,090,1.0
361190001033002,36,119,000103,3002,184,19,41,17,5,0,71,31,184,132,52,9,29,0,5,0,3,6,77,77,0,19,0,0,0,0,0,19,0,0,19,089,089,1.0
361190002021003,36,119,000202,1003,452,36,174,6,10,0,176,50,452,269,183,17,151,0,9,0,6,0,150,141,9,0,0,0,0,0,0,0,0,0,0,089,089,1.0
361190001033010,36,119,000103,3010,358,28,84,12,0,0,170,64,358,256,102,18,80,0,0,0,2,2,114,114,0,0,0,0,0,0,0,0,0,0,0,089,089,1.0000000000000002
361190008032006,36,119,000803,2006,60,26,4,4,10,0,7,9,60,15,45,26,4,1,10,0,0,4,12,8,4,0,0,0,0,0,0,0,0,0,0,090,090,0.9999999999999998
361190006022005,36,119,000602,2005,161,32,65,0,3,0,31,30,161,67,94,22,61,0,3,0,0,8,76,72,4,0,0,0,0,0,0,0,0,0,0,090,090,1.0
361190015033008,36,119,001503,3008,60,51,3,0,0,0,6,0,60,7,53,50,3,0,0,0,0,0,22,22,0,0,0,0,0,0,0,0,0,0,0,089,089,0.9999999999999999
361190024053007,36,119,002405,3007,52,24,0,0,5,0,19,4,52,20,32,24,0,0,5,0,2,1,20,16,4,0,0,0,0,0,0,0,0,0,0,090,090,1.0
361190021052000,36,119,002105,2000,0,0,0,0,0,0,0,0,0,0,0,0,0,0,0,0,0,0,0,0,0,0,0,0,0,0,0,0,0,0,0,090,090,0.9999999999999999
361190004013002,36,119,000401,3002,0,0,0,0,0,0,0,0,0,0,0,0,0,0,0,0,0,0,0,0,0,0,0,0,0,0,0,0,0,0,0,089,089,1.0000000000000002
361190017011006,36,119,001701,1006,0,0,0,0,0,0,0,0,0,0,0,0,0,0,0,0,0,0,0,0,0,0,0,0,0,0,0,0,0,0,0,090,090,0.9999999999999997
361190005012015,36,119,000501,2015,146,7,58,5,1,0,65,10,146,81,65,5,58,0,1,0,0,1,69,69,0,0,0,0,0,0,0,0,0,0,0,090,090,0.9999999999999998
361190011012005,36,119,001101,2005,513,48,146,32,0,0,240,47,513,361,152,22,120,0,0,0,7,3,149,137,12,0,0,0,0,0,0,0,0,0,0,090,090,1.0000000000000002
361190010002001,36,119,001000,2001,58,10,17,3,3,0,12,13,58,25,33,3,17,2,3,0,0,8,17,11,6,0,0,0,0,0,0,0,0,0,0,090,090,1.0000000000000002
361190006011004,36,119,000601,1004,228,33,111,10,3,0,53,18,228,84,144,31,104,0,3,0,3,3,79,69,10,0,0,0,0,0,0,0,0,0,0,090,090,1.0
361190010002000,36,119,001000,2000,114,20,51,3,6,0,17,17,114,36,78,15,51,2,5,0,0,5,85,85,0,6,0,0,0,0,0,6,0,0,6,090,090,0.9999999999999999
361190011021002,36,119,001102,1002,440,80,93,22,2,0,198,45,440,315,125,40,72,0,2,0,1,10,154,138,16,0,0,0,0,0,0,0,0,0,0,090,090,1.0000000000000002
361190001032001,36,119,000103,2001,0,0,0,0,0,0,0,0,0,0,0,0,0,0,0,0,0,0,0,0,0,0,0,0,0,0,0,0,0,0,0,089,089,1.0000000000000002
361190001034001,36,119,000103,4001,180,16,16,3,0,1,115,29,180,146,34,6,14,3,0,1,8,2,55,46,9,0,0,0,0,0,0,0,0,0,0,089,089,1.0
361190002023000,36,119,000202,3000,203,38,65,5,1,0,57,37,203,108,95,28,60,0,1,0,0,6,58,58,0,0,0,0,0,0,0,0,0,0,0,089,089,0.9999999999999999
361190002021002,36,119,000202,1002,264,61,45,8,3,0,126,21,264,188,76,32,40,0,3,0,1,0,93,93,0,0,0,0,0,0,0,0,0,0,0,089,089,1.0
361190011023003,36,119,001102,3003,423,90,139,0,7,0,141,46,423,247,176,34,125,0,5,0,8,4,137,122,15,0,0,0,0,0,0,0,0,0,0,090,090,1.0
361190011022006,36,119,001102,2006,170,49,32,1,14,0,54,20,170,91,79,33,21,0,14,0,4,7,65,64,1,0,0,0,0,0,0,0,0,0,0,090,090,0.9999999999999998
361190011023005,36,119,001102,3005,370,92,50,6,3,1,152,66,370,261,109,56,32,3,3,1,8,6,128,128,0,0,0,0,0,0,0,0,0,0,0,090,090,1.0
361190011022011,36,119,001102,2011,113,33,18,1,7,0,38,16,113,56,57,31,14,1,7,0,2,2,51,51,0,0,0,0,0,0,0,0,0,0,0,090,090,0.9999999999999999
361190012003005,36,119,001200,3005,61,12,8,0,17,0,14,10,61,21,40,12,3,0,17,0,7,1,16,15,1,0,0,0,0,0,0,0,0,0,0,090,090,0.9999999999999998
361190013012012,36,119,001301,2012,45,27,6,0,3,0,7,2,45,20,25,16,6,0,3,0,0,0,15,15,0,0,0,0,0,0,0,0,0,0,0,090,090,1.0
361190011022010,36,119,001102,2010,90,19,13,0,38,0,11,9,90,21,69,18,9,0,38,0,2,2,28,27,1,0,0,0,0,0,0,0,0,0,0,090,090,0.9999999999999998
361190013012004,36,119,001301,2004,36,12,7,0,8,0,6,3,36,9,27,11,7,0,8,0,0,1,13,11,2,0,0,0,0,0,0,0,0,0,0,090,090,0.9999999999999999
361190013013004,36,119,001301,3004,41,11,9,1,3,0,3,14,41,13,28,11,7,0,2,0,0,8,8,8,0,0,0,0,0,0,0,0,0,0,0,090,090,1.0
361190013012001,36,119,001301,2001,50,10,9,0,24,0,5,2,50,8,42,10,6,0,24,0,0,2,18,18,0,0,0,0,0,0,0,0,0,0,0,090,090,1.0
361190013012019,36,119,001301,2019,72,15,2,0,15,0,31,9,72,40,32,14,2,0,15,0,1,0,24,24,0,0,0,0,0,0,0,0,0,0,0,090,090,1.0
361190013012005,36,119,001301,2005,28,18,4,0,1,0,0,5,28,3,25,18,4,0,1,0,0,2,15,11,4,0,0,0,0,0,0,0,0,0,0,090,090,1.0
361190011021006,36,119,001102,1006,124,37,26,2,4,0,25,30,124,80,44,16,20,1,1,0,0,6,41,41,0,0,0,0,0,0,0,0,0,0,0,090,090,1.0000000000000002
361190015051003,36,119,001505,1003,0,0,0,0,0,0,0,0,0,0,0,0,0,0,0,0,0,0,0,0,0,0,0,0,0,0,0,0,0,0,0,089,089,0.9999999999999986
361190004012007,36,119,000401,2007,0,0,0,0,0,0,0,0,0,0,0,0,0,0,0,0,0,0,0,0,0,0,0,0,0,0,0,0,0,0,0,089,089,0.9999999999999999
361190013012008,36,119,001301,2008,19,9,0,2,0,0,1,7,19,7,12,4,0,2,0,0,1,5,1,1,0,0,0,0,0,0,0,0,0,0,0,090,090,1.0000000000000002
361190021062004,36,119,002106,2004,0,0,0,0,0,0,0,0,0,0,0,0,0,0,0,0,0,0,0,0,0,0,0,0,0,0,0,0,0,0,0,090,090,1.0000000000000002
361190022031003,36,119,002203,1003,0,0,0,0,0,0,0,0,0,0,0,0,0,0,0,0,0,0,0,0,0,0,0,0,0,0,0,0,0,0,0,090,090,0.9999999999999999
361190008033004,36,119,000803,3004,321,77,72,2,4,0,101,65,321,198,123,42,63,0,4,0,0,14,102,102,0,0,0,0,0,0,0,0,0,0,0,090,090,1.0000000000000002
361190008031004,36,119,000803,1004,175,67,8,0,12,0,63,25,175,90,85,60,7,0,12,0,0,6,54,54,0,0,0,0,0,0,0,0,0,0,0,090,090,1.0
361190008012008,36,119,000801,2008,98,60,3,2,4,0,11,18,98,28,70,54,2,0,4,0,2,8,28,26,2,0,0,0,0,0,0,0,0,0,0,090,090,1.0
361190006012001,36,119,000601,2001,257,40,72,7,2,0,101,35,257,155,102,33,55,2,2,0,0,10,87,65,22,0,0,0,0,0,0,0,0,0,0,090,090,0.9999999999999999
361190008021006,36,119,000802,1006,143,34,31,0,5,0,45,28,143,75,68,27,30,0,5,0,5,1,52,52,0,0,0,0,0,0,0,0,0,0,0,090,090,0.9999999999999999
361190001033006,36,119,000103,3006,0,0,0,0,0,0,0,0,0,0,0,0,0,0,0,0,0,0,0,0,0,0,0,0,0,0,0,0,0,0,0,089,089,0.9999999999999998
361190009002009,36,119,000900,2009,0,0,0,0,0,0,0,0,0,0,0,0,0,0,0,0,0,0,0,0,0,0,0,0,0,0,0,0,0,0,0,092,092,1.0
361190022012023,36,119,002201,2023,108,84,4,0,0,1,8,11,108,16,92,84,4,0,0,1,0,3,44,43,1,0,0,0,0,0,0,0,0,0,0,090,090,1.0000000000000004
361190022023006,36,119,002202,3006,46,41,1,0,0,0,1,3,46,4,42,41,0,0,0,0,0,1,22,22,0,0,0,0,0,0,0,0,0,0,0,090,090,1.0
361190022023014,36,119,002202,3014,85,69,2,0,6,0,0,8,85,13,72,64,2,0,6,0,0,0,45,45,0,0,0,0,0,0,0,0,0,0,0,090,090,1.0
361190022023005,36,119,002202,3005,322,237,6,0,14,0,43,22,322,65,257,234,6,0,14,0,0,3,165,153,12,0,0,0,0,0,0,0,0,0,0,090,090,1.0000000000000002
361190022011005,36,119,002201,1005,29,23,6,0,0,0,0,0,29,2,27,21,6,0,0,0,0,0,8,8,0,0,0,0,0,0,0,0,0,0,0,090,090,1.0
361190022011024,36,119,002201,1024,17,10,0,0,0,0,1,6,17,6,11,10,0,0,0,0,1,0,1,1,0,0,0,0,0,0,0,0,0,0,0,090,090,1.0
361190022011003,36,119,002201,1003,114,73,19,0,17,0,5,0,114,6,108,71,19,0,17,0,1,0,45,44,1,0,0,0,0,0,0,0,0,0,0,090,090,0.9999999999999999
361190022011026,36,119,002201,1026,47,41,0,0,0,0,4,2,47,6,41,41,0,0,0,0,0,0,11,11,0,0,0,0,0,0,0,0,0,0,0,090,090,1.0
361190022011002,36,119,002201,1002,0,0,0,0,0,0,0,0,0,0,0,0,0,0,0,0,0,0,0,0,0,0,0,0,0,0,0,0,0,0,0,090,090,0.9999999999999997
361190022012021,36,119,002201,2021,0,0,0,0,0,0,0,0,0,0,0,0,0,0,0,0,0,0,0,0,0,0,0,0,0,0,0,0,0,0,0,090,090,0.9999999999999998
361190022023002,36,119,002202,3002,41,28,0,0,0,0,1,12,41,9,32,28,0,0,0,0,0,4,17,17,0,0,0,0,0,0,0,0,0,0,0,090,090,1.0000000000000002
361190014014000,36,119,001401,4000,0,0,0,0,0,0,0,0,0,0,0,0,0,0,0,0,0,0,0,0,0,0,0,0,0,0,0,0,0,0,0,090,090,0.9999999999999999
361190022024007,36,119,002202,4007,75,68,0,0,7,0,0,0,75,2,73,66,0,0,7,0,0,0,25,25,0,0,0,0,0,0,0,0,0,0,0,090,090,1.0
361190022021002,36,119,002202,1002,62,49,1,0,8,0,0,4,62,3,59,49,1,0,8,0,0,1,29,28,1,0,0,0,0,0,0,0,0,0,0,090,090,0.9999999999999999
361190022024018,36,119,002202,4018,52,38,1,0,6,0,4,3,52,5,47,38,1,0,6,0,0,2,20,20,0,0,0,0,0,0,0,0,0,0,0,090,090,0.9999999999999997
361190022043003,36,119,002204,3003,49,37,6,0,4,1,0,1,49,0,49,37,6,0,4,1,0,1,14,14,0,0,0,0,0,0,0,0,0,0,0,090,090,1.0
361190022024005,36,119,002202,4005,62,58,0,1,1,0,0,2,62,3,59,57,0,1,0,0,0,1,20,20,0,0,0,0,0,0,0,0,0,0,0,090,090,1.0000000000000002
361190022024013,36,119,002202,4013,13,2,0,0,7,0,4,0,13,4,9,2,0,0,7,0,0,0,4,4,0,0,0,0,0,0,0,0,0,0,0,090,090,1.0
361190022044007,36,119,002204,4007,5,4,0,0,0,0,1,0,5,1,4,4,0,0,0,0,0,0,2,2,0,0,0,0,0,0,0,0,0,0,0,090,090,0.9999999999999999
361190022024022,36,119,002202,4022,44,38,0,0,0,0,0,6,44,3,41,37,0,0,0,0,0,4,22,21,1,0,0,0,0,0,0,0,0,0,0,090,090,1.0
361190022024021,36,119,002202,4021,19,7,0,1,0,0,0,11,19,11,8,7,0,0,0,0,0,1,3,3,0,0,0,0,0,0,0,0,0,0,0,090,090,1.0
361190022022002,36,119,002202,2002,0,0,0,0,0,0,0,0,0,0,0,0,0,0,0,0,0,0,0,0,0,0,0,0,0,0,0,0,0,0,0,090,090,0.9999999999999998
361190022022000,36,119,002202,2000,0,0,0,0,0,0,0,0,0,0,0,0,0,0,0,0,0,0,0,0,0,0,0,0,0,0,0,0,0,0,0,090,090,0.9999999999999998
361190022022012,36,119,002202,2012,0,0,0,0,0,0,0,0,0,0,0,0,0,0,0,0,0,0,0,0,0,0,0,0,0,0,0,0,0,0,0,090,090,0.9999999999999994
361190022022005,36,119,002202,2005,0,0,0,0,0,0,0,0,0,0,0,0,0,0,0,0,0,0,0,0,0,0,0,0,0,0,0,0,0,0,0,090,090,0.9999999999999984
361190022041002,36,119,002204,1002,43,35,2,0,0,0,5,1,43,1,42,34,2,0,0,0,5,1,14,8,6,0,0,0,0,0,0,0,0,0,0,090,090,1.0000000000000002
361190022041003,36,119,002204,1003,39,30,0,0,1,0,7,1,39,8,31,30,0,0,1,0,0,0,12,5,7,0,0,0,0,0,0,0,0,0,0,090,090,1.0
361190022041001,36,119,002204,1001,22,18,0,0,0,0,0,4,22,3,19,18,0,0,0,0,0,1,8,8,0,0,0,0,0,0,0,0,0,0,0,090,090,1.0
361190022041009,36,119,002204,1009,69,56,1,0,1,0,3,8,69,9,60,54,1,0,1,0,1,3,28,28,0,0,0,0,0,0,0,0,0,0,0,090,090,1.0
361190022041008,36,119,002204,1008,48,40,0,0,0,0,1,7,48,9,39,37,0,0,0,0,0,2,17,10,7,0,0,0,0,0,0,0,0,0,0,090,090,1.0
361190022041006,36,119,002204,1006,14,8,2,0,3,0,1,0,14,2,12,8,1,0,3,0,0,0,6,4,2,0,0,0,0,0,0,0,0,0,0,090,090,1.0
361190022042006,36,119,002204,2006,240,176,8,1,11,0,20,24,240,50,190,164,8,1,11,0,4,2,116,108,8,0,0,0,0,0,0,0,0,0,0,090,090,1.0000000000000002
361190022042007,36,119,002204,2007,64,37,1,2,6,0,4,14,64,15,49,37,0,0,4,0,3,5,15,15,0,0,0,0,0,0,0,0,0,0,0,090,090,1.0
361190022041022,36,119,002204,1022,124,110,4,1,5,0,3,1,124,7,117,104,4,0,5,0,3,1,46,46,0,0,0,0,0,0,0,0,0,0,0,090,090,1.0000000000000004
361190022041019,36,119,002204,1019,26,23,0,0,0,1,0,2,26,8,18,18,0,0,0,0,0,0,12,12,0,0,0,0,0,0,0,0,0,0,0,090,090,1.0000000000000004
361190022041018,36,119,002204,1018,167,111,2,0,10,0,27,17,167,33,134,111,2,0,10,0,4,7,112,112,0,0,0,0,0,0,0,0,0,0,0,090,090,0.9999999999999997
361190022011031,36,119,002201,1031,0,0,0,0,0,0,0,0,0,0,0,0,0,0,0,0,0,0,0,0,0,0,0,0,0,0,0,0,0,0,0,090,090,1.0
361190022023010,36,119,002202,3010,34,22,1,2,2,0,0,7,34,6,28,19,1,0,2,0,0,6,9,0,9,0,0,0,0,0,0,0,0,0,0,090,090,1.0
361190022023013,36,119,002202,3013,44,28,0,0,0,0,1,15,44,14,30,28,0,0,0,0,0,2,11,11,0,0,0,0,0,0,0,0,0,0,0,090,090,1.0
361190022023016,36,119,002202,3016,35,26,2,0,2,0,0,5,35,4,31,24,1,0,2,0,0,4,8,8,0,0,0,0,0,0,0,0,0,0,0,090,090,0.9999999999999999
361190022023008,36,119,002202,3008,43,32,7,0,3,0,0,1,43,8,35,28,3,0,3,0,0,1,13,13,0,0,0,0,0,0,0,0,0,0,0,090,090,1.0
361190022012018,36,119,002201,2018,36,22,2,0,2,0,0,10,36,5,31,22,2,0,2,0,0,5,12,10,2,0,0,0,0,0,0,0,0,0,0,090,090,1.0000000000000002
361190022012017,36,119,002201,2017,62,41,2,0,0,0,5,14,62,18,44,40,0,0,0,0,0,4,19,19,0,0,0,0,0,0,0,0,0,0,0,090,090,1.0
361190005012018,36,119,000501,2018,182,12,73,4,4,0,35,54,182,97,85,4,68,1,4,0,0,8,62,60,2,0,0,0,0,0,0,0,0,0,0,090,090,1.0000000000000002
361190009001011,36,119,000900,1011,54,33,1,0,4,0,11,5,54,20,34,29,1,0,4,0,0,0,28,28,0,0,0,0,0,0,0,0,0,0,0,092,090,1.0
361190009001005,36,119,000900,1005,0,0,0,0,0,0,0,0,0,0,0,0,0,0,0,0,0,0,0,0,0,0,0,0,0,0,0,0,0,0,0,090,090,0.9999999999999994
361190021031002,36,119,002103,1002,64,48,2,0,3,0,0,11,64,8,56,48,2,0,3,0,0,3,20,19,1,0,0,0,0,0,0,0,0,0,0,090,090,1.0
361190021031003,36,119,002103,1003,53,52,0,0,0,0,0,1,53,0,53,52,0,0,0,0,0,1,22,22,0,0,0,0,0,0,0,0,0,0,0,090,090,1.0000000000000002
361190021033000,36,119,002103,3000,43,38,0,0,2,0,0,3,43,3,40,38,0,0,2,0,0,0,16,16,0,0,0,0,0,0,0,0,0,0,0,090,090,0.9999999999999998
361190021033002,36,119,002103,3002,23,14,3,0,1,0,4,1,23,5,18,14,3,0,1,0,0,0,9,9,0,6,0,0,0,0,0,6,0,0,6,090,090,1.0000000000000002
361190021033003,36,119,002103,3003,10,8,0,0,0,0,0,2,10,0,10,8,0,0,0,0,0,2,3,3,0,0,0,0,0,0,0,0,0,0,0,090,090,1.0
361190021033027,36,119,002103,3027,22,16,0,0,5,0,0,1,22,3,19,14,0,0,5,0,0,0,8,7,1,0,0,0,0,0,0,0,0,0,0,090,090,1.0
361190021071003,36,119,002107,1003,37,17,10,0,0,0,3,7,37,13,24,14,7,0,0,0,2,1,9,9,0,0,0,0,0,0,0,0,0,0,0,090,090,1.0
361190016004001,36,119,001600,4001,115,57,9,5,9,0,15,20,115,39,76,57,8,0,9,0,0,2,44,44,0,0,0,0,0,0,0,0,0,0,0,090,090,0.9999999999999998
361190017021011,36,119,001702,1011,119,73,17,0,6,0,12,11,119,32,87,63,17,0,6,0,0,1,42,42,0,0,0,0,0,0,0,0,0,0,0,090,090,1.0000000000000002
361190017011000,36,119,001701,1000,170,78,6,1,9,0,43,33,170,93,77,58,5,0,9,0,0,5,55,53,2,0,0,0,0,0,0,0,0,0,0,090,090,0.9999999999999998
361190021044000,36,119,002104,4000,411,220,73,0,26,0,41,51,411,123,288,194,64,0,26,0,0,4,260,247,13,0,0,0,0,0,0,0,0,0,0,090,090,1.0
361190022043001,36,119,002204,3001,21,14,0,0,0,0,3,4,21,6,15,14,0,0,0,0,0,1,10,3,7,0,0,0,0,0,0,0,0,0,0,090,090,1.0000000000000004
361190024011005,36,119,002401,1005,176,80,6,0,15,0,42,33,176,62,114,76,6,0,15,0,3,14,66,62,4,0,0,0,0,0,0,0,0,0,0,090,090,0.9999999999999998
361190024011004,36,119,002401,1004,67,36,1,1,10,0,13,6,67,15,52,36,0,1,10,0,2,3,18,17,1,0,0,0,0,0,0,0,0,0,0,090,090,1.0000000000000002
361190024011003,36,119,002401,1003,51,31,4,1,8,0,3,4,51,7,44,29,3,1,8,0,0,3,13,11,2,8,0,0,0,0,0,8,0,0,8,090,090,1.0
361190024011000,36,119,002401,1000,130,69,17,0,12,0,26,6,130,29,101,69,17,0,12,0,1,2,40,37,3,0,0,0,0,0,0,0,0,0,0,090,090,0.9999999999999998
361190022043002,36,119,002204,3002,36,14,9,0,0,0,0,13,36,5,31,13,8,0,0,0,0,10,11,11,0,0,0,0,0,0,0,0,0,0,0,090,090,1.0000000000000007
361190022024023,36,119,002202,4023,16,15,1,0,0,0,0,0,16,0,16,15,1,0,0,0,0,0,4,0,4,0,0,0,0,0,0,0,0,0,0,090,090,1.0
361190022024006,36,119,002202,4006,16,11,1,0,0,0,2,2,16,3,13,11,1,0,0,0,1,0,4,4,0,0,0,0,0,0,0,0,0,0,0,090,090,0.9999999999999997
361190022044004,36,119,002204,4004,65,53,1,0,4,0,1,6,65,8,57,53,0,0,4,0,0,0,33,31,2,0,0,0,0,0,0,0,0,0,0,090,090,0.9999999999999998
361190022024012,36,119,002202,4012,58,51,0,0,0,0,3,4,58,5,53,51,0,0,0,0,2,0,21,21,0,0,0,0,0,0,0,0,0,0,0,090,090,1.0
361190022023018,36,119,002202,3018,21,16,0,1,0,0,0,4,21,2,19,16,0,1,0,0,0,2,11,11,0,0,0,0,0,0,0,0,0,0,0,090,090,1.0000000000000002
361190022024011,36,119,002202,4011,114,79,7,0,8,0,9,11,114,21,93,72,7,0,8,0,1,5,59,53,6,0,0,0,0,0,0,0,0,0,0,090,090,1.0
361190022022008,36,119,002202,2008,157,148,4,0,0,0,1,4,157,9,148,143,2,0,0,0,0,3,121,103,18,0,0,0,0,0,0,0,0,0,0,090,090,1.0
361190022022009,36,119,002202,2009,0,0,0,0,0,0,0,0,0,0,0,0,0,0,0,0,0,0,0,0,0,0,0,0,0,0,0,0,0,0,0,090,090,1.0
361190022044012,36,119,002204,4012,36,32,0,0,2,0,0,2,36,14,22,20,0,0,2,0,0,0,0,0,0,36,0,0,0,0,0,36,36,0,0,090,090,0.9999999999999998
361190022043008,36,119,002204,3008,121,93,6,1,17,0,2,2,121,6,115,93,5,0,17,0,0,0,3,3,0,102,0,0,0,0,0,102,102,0,0,090,090,1.0
361190022044011,36,119,002204,4011,24,14,1,0,0,0,0,9,24,0,24,14,1,0,0,0,0,9,4,4,0,0,0,0,0,0,0,0,0,0,0,090,090,1.0000000000000002
361190022044009,36,119,002204,4009,25,15,6,0,0,0,0,4,25,3,22,15,6,0,0,0,0,1,10,10,0,0,0,0,0,0,0,0,0,0,0,090,090,1.0000000000000002
361190022042005,36,119,002204,2005,41,29,4,1,7,0,0,0,41,6,35,27,1,0,7,0,0,0,11,11,0,0,0,0,0,0,0,0,0,0,0,090,090,1.0
361190022011016,36,119,002201,1016,139,98,4,0,8,0,16,13,139,26,113,98,4,0,8,0,2,1,53,50,3,0,0,0,0,0,0,0,0,0,0,090,090,1.0
361190022011021,36,119,002201,1021,49,29,2,0,15,0,0,3,49,5,44,26,0,0,15,0,0,3,13,13,0,0,0,0,0,0,0,0,0,0,0,090,090,0.9999999999999996
361190022011009,36,119,002201,1009,18,12,0,0,3,0,0,3,18,5,13,12,0,0,1,0,0,0,6,6,0,0,0,0,0,0,0,0,0,0,0,090,090,0.9999999999999998
361190022021004,36,119,002202,1004,30,19,0,0,1,0,0,10,30,6,24,19,0,0,1,0,0,4,11,11,0,0,0,0,0,0,0,0,0,0,0,090,090,1.0
361190022012011,36,119,002201,2011,60,13,5,0,32,0,6,4,60,7,53,13,5,0,32,0,2,1,16,16,0,0,0,0,0,0,0,0,0,0,0,090,090,1.0000000000000002
361190022012008,36,119,002201,2008,60,45,3,0,2,0,5,5,60,12,48,44,0,0,2,0,0,2,20,20,0,0,0,0,0,0,0,0,0,0,0,090,090,1.0
361190022011008,36,119,002201,1008,23,16,0,0,0,0,3,4,23,7,16,16,0,0,0,0,0,0,7,7,0,0,0,0,0,0,0,0,0,0,0,090,090,1.0000000000000002
361190022011020,36,119,002201,1020,14,13,0,0,0,0,0,1,14,1,13,13,0,0,0,0,0,0,6,6,0,0,0,0,0,0,0,0,0,0,0,090,090,1.0000000000000002
361190022021005,36,119,002202,1005,31,15,0,0,0,0,8,8,31,7,24,14,0,0,0,0,6,4,8,8,0,0,0,0,0,0,0,0,0,0,0,090,090,1.0
361190022023017,36,119,002202,3017,56,43,0,0,0,0,1,12,56,13,43,41,0,0,0,0,0,2,23,22,1,0,0,0,0,0,0,0,0,0,0,090,090,1.0000000000000002
361190022012016,36,119,002201,2016,34,16,10,0,3,0,1,4,34,4,30,14,10,0,3,0,1,2,7,7,0,0,0,0,0,0,0,0,0,0,0,090,090,1.0
361190023002020,36,119,002300,2020,45,27,3,0,3,0,7,5,45,11,34,27,1,0,2,0,0,4,19,19,0,0,0,0,0,0,0,0,0,0,0,090,090,1.0
361190014031000,36,119,001403,1000,162,40,17,1,34,0,49,21,162,69,93,40,17,0,34,0,1,1,56,54,2,0,0,0,0,0,0,0,0,0,0,090,090,0.9999999999999999
361190016001003,36,119,001600,1003,72,42,6,0,6,0,11,7,72,25,47,31,6,0,5,0,0,5,33,31,2,0,0,0,0,0,0,0,0,0,0,090,090,1.0000000000000002
361190018002002,36,119,001800,2002,138,14,31,7,7,1,54,24,138,91,47,6,23,0,4,0,0,14,46,46,0,0,0,0,0,0,0,0,0,0,0,090,090,1.0
361190016002003,36,119,001600,2003,129,50,12,3,0,0,40,24,129,73,56,45,9,1,0,0,1,0,63,48,15,0,0,0,0,0,0,0,0,0,0,090,090,1.0
361190017013009,36,119,001701,3009,140,58,18,0,3,0,36,25,140,60,80,58,16,0,3,0,0,3,46,40,6,0,0,0,0,0,0,0,0,0,0,090,090,1.0
361190021042034,36,119,002104,2034,17,3,0,6,0,0,0,8,17,12,5,0,0,2,0,0,0,3,1,1,0,0,0,0,0,0,0,0,0,0,0,090,090,1.0
361190020004003,36,119,002000,4003,0,0,0,0,0,0,0,0,0,0,0,0,0,0,0,0,0,0,0,0,0,0,0,0,0,0,0,0,0,0,0,090,090,0.9999999999999996
361190022011019,36,119,002201,1019,28,13,4,0,4,0,0,7,28,12,16,8,4,0,4,0,0,0,9,9,0,0,0,0,0,0,0,0,0,0,0,090,090,1.0000000000000004
361190021071016,36,119,002107,1016,58,31,9,0,0,2,7,9,58,15,43,31,5,0,0,2,4,1,14,14,0,0,0,0,0,0,0,0,0,0,0,090,090,0.9999999999999998
361190015042002,36,119,001504,2002,36,15,0,1,8,0,0,12,36,13,23,15,0,0,4,0,0,4,10,10,0,0,0,0,0,0,0,0,0,0,0,090,090,1.0000000000000002
361190021052011,36,119,002105,2011,15,13,0,0,0,0,1,1,15,3,12,12,0,0,0,0,0,0,6,6,0,0,0,0,0,0,0,0,0,0,0,090,090,0.9999999999999999
361190014013001,36,119,001401,3001,23,9,0,0,2,0,9,3,23,11,12,9,0,0,2,0,0,1,2,2,0,0,0,0,0,0,0,0,0,0,0,090,090,1.0
361190023001005,36,119,002300,1005,248,155,4,0,17,0,26,46,248,67,181,151,3,0,17,0,0,10,104,97,7,0,0,0,0,0,0,0,0,0,0,090,090,1.0000000000000004
361190018002001,36,119,001800,2001,107,15,51,0,0,0,21,20,107,49,58,8,47,0,0,0,3,0,40,39,1,0,0,0,0,0,0,0,0,0,0,090,090,1.0
361190012002000,36,119,001200,2000,229,33,62,0,0,0,118,16,229,159,70,11,54,0,0,0,0,5,111,110,1,0,0,0,0,0,0,0,0,0,0,090,090,1.0
361190002023003,36,119,000202,3003,29,10,0,0,11,0,2,6,29,6,23,10,0,0,8,0,0,5,17,12,5,0,0,0,0,0,0,0,0,0,0,089,089,1.0
361190016004012,36,119,001600,4012,0,0,0,0,0,0,0,0,0,0,0,0,0,0,0,0,0,0,0,0,0,0,0,0,0,0,0,0,0,0,0,090,090,1.0000000000000002
361190004042003,36,119,000404,2003,165,22,76,11,7,0,22,27,165,60,105,21,68,0,7,0,1,8,59,57,2,0,0,0,0,0,0,0,0,0,0,089,089,0.9999999999999999
361190001041002,36,119,000104,1002,0,0,0,0,0,0,0,0,0,0,0,0,0,0,0,0,0,0,0,0,0,0,0,0,0,0,0,0,0,0,0,089,089,1.0
361190021071011,36,119,002107,1011,62,21,2,0,11,2,6,20,62,26,36,16,2,0,11,2,0,5,13,8,5,4,0,0,0,0,0,4,0,0,4,090,090,0.9999999999999999
361190021071013,36,119,002107,1013,36,10,7,0,7,0,0,12,36,15,21,8,4,0,7,0,0,2,8,8,0,0,0,0,0,0,0,0,0,0,0,090,090,1.0000000000000004
361190021041003,36,119,002104,1003,56,41,0,0,12,0,0,3,56,6,50,38,0,0,12,0,0,0,15,15,0,0,0,0,0,0,0,0,0,0,0,090,090,1.0
361190021041012,36,119,002104,1012,60,28,0,0,6,0,8,18,60,21,39,28,0,0,6,0,2,3,16,16,0,0,0,0,0,0,0,0,0,0,0,090,090,1.0
361190020001004,36,119,002000,1004,0,0,0,0,0,0,0,0,0,0,0,0,0,0,0,0,0,0,0,0,0,0,0,0,0,0,0,0,0,0,0,090,090,0.9999999999999999
361190014032000,36,119,001403,2000,113,57,3,1,18,0,18,16,113,32,81,54,3,0,18,0,5,1,30,30,0,0,0,0,0,0,0,0,0,0,0,090,090,1.0
361190014032002,36,119,001403,2002,80,28,21,0,2,0,17,12,80,32,48,25,14,0,2,0,0,7,38,38,0,0,0,0,0,0,0,0,0,0,0,089,089,1.0000000000000002
361190014033000,36,119,001403,3000,434,209,57,4,32,0,78,54,434,154,280,187,48,0,32,0,4,9,237,223,14,0,0,0,0,0,0,0,0,0,0,089,089,1.0000000000000002
361190008012006,36,119,000801,2006,109,46,3,3,9,0,31,17,109,53,56,44,3,0,9,0,0,0,34,27,7,0,0,0,0,0,0,0,0,0,0,090,090,1.0
361190016001002,36,119,001600,1002,27,2,12,0,0,0,1,12,27,13,14,2,10,0,0,0,0,2,1,1,0,0,0,0,0,0,0,0,0,0,0,090,090,1.0
361190016002002,36,119,001600,2002,49,25,8,2,1,0,3,10,49,22,27,17,5,0,1,0,0,4,17,17,0,0,0,0,0,0,0,0,0,0,0,090,090,1.0
361190008022009,36,119,000802,2009,24,3,9,0,5,0,2,5,24,11,13,0,3,0,5,0,2,3,5,5,0,0,0,0,0,0,0,0,0,0,0,090,090,0.9999999999999999
361190018002006,36,119,001800,2006,22,3,8,0,0,0,6,5,22,7,15,3,6,0,0,0,3,3,5,5,0,0,0,0,0,0,0,0,0,0,0,090,090,0.9999999999999999
361190017012003,36,119,001701,2003,91,32,2,0,4,0,47,6,91,53,38,32,2,0,4,0,0,0,29,29,0,0,0,0,0,0,0,0,0,0,0,090,090,1.0
361190016003009,36,119,001600,3009,56,14,9,4,0,0,15,14,56,44,12,5,3,0,0,0,0,4,25,25,0,0,0,0,0,0,0,0,0,0,0,090,090,1.0
361190017014010,36,119,001701,4010,76,31,12,0,2,0,6,25,76,26,50,30,9,0,2,0,2,7,23,23,0,0,0,0,0,0,0,0,0,0,0,090,090,1.0
361190017011001,36,119,001701,1001,98,64,15,0,2,0,7,10,98,26,72,58,12,0,1,0,0,1,43,43,0,0,0,0,0,0,0,0,0,0,0,090,090,1.0
361190016004005,36,119,001600,4005,103,42,28,0,4,0,17,12,103,37,66,40,23,0,2,0,0,1,46,46,0,0,0,0,0,0,0,0,0,0,0,090,090,1.0000000000000002
361190022023011,36,119,002202,3011,26,20,3,0,3,0,0,0,26,0,26,20,3,0,3,0,0,0,12,8,4,0,0,0,0,0,0,0,0,0,0,090,090,1.0
361190022011004,36,119,002201,1004,26,24,1,0,0,0,0,1,26,3,23,21,1,0,0,0,0,1,11,11,0,0,0,0,0,0,0,0,0,0,0,090,090,1.0
361190022041000,36,119,002204,1000,83,66,0,1,3,0,4,9,83,12,71,63,0,1,3,0,4,0,37,36,1,0,0,0,0,0,0,0,0,0,0,090,090,0.9999999999999997
361190022041023,36,119,002204,1023,12,11,0,0,0,0,0,1,12,1,11,11,0,0,0,0,0,0,11,11,0,0,0,0,0,0,0,0,0,0,0,090,090,1.0
361190022041017,36,119,002204,1017,227,161,23,0,8,0,27,8,227,40,187,155,23,0,8,0,1,0,172,168,4,0,0,0,0,0,0,0,0,0,0,090,090,1.0000000000000007
361190015031005,36,119,001503,1005,143,90,21,0,1,0,20,11,143,47,96,80,12,0,1,0,2,1,67,59,8,0,0,0,0,0,0,0,0,0,0,089,089,0.9999999999999999
361190015031006,36,119,001503,1006,140,101,7,0,11,0,13,8,140,33,107,91,1,0,11,0,0,4,65,65,0,0,0,0,0,0,0,0,0,0,0,089,089,1.0000000000000002
361190015031008,36,119,001503,1008,72,42,5,0,2,0,20,3,72,24,48,40,3,0,2,0,2,1,30,25,5,0,0,0,0,0,0,0,0,0,0,089,089,1.0000000000000002
361190015023005,36,119,001502,3005,214,132,14,0,9,1,33,25,214,55,159,127,14,0,9,0,0,9,87,71,16,0,0,0,0,0,0,0,0,0,0,089,089,1.0000000000000002
361190015031011,36,119,001503,1011,45,27,3,0,0,0,10,5,45,11,34,27,0,0,0,0,3,4,16,16,0,0,0,0,0,0,0,0,0,0,0,089,089,1.0
361190015023000,36,119,001502,3000,142,106,11,4,5,0,2,14,142,21,121,103,11,3,4,0,0,0,65,59,6,0,0,0,0,0,0,0,0,0,0,089,089,1.0
361190015031010,36,119,001503,1010,12,4,2,0,0,0,3,3,12,5,7,4,2,0,0,0,0,1,10,8,2,0,0,0,0,0,0,0,0,0,0,089,089,1.0000000000000004
361190015022003,36,119,001502,2003,99,65,5,5,2,0,14,8,99,33,66,59,0,0,2,0,0,5,31,31,0,0,0,0,0,0,0,0,0,0,0,089,089,1.0
361190021052003,36,119,002105,2003,12,3,0,0,7,0,0,2,12,2,10,3,0,0,7,0,0,0,5,5,0,0,0,0,0,0,0,0,0,0,0,090,090,1.0000000000000002
361190001032000,36,119,000103,2000,0,0,0,0,0,0,0,0,0,0,0,0,0,0,0,0,0,0,0,0,0,0,0,0,0,0,0,0,0,0,0,089,089,1.0000000000000002
361190009003013,36,119,000900,3013,43,18,7,1,0,0,16,1,43,17,26,18,7,0,0,0,0,1,19,19,0,0,0,0,0,0,0,0,0,0,0,092,090,1.0
361190022022007,36,119,002202,2007,198,179,0,0,2,0,2,15,198,13,185,179,0,0,1,0,0,5,136,126,10,0,0,0,0,0,0,0,0,0,0,090,090,1.0
361190001013002,36,119,000101,3002,913,101,40,32,11,0,594,135,913,809,104,48,33,0,10,0,10,3,315,309,6,0,0,0,0,0,0,0,0,0,0,090,090,1.0
361190003001011,36,119,000300,1011,68,11,3,6,0,0,45,3,68,61,7,7,0,0,0,0,0,0,18,18,0,0,0,0,0,0,0,0,0,0,0,090,090,1.0000000000000002
361190012002009,36,119,001200,2009,227,106,28,0,9,0,63,21,227,103,124,86,24,0,9,0,1,4,103,96,7,0,0,0,0,0,0,0,0,0,0,090,090,0.9999999999999999
361190002041001,36,119,000204,1001,775,41,234,19,17,0,384,80,775,533,242,15,191,0,17,0,3,16,261,257,4,0,0,0,0,0,0,0,0,0,0,089,089,0.9999999999999999
361190022023020,36,119,002202,3020,169,150,0,0,9,0,2,8,169,7,162,150,0,0,9,0,2,1,88,87,1,0,0,0,0,0,0,0,0,0,0,090,090,1.0
361190022012002,36,119,002201,2002,0,0,0,0,0,0,0,0,0,0,0,0,0,0,0,0,0,0,0,0,0,0,0,0,0,0,0,0,0,0,0,090,090,0.9999999999999992
361190022041021,36,119,002204,1021,0,0,0,0,0,0,0,0,0,0,0,0,0,0,0,0,0,0,0,0,0,0,0,0,0,0,0,0,0,0,0,090,090,1.0
361190013012016,36,119,001301,2016,0,0,0,0,0,0,0,0,0,0,0,0,0,0,0,0,0,0,0,0,0,0,0,0,0,0,0,0,0,0,0,090,090,1.0
361190014032007,36,119,001403,2007,54,7,0,0,2,0,24,21,54,42,12,5,0,0,2,0,0,5,24,8,16,0,0,0,0,0,0,0,0,0,0,089,089,0.9999999999999999
361190014034000,36,119,001403,4000,0,0,0,0,0,0,0,0,0,0,0,0,0,0,0,0,0,0,0,0,0,0,0,0,0,0,0,0,0,0,0,089,089,1.0
361190022044013,36,119,002204,4013,368,309,15,2,38,0,0,4,368,32,336,284,14,0,38,0,0,0,2,0,2,363,0,0,0,0,0,363,363,0,0,090,090,0.9999999999999996
361190022011015,36,119,002201,1015,0,0,0,0,0,0,0,0,0,0,0,0,0,0,0,0,0,0,0,0,0,0,0,0,0,0,0,0,0,0,0,090,090,0.9999999999999999
361190024022004,36,119,002402,2004,0,0,0,0,0,0,0,0,0,0,0,0,0,0,0,0,0,0,0,0,0,0,0,0,0,0,0,0,0,0,0,090,090,1.0000000000000007
361190009002000,36,119,000900,2000,35,14,6,1,2,0,3,9,35,15,20,14,3,0,2,0,0,1,6,4,2,0,0,0,0,0,0,0,0,0,0,092,092,1.0
361190014013007,36,119,001401,3007,123,64,15,3,15,0,18,8,123,33,90,56,14,0,15,0,0,5,48,44,4,0,0,0,0,0,0,0,0,0,0,090,090,0.9999999999999998
361190014011007,36,119,001401,1007,120,81,3,0,13,0,18,5,120,25,95,78,3,0,13,0,0,1,51,49,2,0,0,0,0,0,0,0,0,0,0,090,090,1.0000000000000002
361190014012005,36,119,001401,2005,69,40,0,0,4,0,12,13,69,33,36,31,0,0,4,0,0,1,24,24,0,0,0,0,0,0,0,0,0,0,0,090,090,1.0
361190014022006,36,119,001402,2006,99,72,5,0,7,0,10,5,99,16,83,70,5,0,7,0,0,1,41,36,5,0,0,0,0,0,0,0,0,0,0,090,090,0.9999999999999998
361190014034004,36,119,001403,4004,37,15,4,4,2,0,9,3,37,18,19,12,3,0,2,0,1,1,5,2,3,0,0,0,0,0,0,0,0,0,0,089,089,1.0
361190014034007,36,119,001403,4007,175,74,33,1,20,0,26,21,175,52,123,69,24,0,19,0,1,10,71,61,10,0,0,0,0,0,0,0,0,0,0,089,089,1.0
361190002032002,36,119,000203,2002,0,0,0,0,0,0,0,0,0,0,0,0,0,0,0,0,0,0,0,0,0,0,0,0,0,0,0,0,0,0,0,089,089,0.9999999999999999
361190004031001,36,119,000403,1001,266,13,150,0,1,0,45,57,266,106,160,8,143,0,1,0,0,8,129,119,10,0,0,0,0,0,0,0,0,0,0,089,089,1.0
361190003001005,36,119,000300,1005,0,0,0,0,0,0,0,0,0,0,0,0,0,0,0,0,0,0,0,0,0,0,0,0,0,0,0,0,0,0,0,090,090,1.0
361190021042016,36,119,002104,2016,0,0,0,0,0,0,0,0,0,0,0,0,0,0,0,0,0,0,0,0,0,0,0,0,0,0,0,0,0,0,0,090,090,1.0
361190009002016,36,119,000900,2016,303,106,80,4,13,0,60,40,303,120,183,85,78,0,11,0,0,9,139,136,3,0,0,0,0,0,0,0,0,0,0,092,092,1.0000000000000009
361190023001025,36,119,002300,1025,37,15,7,1,2,0,8,4,37,16,21,15,3,0,2,0,1,0,15,15,0,0,0,0,0,0,0,0,0,0,0,090,090,0.9999999999999997
361190023001026,36,119,002300,1026,35,15,2,2,1,0,13,2,35,17,18,15,2,0,1,0,0,0,9,9,0,0,0,0,0,0,0,0,0,0,0,090,090,1.0
361190008015003,36,119,000801,5003,269,214,9,1,4,0,25,16,269,37,232,210,9,1,4,0,1,7,140,134,6,0,0,0,0,0,0,0,0,0,0,090,090,1.0000000000000002
361190021051006,36,119,002105,1006,29,24,1,0,1,0,0,3,29,2,27,24,1,0,1,0,0,1,12,12,0,0,0,0,0,0,0,0,0,0,0,090,090,1.0
361190021051000,36,119,002105,1000,23,10,3,0,0,0,1,9,23,9,14,10,3,0,0,0,0,1,4,4,0,0,0,0,0,0,0,0,0,0,0,090,090,0.9999999999999999
361190021052004,36,119,002105,2004,60,48,3,0,6,0,0,3,60,4,56,45,3,0,6,0,0,2,27,27,0,0,0,0,0,0,0,0,0,0,0,090,090,1.0
361190021052002,36,119,002105,2002,14,10,0,0,0,0,2,2,14,2,12,10,0,0,0,0,0,2,8,8,0,0,0,0,0,0,0,0,0,0,0,090,090,1.0
361190003001006,36,119,000300,1006,0,0,0,0,0,0,0,0,0,0,0,0,0,0,0,0,0,0,0,0,0,0,0,0,0,0,0,0,0,0,0,090,090,0.9999999999999998
361190021033026,36,119,002103,3026,0,0,0,0,0,0,0,0,0,0,0,0,0,0,0,0,0,0,0,0,0,0,0,0,0,0,0,0,0,0,0,090,090,0.9999999999999998
361190001033009,36,119,000103,3009,0,0,0,0,0,0,0,0,0,0,0,0,0,0,0,0,0,0,0,0,0,0,0,0,0,0,0,0,0,0,0,089,089,0.9999999999999997
361190017014001,36,119,001701,4001,0,0,0,0,0,0,0,0,0,0,0,0,0,0,0,0,0,0,0,0,0,0,0,0,0,0,0,0,0,0,0,090,090,1.0000000000000004
361190019001018,36,119,001900,1018,0,0,0,0,0,0,0,0,0,0,0,0,0,0,0,0,0,0,0,0,0,0,0,0,0,0,0,0,0,0,0,090,090,1.0
361190022011030,36,119,002201,1030,91,78,1,1,0,0,0,11,91,11,80,78,1,1,0,0,0,0,30,30,0,0,0,0,0,0,0,0,0,0,0,090,090,1.0000000000000002
361190007022005,36,119,000702,2005,0,0,0,0,0,0,0,0,0,0,0,0,0,0,0,0,0,0,0,0,0,0,0,0,0,0,0,0,0,0,0,089,089,0.9999999999999998
361190021042004,36,119,002104,2004,27,8,1,0,8,0,9,1,27,9,18,8,1,0,8,0,0,1,2,2,0,0,0,0,0,0,0,0,0,0,0,090,090,1.0
361190022044001,36,119,002204,4001,0,0,0,0,0,0,0,0,0,0,0,0,0,0,0,0,0,0,0,0,0,0,0,0,0,0,0,0,0,0,0,090,090,1.0000000000000004
361190022011014,36,119,002201,1014,0,0,0,0,0,0,0,0,0,0,0,0,0,0,0,0,0,0,0,0,0,0,0,0,0,0,0,0,0,0,0,090,090,1.0000000000000002
361190024033006,36,119,002403,3006,51,16,2,0,22,0,6,5,51,12,39,16,1,0,22,0,0,0,18,17,1,0,0,0,0,0,0,0,0,0,0,090,090,1.0000000000000002
361190024033004,36,119,002403,3004,123,62,1,0,12,0,24,24,123,57,66,48,1,0,12,0,0,5,43,41,2,0,0,0,0,0,0,0,0,0,0,090,090,0.9999999999999999
361190022042008,36,119,002204,2008,347,205,68,0,22,0,24,28,347,66,281,188,59,0,22,0,2,10,206,194,12,0,0,0,0,0,0,0,0,0,0,090,090,1.0000000000000002
361190024033009,36,119,002403,3009,44,32,5,0,0,0,2,5,44,4,40,32,5,0,0,0,2,1,20,20,0,0,0,0,0,0,0,0,0,0,0,090,090,1.0000000000000002
361190024032005,36,119,002403,2005,271,127,24,2,37,0,56,25,271,75,196,120,24,2,37,0,4,9,96,94,2,0,0,0,0,0,0,0,0,0,0,090,090,0.9999999999999998
361190013011004,36,119,001301,1004,86,31,13,3,16,0,11,12,86,30,56,26,13,0,16,0,1,0,32,32,0,0,0,0,0,0,0,0,0,0,0,090,090,1.0000000000000007
361190013021001,36,119,001302,1001,141,14,9,24,14,0,70,10,141,104,37,6,9,1,14,0,2,5,46,33,13,0,0,0,0,0,0,0,0,0,0,089,089,1.0
361190013021005,36,119,001302,1005,315,80,36,17,3,0,126,53,315,217,98,50,30,2,3,0,9,4,108,108,0,0,0,0,0,0,0,0,0,0,0,089,089,1.0
361190013021006,36,119,001302,1006,53,1,12,0,7,0,23,10,53,37,16,1,6,0,7,0,0,2,13,13,0,0,0,0,0,0,0,0,0,0,0,089,089,1.0000000000000002
361190013011022,36,119,001301,1022,33,23,0,0,1,0,2,7,33,2,31,23,0,0,1,0,0,7,10,9,1,0,0,0,0,0,0,0,0,0,0,089,089,1.0
361190013011009,36,119,001301,1009,100,43,2,1,23,0,18,13,100,37,63,37,2,1,23,0,0,0,27,27,0,0,0,0,0,0,0,0,0,0,0,089,089,1.0
361190014031002,36,119,001403,1002,354,142,54,6,47,0,62,43,354,135,219,122,36,5,47,0,3,6,126,126,0,0,0,0,0,0,0,0,0,0,0,089,089,1.0
361190007012005,36,119,000701,2005,95,59,16,0,11,0,7,2,95,12,83,56,15,0,11,0,0,1,43,43,0,0,0,0,0,0,0,0,0,0,0,090,090,1.0
361190007012008,36,119,000701,2008,67,45,0,0,8,0,6,8,67,13,54,44,0,0,8,0,0,2,29,29,0,0,0,0,0,0,0,0,0,0,0,090,090,1.0
361190008014002,36,119,000801,4002,152,58,13,5,14,0,40,22,152,63,89,49,13,2,14,0,6,5,61,61,0,0,0,0,0,0,0,0,0,0,0,090,090,0.9999999999999998
361190008014000,36,119,000801,4000,88,36,13,1,7,0,7,24,88,29,59,36,12,0,7,0,1,3,30,30,0,0,0,0,0,0,0,0,0,0,0,090,090,1.0
361190004012006,36,119,000401,2006,0,0,0,0,0,0,0,0,0,0,0,0,0,0,0,0,0,0,0,0,0,0,0,0,0,0,0,0,0,0,0,089,089,0.9999999999999998
361190024035001,36,119,002403,5001,159,57,54,0,4,0,30,14,159,51,108,46,53,0,4,0,4,1,85,85,0,0,0,0,0,0,0,0,0,0,0,090,090,1.0
361190024031004,36,119,002403,1004,0,0,0,0,0,0,0,0,0,0,0,0,0,0,0,0,0,0,0,0,0,0,0,0,0,0,0,0,0,0,0,090,090,1.0000000000000002
361190008022011,36,119,000802,2011,0,0,0,0,0,0,0,0,0,0,0,0,0,0,0,0,0,0,0,0,0,0,0,0,0,0,0,0,0,0,0,090,090,1.0
361190017013005,36,119,001701,3005,101,41,18,2,8,0,22,10,101,35,66,40,18,0,8,0,0,0,23,16,7,0,0,0,0,0,0,0,0,0,0,090,090,1.0
361190017022006,36,119,001702,2006,36,24,2,0,0,0,3,7,36,8,28,23,2,0,0,0,0,3,12,12,0,0,0,0,0,0,0,0,0,0,0,090,090,1.0
361190014011000,36,119,001401,1000,191,113,14,0,1,0,33,30,191,62,129,110,14,0,1,0,0,4,63,63,0,0,0,0,0,0,0,0,0,0,0,090,090,0.9999999999999999
361190017022005,36,119,001702,2005,35,25,1,0,0,0,3,6,35,6,29,23,1,0,0,0,0,5,6,6,0,0,0,0,0,0,0,0,0,0,0,090,090,1.0000000000000002
361190022043000,36,119,002204,3000,687,428,102,1,33,1,73,49,687,151,536,396,101,0,33,1,2,3,416,393,23,0,0,0,0,0,0,0,0,0,0,090,090,0.9999999999999996
361190017022001,36,119,001702,2001,0,0,0,0,0,0,0,0,0,0,0,0,0,0,0,0,0,0,0,0,0,0,0,0,0,0,0,0,0,0,0,090,090,1.0
361190004011001,36,119,000401,1001,324,36,71,8,21,0,135,53,324,201,123,25,53,0,21,0,4,20,111,93,18,8,8,0,8,0,0,0,0,0,0,090,090,1.0000000000000002
361190024033007,36,119,002403,3007,107,71,5,0,2,0,19,10,107,26,81,70,1,0,2,0,1,7,36,35,1,0,0,0,0,0,0,0,0,0,0,090,090,0.9999999999999998
361190024031000,36,119,002403,1000,208,121,18,2,26,0,22,19,208,51,157,113,14,2,23,0,0,5,84,77,7,0,0,0,0,0,0,0,0,0,0,090,090,1.0000000000000002
361190024031003,36,119,002403,1003,0,0,0,0,0,0,0,0,0,0,0,0,0,0,0,0,0,0,0,0,0,0,0,0,0,0,0,0,0,0,0,090,090,1.0
361190007022002,36,119,000702,2002,541,104,239,1,7,0,98,92,541,204,337,89,210,1,7,0,7,23,287,253,34,0,0,0,0,0,0,0,0,0,0,090,092,0.9999999999999996
361190006012005,36,119,000601,2005,369,53,108,4,11,0,119,74,369,197,172,29,102,3,11,0,12,15,146,146,0,0,0,0,0,0,0,0,0,0,0,090,090,1.0
361190010001001,36,119,001000,1001,19,2,3,1,0,0,2,11,19,13,6,2,1,1,0,0,0,2,1,1,0,0,0,0,0,0,0,0,0,0,0,090,090,1.0
361190011021003,36,119,001102,1003,285,46,44,6,15,0,143,31,285,216,69,25,26,2,15,0,0,1,103,97,6,0,0,0,0,0,0,0,0,0,0,090,090,0.9999999999999999
361190001033007,36,119,000103,3007,442,65,160,12,0,0,122,83,442,249,193,29,145,0,0,0,8,11,214,196,18,0,0,0,0,0,0,0,0,0,0,089,089,1.0000000000000002
361190004013003,36,119,000401,3003,0,0,0,0,0,0,0,0,0,0,0,0,0,0,0,0,0,0,0,0,0,0,0,0,0,0,0,0,0,0,0,089,089,1.0
361190014021007,36,119,001402,1007,0,0,0,0,0,0,0,0,0,0,0,0,0,0,0,0,0,0,0,0,0,0,0,0,0,0,0,0,0,0,0,090,090,1.0000000000000009
361190015033003,36,119,001503,3003,71,36,0,0,8,0,18,9,71,28,43,32,0,0,8,0,1,2,20,20,0,0,0,0,0,0,0,0,0,0,0,089,089,1.0
361190015044000,36,119,001504,4000,508,362,7,4,40,0,63,32,508,101,407,353,5,4,40,0,0,5,188,182,6,0,0,0,0,0,0,0,0,0,0,090,090,1.0
361190024051009,36,119,002405,1009,79,53,9,0,0,1,1,15,79,25,54,43,8,0,0,0,0,3,29,29,0,0,0,0,0,0,0,0,0,0,0,090,090,0.9999999999999998
361190024052003,36,119,002405,2003,201,125,16,0,16,0,12,32,201,52,149,117,16,0,16,0,0,0,80,80,0,0,0,0,0,0,0,0,0,0,0,090,090,1.0000000000000002
361190020004024,36,119,002000,4024,174,119,3,0,32,0,12,8,174,17,157,119,3,0,32,0,0,3,57,57,0,0,0,0,0,0,0,0,0,0,0,090,090,1.0000000000000007
361190020002003,36,119,002000,2003,90,60,1,0,0,0,12,17,90,28,62,60,0,0,0,0,0,2,37,37,0,0,0,0,0,0,0,0,0,0,0,090,090,1.0000000000000002
361190021013003,36,119,002101,3003,56,35,5,1,1,0,11,3,56,24,32,28,2,0,1,0,0,1,11,7,4,0,0,0,0,0,0,0,0,0,0,090,090,1.0000000000000002
361190021013005,36,119,002101,3005,44,16,5,0,6,1,0,16,44,12,32,16,3,0,6,0,0,7,15,15,0,0,0,0,0,0,0,0,0,0,0,090,090,1.0000000000000002
361190021051018,36,119,002105,1018,0,0,0,0,0,0,0,0,0,0,0,0,0,0,0,0,0,0,0,0,0,0,0,0,0,0,0,0,0,0,0,090,090,0.9999999999999998
361190021071002,36,119,002107,1002,555,255,97,2,95,0,66,40,555,114,441,246,90,2,95,0,2,6,247,243,4,0,0,0,0,0,0,0,0,0,0,090,090,1.0000000000000004
361190021042037,36,119,002104,2037,68,29,14,1,7,0,8,9,68,15,53,28,14,0,7,0,1,3,12,12,0,0,0,0,0,0,0,0,0,0,0,090,090,1.0
361190021042024,36,119,002104,2024,19,6,1,0,4,0,0,8,19,5,14,5,0,0,4,0,0,5,5,2,3,0,0,0,0,0,0,0,0,0,0,090,090,1.0
361190021042032,36,119,002104,2032,31,16,3,0,6,0,2,4,31,2,29,16,3,0,6,0,1,3,9,9,0,0,0,0,0,0,0,0,0,0,0,090,090,1.0000000000000002
361190021041017,36,119,002104,1017,53,41,0,0,4,0,5,3,53,6,47,41,0,0,4,0,0,2,14,14,0,0,0,0,0,0,0,0,0,0,0,090,090,1.0
361190009003001,36,119,000900,3001,26,12,5,0,0,0,3,6,26,11,15,10,5,0,0,0,0,0,5,5,0,0,0,0,0,0,0,0,0,0,0,092,090,1.0
361190013052000,36,119,001305,2000,222,26,73,9,12,0,66,36,222,138,84,9,56,0,12,0,3,4,72,72,0,0,0,0,0,0,0,0,0,0,0,089,089,1.0
361190011023000,36,119,001102,3000,228,52,34,8,4,0,108,22,228,166,62,39,14,0,3,0,1,5,73,57,16,0,0,0,0,0,0,0,0,0,0,090,090,1.0
361190013012002,36,119,001301,2002,36,11,6,0,0,0,15,4,36,16,20,11,6,0,0,0,0,3,10,10,0,0,0,0,0,0,0,0,0,0,0,090,090,1.0000000000000004
361190003002006,36,119,000300,2006,322,32,28,16,43,0,177,26,322,251,71,4,19,1,43,0,0,4,85,85,0,0,0,0,0,0,0,0,0,0,0,090,090,1.0
361190012002004,36,119,001200,2004,285,14,15,9,1,0,222,24,285,267,18,3,13,0,1,0,0,1,80,80,0,0,0,0,0,0,0,0,0,0,0,090,090,1.0
361190002041000,36,119,000204,1000,207,42,40,4,37,0,47,37,207,108,99,21,29,2,37,0,3,7,53,52,1,0,0,0,0,0,0,0,0,0,0,089,089,1.0
361190021012000,36,119,002101,2000,167,82,35,0,20,0,16,14,167,28,139,80,35,0,20,0,0,4,81,81,0,0,0,0,0,0,0,0,0,0,0,090,090,1.0000000000000002
361190009003000,36,119,000900,3000,19,5,10,0,3,0,0,1,19,3,16,3,10,0,3,0,0,0,3,3,0,0,0,0,0,0,0,0,0,0,0,092,090,1.0
361190013011015,36,119,001301,1015,49,20,4,0,2,0,12,11,49,29,20,14,0,0,2,0,0,4,16,16,0,0,0,0,0,0,0,0,0,0,0,089,089,1.0000000000000002
361190013023001,36,119,001302,3001,41,7,5,0,2,3,12,12,41,26,15,3,5,0,2,0,0,5,7,6,1,0,0,0,0,0,0,0,0,0,0,089,089,1.0
361190007012016,36,119,000701,2016,85,39,9,0,14,0,21,2,85,23,62,39,7,0,14,0,1,1,35,35,0,0,0,0,0,0,0,0,0,0,0,090,090,1.0
361190008015006,36,119,000801,5006,78,35,6,0,5,0,23,9,78,30,48,32,5,0,5,0,1,5,21,12,9,0,0,0,0,0,0,0,0,0,0,090,090,0.9999999999999998
361190013051002,36,119,001305,1002,67,16,16,1,0,0,27,7,67,46,21,7,14,0,0,0,0,0,55,48,7,0,0,0,0,0,0,0,0,0,0,089,089,1.0
361190002033002,36,119,000203,3002,166,121,8,6,4,0,0,27,166,46,120,107,4,0,2,0,0,7,63,59,4,39,0,0,0,0,0,39,0,0,39,089,089,0.9999999999999997
361190017013004,36,119,001701,3004,73,45,2,0,3,0,9,14,73,22,51,45,0,0,3,0,0,3,18,18,0,0,0,0,0,0,0,0,0,0,0,090,090,1.0000000000000002
361190017022015,36,119,001702,2015,60,48,0,0,4,0,2,6,60,12,48,42,0,0,4,0,2,0,27,27,0,0,0,0,0,0,0,0,0,0,0,090,090,0.9999999999999999
361190017022010,36,119,001702,2010,23,21,1,0,0,0,0,1,23,0,23,21,1,0,0,0,0,1,7,7,0,0,0,0,0,0,0,0,0,0,0,090,090,1.0
361190023001003,36,119,002300,1003,67,29,5,0,11,0,7,15,67,20,47,27,5,0,11,0,2,2,18,14,4,0,0,0,0,0,0,0,0,0,0,090,090,1.0000000000000002
361190023001010,36,119,002300,1010,86,39,21,0,15,0,10,1,86,14,72,39,17,0,15,0,1,0,27,27,0,0,0,0,0,0,0,0,0,0,0,090,090,1.0
361190023002003,36,119,002300,2003,86,72,6,1,1,0,1,5,86,19,67,62,1,1,1,0,0,2,42,42,0,0,0,0,0,0,0,0,0,0,0,090,090,1.0000000000000004
361190024011014,36,119,002401,1014,31,6,4,0,4,0,9,8,31,20,11,6,0,0,4,0,0,1,1,0,1,0,0,0,0,0,0,0,0,0,0,090,090,1.0000000000000007
361190011022004,36,119,001102,2004,0,0,0,0,0,0,0,0,0,0,0,0,0,0,0,0,0,0,0,0,0,0,0,0,0,0,0,0,0,0,0,090,090,1.0000000000000004
361190014021004,36,119,001402,1004,72,56,0,0,2,1,6,7,72,9,63,54,0,0,2,1,3,3,18,18,0,0,0,0,0,0,0,0,0,0,0,090,090,1.0
361190001013000,36,119,000101,3000,371,35,87,6,5,0,170,68,371,250,121,23,77,0,5,0,11,5,116,102,14,0,0,0,0,0,0,0,0,0,0,090,090,1.0
361190011022012,36,119,001102,2012,127,35,25,0,1,0,30,36,127,61,66,32,20,0,1,0,7,6,62,53,9,0,0,0,0,0,0,0,0,0,0,090,090,0.9999999999999999
361190023001008,36,119,002300,1008,29,17,0,0,6,0,3,3,29,4,25,17,0,0,6,0,0,2,11,3,8,0,0,0,0,0,0,0,0,0,0,090,090,1.0
361190023001024,36,119,002300,1024,44,26,2,0,4,0,2,10,44,9,35,26,2,0,4,0,0,3,18,18,0,0,0,0,0,0,0,0,0,0,0,090,090,0.9999999999999999
361190023002016,36,119,002300,2016,55,43,0,1,3,0,2,6,55,10,45,40,0,1,3,0,0,1,17,17,0,0,0,0,0,0,0,0,0,0,0,090,090,1.0
361190005012003,36,119,000501,2003,31,0,8,0,0,0,9,14,31,22,9,0,6,0,0,0,0,3,18,14,4,0,0,0,0,0,0,0,0,0,0,090,090,0.9999999999999996
361190006022008,36,119,000602,2008,309,33,145,2,7,0,75,47,309,146,163,5,139,2,7,0,0,10,149,149,0,0,0,0,0,0,0,0,0,0,0,089,089,1.0
361190005012009,36,119,000501,2009,91,23,14,9,0,0,29,16,91,70,21,11,9,0,0,0,0,1,22,17,5,0,0,0,0,0,0,0,0,0,0,090,090,1.0000000000000007
361190005012008,36,119,000501,2008,96,9,32,1,0,0,42,12,96,60,36,1,31,0,0,0,3,1,32,26,6,0,0,0,0,0,0,0,0,0,0,090,090,0.9999999999999998
361190006022003,36,119,000602,2003,171,24,65,0,16,0,45,21,171,59,112,20,59,0,16,0,11,6,82,81,1,0,0,0,0,0,0,0,0,0,0,089,089,0.9999999999999999
361190008032011,36,119,000803,2011,228,86,70,3,10,1,39,19,228,79,149,79,52,0,10,1,0,7,92,92,0,0,0,0,0,0,0,0,0,0,0,089,089,1.0000000000000002
361190021052021,36,119,002105,2021,61,51,0,0,7,0,0,3,61,0,61,51,0,0,7,0,0,3,23,18,5,0,0,0,0,0,0,0,0,0,0,090,090,1.0000000000000002
361190021052015,36,119,002105,2015,73,57,7,0,3,0,4,2,73,7,66,52,7,0,3,0,2,2,31,31,0,0,0,0,0,0,0,0,0,0,0,090,090,0.9999999999999998
361190023001007,36,119,002300,1007,38,25,2,0,2,0,7,2,38,9,29,25,2,0,2,0,0,0,12,12,0,0,0,0,0,0,0,0,0,0,0,090,090,1.0
361190005022002,36,119,000502,2002,815,38,270,5,2,0,412,88,815,579,236,1,224,0,2,0,0,9,288,284,4,0,0,0,0,0,0,0,0,0,0,090,090,0.9999999999999998
361190021042023,36,119,002104,2023,26,24,2,0,0,0,0,0,26,4,22,20,2,0,0,0,0,0,13,13,0,0,0,0,0,0,0,0,0,0,0,090,090,1.0
361190011022003,36,119,001102,2003,125,53,17,0,4,0,26,25,125,44,81,53,12,0,4,0,10,2,38,36,2,0,0,0,0,0,0,0,0,0,0,090,090,0.9999999999999997
361190001041001,36,119,000104,1001,310,80,109,3,20,0,49,49,310,106,204,60,97,2,20,0,4,21,191,160,31,0,0,0,0,0,0,0,0,0,0,089,089,1.0
361190014013017,36,119,001401,3017,0,0,0,0,0,0,0,0,0,0,0,0,0,0,0,0,0,0,0,0,0,0,0,0,0,0,0,0,0,0,0,090,090,1.000000000000001
361190007012000,36,119,000701,2000,0,0,0,0,0,0,0,0,0,0,0,0,0,0,0,0,0,0,0,0,0,0,0,0,0,0,0,0,0,0,0,092,092,0.9999999999999997
361190023002009,36,119,002300,2009,57,35,4,3,3,0,10,2,57,10,47,35,4,3,3,0,2,0,16,14,2,0,0,0,0,0,0,0,0,0,0,090,090,0.9999999999999997
361190001013001,36,119,000101,3001,123,8,10,0,3,0,74,28,123,110,13,0,10,0,2,0,0,1,31,29,2,0,0,0,0,0,0,0,0,0,0,090,090,1.0000000000000002
361190022041025,36,119,002204,1025,64,56,2,0,5,1,0,0,64,2,62,54,2,0,5,1,0,0,1,1,0,62,0,0,0,0,0,62,62,0,0,090,090,0.9999999999999999
361190022011022,36,119,002201,1022,32,28,0,0,0,0,4,0,32,7,25,25,0,0,0,0,0,0,15,15,0,0,0,0,0,0,0,0,0,0,0,090,090,0.9999999999999998
361190022012009,36,119,002201,2009,50,28,0,0,14,0,5,3,50,5,45,28,0,0,14,0,0,3,17,10,7,0,0,0,0,0,0,0,0,0,0,090,090,1.0
361190022011028,36,119,002201,1028,0,0,0,0,0,0,0,0,0,0,0,0,0,0,0,0,0,0,0,0,0,0,0,0,0,0,0,0,0,0,0,090,090,1.0
361190022012019,36,119,002201,2019,127,68,13,0,21,0,13,12,127,32,95,61,13,0,21,0,0,0,36,36,0,0,0,0,0,0,0,0,0,0,0,090,090,0.9999999999999998
361190021032004,36,119,002103,2004,42,40,0,0,0,0,0,2,42,3,39,39,0,0,0,0,0,0,12,12,0,0,0,0,0,0,0,0,0,0,0,090,090,1.0
361190021032014,36,119,002103,2014,22,19,0,0,2,0,0,1,22,1,21,18,0,0,2,0,0,1,10,10,0,0,0,0,0,0,0,0,0,0,0,090,090,1.0
361190021032018,36,119,002103,2018,65,63,0,0,1,0,0,1,65,0,65,63,0,0,1,0,0,1,24,24,0,0,0,0,0,0,0,0,0,0,0,090,090,1.0000000000000002
361190021033008,36,119,002103,3008,61,55,0,0,6,0,0,0,61,0,61,55,0,0,6,0,0,0,24,24,0,0,0,0,0,0,0,0,0,0,0,090,090,1.0
361190021033020,36,119,002103,3020,99,92,0,0,0,0,3,4,99,7,92,92,0,0,0,0,0,0,34,34,0,0,0,0,0,0,0,0,0,0,0,090,090,1.0000000000000004
361190021031018,36,119,002103,1018,0,0,0,0,0,0,0,0,0,0,0,0,0,0,0,0,0,0,0,0,0,0,0,0,0,0,0,0,0,0,0,090,090,1.0000000000000002
361190009003006,36,119,000900,3006,126,35,21,0,31,0,35,4,126,44,82,30,21,0,31,0,0,0,44,44,0,0,0,0,0,0,0,0,0,0,0,092,092,1.0000000000000002
361190009002014,36,119,000900,2014,117,60,6,7,5,0,19,20,117,57,60,53,0,0,5,0,0,2,45,40,5,0,0,0,0,0,0,0,0,0,0,092,092,1.0
361190009001008,36,119,000900,1008,20,11,2,2,0,0,0,5,20,1,19,11,2,2,0,0,0,4,2,0,2,0,0,0,0,0,0,0,0,0,0,090,090,0.9999999999999998
361190023002002,36,119,002300,2002,0,0,0,0,0,0,0,0,0,0,0,0,0,0,0,0,0,0,0,0,0,0,0,0,0,0,0,0,0,0,0,090,090,0.9999999999999999
361190021042029,36,119,002104,2029,36,18,7,0,8,0,1,2,36,8,28,16,2,0,8,0,1,1,8,7,1,0,0,0,0,0,0,0,0,0,0,090,090,1.0
361190024011008,36,119,002401,1008,0,0,0,0,0,0,0,0,0,0,0,0,0,0,0,0,0,0,0,0,0,0,0,0,0,0,0,0,0,0,0,090,090,0.9999999999999999
361190009002006,36,119,000900,2006,256,80,54,0,23,2,66,31,256,100,156,70,51,0,22,2,0,11,32,29,3,154,154,0,0,154,0,0,0,0,0,092,092,1.0000000000000002
361190022024003,36,119,002202,4003,151,74,15,0,15,0,36,11,151,45,106,74,14,0,15,0,0,3,91,89,2,0,0,0,0,0,0,0,0,0,0,090,090,0.9999999999999999
361190022021001,36,119,002202,1001,21,13,1,0,0,0,0,7,21,7,14,7,1,0,0,0,0,6,4,4,0,0,0,0,0,0,0,0,0,0,0,090,090,1.0
361190022024017,36,119,002202,4017,41,37,0,0,0,0,0,4,41,1,40,36,0,0,0,0,0,4,14,14,0,0,0,0,0,0,0,0,0,0,0,090,090,1.0
361190022012010,36,119,002201,2010,248,126,26,0,37,0,34,25,248,67,181,116,23,0,37,0,1,4,150,150,0,0,0,0,0,0,0,0,0,0,0,090,090,1.0000000000000002
361190022021000,36,119,002202,1000,597,370,46,1,49,0,59,72,597,173,424,313,46,0,49,0,4,12,334,326,8,0,0,0,0,0,0,0,0,0,0,090,090,0.9999999999999998
361190022024009,36,119,002202,4009,27,22,0,0,0,0,0,5,27,1,26,22,0,0,0,0,0,4,10,10,0,0,0,0,0,0,0,0,0,0,0,090,090,1.0
361190022024016,36,119,002202,4016,49,45,0,0,1,0,0,3,49,4,45,44,0,0,0,0,0,1,17,12,5,0,0,0,0,0,0,0,0,0,0,090,090,1.0
361190022024015,36,119,002202,4015,20,16,0,0,2,0,1,1,20,3,17,15,0,0,2,0,0,0,7,7,0,0,0,0,0,0,0,0,0,0,0,090,090,1.0
361190022024019,36,119,002202,4019,21,19,0,0,1,0,0,1,21,0,21,19,0,0,1,0,0,1,9,9,0,0,0,0,0,0,0,0,0,0,0,090,090,0.9999999999999998
361190022044008,36,119,002204,4008,98,86,6,0,1,0,4,1,98,6,92,86,6,0,0,0,0,0,51,51,0,0,0,0,0,0,0,0,0,0,0,090,090,1.0000000000000004
361190021051009,36,119,002105,1009,33,28,0,0,0,0,0,5,33,4,29,28,0,0,0,0,0,1,8,8,0,0,0,0,0,0,0,0,0,0,0,090,090,0.9999999999999999
361190021051014,36,119,002105,1014,39,34,0,0,3,0,2,0,39,2,37,34,0,0,3,0,0,0,20,20,0,0,0,0,0,0,0,0,0,0,0,090,090,1.0
361190021052020,36,119,002105,2020,128,92,0,0,28,0,5,3,128,10,118,90,0,0,28,0,0,0,61,50,11,0,0,0,0,0,0,0,0,0,0,090,090,0.9999999999999998
361190021061000,36,119,002106,1000,88,49,5,0,9,0,13,12,88,21,67,47,2,0,9,0,0,9,22,19,3,0,0,0,0,0,0,0,0,0,0,090,090,1.0
361190021061003,36,119,002106,1003,27,0,12,0,0,0,5,10,27,18,9,0,5,0,0,0,0,4,1,1,0,0,0,0,0,0,0,0,0,0,0,090,090,1.0
361190021033004,36,119,002103,3004,39,32,4,0,0,0,0,3,39,2,37,31,4,0,0,0,0,2,18,18,0,0,0,0,0,0,0,0,0,0,0,090,090,0.9999999999999998
361190021033001,36,119,002103,3001,149,119,3,0,14,0,6,7,149,6,143,119,3,0,13,0,3,5,53,53,0,0,0,0,0,0,0,0,0,0,0,090,090,1.0000000000000002
361190021052012,36,119,002105,2012,56,51,0,0,5,0,0,0,56,1,55,50,0,0,5,0,0,0,23,23,0,0,0,0,0,0,0,0,0,0,0,090,090,1.0
361190021031007,36,119,002103,1007,38,21,1,0,1,0,14,1,38,19,19,17,0,0,1,0,0,1,10,10,0,0,0,0,0,0,0,0,0,0,0,090,090,0.9999999999999999
361190021031011,36,119,002103,1011,32,32,0,0,0,0,0,0,32,3,29,29,0,0,0,0,0,0,14,14,0,0,0,0,0,0,0,0,0,0,0,090,090,1.0
361190021031013,36,119,002103,1013,50,43,0,1,0,0,3,3,50,15,35,35,0,0,0,0,0,0,17,17,0,0,0,0,0,0,0,0,0,0,0,090,090,0.9999999999999999
361190007012002,36,119,000701,2002,365,182,63,2,26,0,64,28,365,99,266,170,63,0,26,0,2,5,56,51,5,195,102,0,0,102,0,93,0,0,93,092,092,1.0000000000000007
361190009002002,36,119,000900,2002,29,8,2,0,0,0,1,18,29,10,19,8,2,0,0,0,1,8,1,1,0,5,0,0,0,0,0,5,0,0,5,092,092,0.9999999999999998
361190009002015,36,119,000900,2015,46,31,0,0,3,0,4,8,46,10,36,31,0,0,3,0,0,2,18,13,5,0,0,0,0,0,0,0,0,0,0,092,092,1.0
361190008022000,36,119,000802,2000,0,0,0,0,0,0,0,0,0,0,0,0,0,0,0,0,0,0,0,0,0,0,0,0,0,0,0,0,0,0,0,092,090,1.0
361190020001001,36,119,002000,1001,42,24,1,0,0,0,9,8,42,18,24,24,0,0,0,0,0,0,14,14,0,0,0,0,0,0,0,0,0,0,0,090,090,1.0000000000000002
361190018001004,36,119,001800,1004,100,9,65,0,6,0,15,5,100,19,81,7,65,0,6,0,0,3,42,42,0,0,0,0,0,0,0,0,0,0,0,090,090,1.0
361190021052014,36,119,002105,2014,71,49,0,0,17,0,0,5,71,4,67,49,0,0,17,0,0,1,23,21,2,0,0,0,0,0,0,0,0,0,0,090,090,1.0000000000000002
361190021052019,36,119,002105,2019,35,24,4,0,6,0,0,1,35,0,35,24,4,0,6,0,0,1,10,10,0,0,0,0,0,0,0,0,0,0,0,090,090,1.0
361190021031010,36,119,002103,1010,57,43,0,0,5,0,1,8,57,8,49,40,0,0,5,0,0,4,23,23,0,0,0,0,0,0,0,0,0,0,0,090,090,1.0
361190013051008,36,119,001305,1008,442,44,44,10,8,0,292,44,442,376,66,22,30,0,7,0,0,7,118,99,19,0,0,0,0,0,0,0,0,0,0,089,089,0.9999999999999999
361190013041002,36,119,001304,1002,633,119,89,14,11,0,276,124,633,430,203,82,86,1,11,0,11,12,193,183,10,0,0,0,0,0,0,0,0,0,0,089,089,1.0000000000000004
361190013023003,36,119,001302,3003,304,50,48,6,24,0,142,34,304,207,97,23,36,4,23,0,7,4,93,85,8,0,0,0,0,0,0,0,0,0,0,089,089,0.9999999999999999
361190011011004,36,119,001101,1004,433,25,57,12,13,0,260,66,433,363,70,13,32,2,13,0,3,7,125,104,21,0,0,0,0,0,0,0,0,0,0,090,090,0.9999999999999998
361190012003000,36,119,001200,3000,449,78,65,35,2,0,208,61,449,330,119,58,47,0,2,0,1,11,143,111,32,0,0,0,0,0,0,0,0,0,0,090,090,1.0000000000000007
361190011022008,36,119,001102,2008,71,27,15,6,10,0,9,4,71,13,58,25,12,6,10,0,2,3,13,7,6,0,0,0,0,0,0,0,0,0,0,090,090,1.0
361190013013002,36,119,001301,3002,74,15,5,4,6,0,19,25,74,44,30,9,4,0,6,0,5,6,15,15,0,0,0,0,0,0,0,0,0,0,0,090,090,1.0
361190013012010,36,119,001301,2010,48,17,12,2,6,0,6,5,48,13,35,12,12,0,6,0,0,5,19,18,1,0,0,0,0,0,0,0,0,0,0,090,090,0.9999999999999999
361190013012003,36,119,001301,2003,50,25,10,0,0,0,10,5,50,19,31,21,10,0,0,0,0,0,10,10,0,0,0,0,0,0,0,0,0,0,0,090,090,1.0
361190022011001,36,119,002201,1001,0,0,0,0,0,0,0,0,0,0,0,0,0,0,0,0,0,0,0,0,0,0,0,0,0,0,0,0,0,0,0,090,090,0.9999999999999981
361190006021003,36,119,000602,1003,364,49,167,3,1,0,68,76,364,147,217,44,151,3,1,0,3,15,105,103,2,112,112,0,0,112,0,0,0,0,0,089,089,1.0000000000000002
361190004011002,36,119,000401,1002,86,2,26,0,0,0,30,28,86,48,38,2,20,0,0,0,3,13,25,25,0,0,0,0,0,0,0,0,0,0,0,090,090,1.0
361190007011000,36,119,000701,1000,137,95,7,0,14,2,8,11,137,34,103,81,7,0,14,0,0,1,50,50,0,0,0,0,0,0,0,0,0,0,0,090,090,0.9999999999999996
361190007012012,36,119,000701,2012,47,31,0,0,2,0,7,7,47,19,28,25,0,0,2,0,1,0,14,13,1,0,0,0,0,0,0,0,0,0,0,090,090,1.0
361190008032009,36,119,000803,2009,75,22,16,0,5,0,12,20,75,28,47,19,16,0,5,0,1,6,14,14,0,0,0,0,0,0,0,0,0,0,0,090,090,1.0000000000000002
361190008031001,36,119,000803,1001,128,60,23,1,6,0,13,25,128,34,94,54,22,0,6,0,2,10,33,33,0,0,0,0,0,0,0,0,0,0,0,090,090,1.0
361190007011007,36,119,000701,1007,46,32,9,0,4,0,0,1,46,2,44,31,9,0,4,0,0,0,16,16,0,0,0,0,0,0,0,0,0,0,0,089,089,0.9999999999999999
361190015031002,36,119,001503,1002,240,181,9,3,15,0,27,5,240,48,192,170,5,0,15,0,2,0,136,136,0,0,0,0,0,0,0,0,0,0,0,089,089,1.0000000000000002
361190015023007,36,119,001502,3007,148,105,12,0,9,0,4,18,148,31,117,95,10,0,9,0,1,2,65,64,1,0,0,0,0,0,0,0,0,0,0,089,089,1.0
361190008031008,36,119,000803,1008,56,31,2,5,5,0,5,8,56,16,40,30,0,0,5,0,1,4,25,21,4,0,0,0,0,0,0,0,0,0,0,090,090,1.0
361190008033000,36,119,000803,3000,150,52,23,0,7,0,44,24,150,65,85,45,23,0,7,0,4,6,52,52,0,0,0,0,0,0,0,0,0,0,0,090,090,1.0
361190015022004,36,119,001502,2004,183,138,12,2,17,0,9,5,183,19,164,136,7,2,17,0,2,0,82,74,8,0,0,0,0,0,0,0,0,0,0,089,089,0.9999999999999999
361190019001009,36,119,001900,1009,41,17,0,0,4,0,8,12,41,19,22,13,0,0,4,0,4,1,13,13,0,0,0,0,0,0,0,0,0,0,0,090,090,1.0
361190014012003,36,119,001401,2003,48,14,0,0,18,0,6,10,48,16,32,10,0,0,18,0,0,4,11,11,0,0,0,0,0,0,0,0,0,0,0,090,090,0.9999999999999999
361190024053014,36,119,002405,3014,25,11,4,1,1,0,1,7,25,12,13,8,2,1,1,0,0,1,5,3,2,0,0,0,0,0,0,0,0,0,0,090,090,0.9999999999999998
361190024051010,36,119,002405,1010,73,34,6,1,7,0,5,20,73,28,45,28,5,0,7,0,0,5,17,17,0,0,0,0,0,0,0,0,0,0,0,090,090,1.0000000000000002
361190024042002,36,119,002404,2002,95,31,2,6,28,0,27,1,95,34,61,31,0,0,28,0,2,0,27,27,0,0,0,0,0,0,0,0,0,0,0,090,090,1.0
361190024035006,36,119,002403,5006,32,6,6,1,3,0,4,12,32,11,21,4,6,0,3,0,2,6,8,8,0,0,0,0,0,0,0,0,0,0,0,090,090,1.0
361190015023002,36,119,001502,3002,151,133,3,0,8,0,1,6,151,17,134,124,2,0,8,0,0,0,54,52,2,0,0,0,0,0,0,0,0,0,0,089,089,1.0
361190024034000,36,119,002403,4000,123,102,5,0,3,0,2,11,123,15,108,100,5,0,3,0,0,0,51,43,8,0,0,0,0,0,0,0,0,0,0,090,090,0.9999999999999998
361190015042001,36,119,001504,2001,215,103,24,2,14,0,43,29,215,81,134,99,15,2,13,0,4,1,71,63,8,0,0,0,0,0,0,0,0,0,0,090,090,1.0000000000000002
361190015043011,36,119,001504,3011,86,26,16,0,6,0,18,20,86,43,43,21,15,0,6,0,0,1,30,30,0,0,0,0,0,0,0,0,0,0,0,089,089,1.0000000000000002
361190021051004,36,119,002105,1004,29,27,0,0,1,0,0,1,29,1,28,27,0,0,1,0,0,0,11,11,0,0,0,0,0,0,0,0,0,0,0,090,090,0.9999999999999999
361190021052009,36,119,002105,2009,35,30,0,0,0,0,1,4,35,7,28,24,0,0,0,0,1,3,7,7,0,11,0,0,0,0,0,11,0,0,11,090,090,1.0
361190021052005,36,119,002105,2005,24,19,0,0,3,0,0,2,24,0,24,19,0,0,3,0,0,2,8,8,0,0,0,0,0,0,0,0,0,0,0,090,090,1.0000000000000002
361190009002020,36,119,000900,2020,41,12,7,0,11,0,7,4,41,8,33,12,6,0,11,0,2,2,14,14,0,0,0,0,0,0,0,0,0,0,0,092,092,1.0000000000000002
361190008022004,36,119,000802,2004,422,159,64,1,42,0,107,49,422,166,256,144,55,0,42,0,4,11,145,145,0,0,0,0,0,0,0,0,0,0,0,092,090,1.0000000000000002
361190019001003,36,119,001900,1003,88,39,0,0,26,0,14,9,88,27,61,34,0,0,25,0,0,2,28,28,0,0,0,0,0,0,0,0,0,0,0,090,090,1.0000000000000002
361190018001005,36,119,001800,1005,22,6,6,0,7,0,0,3,22,5,17,6,4,0,7,0,0,0,4,4,0,0,0,0,0,0,0,0,0,0,0,090,090,0.9999999999999999
361190009001010,36,119,000900,1010,0,0,0,0,0,0,0,0,0,0,0,0,0,0,0,0,0,0,0,0,0,0,0,0,0,0,0,0,0,0,0,092,090,0.9999999999999998
361190021051017,36,119,002105,1017,30,21,1,0,7,0,0,1,30,4,26,18,1,0,7,0,0,0,10,10,0,0,0,0,0,0,0,0,0,0,0,090,090,1.0
361190021052017,36,119,002105,2017,41,37,1,0,1,0,2,0,41,3,38,37,0,0,1,0,0,0,20,20,0,0,0,0,0,0,0,0,0,0,0,090,090,1.0000000000000004
361190021031015,36,119,002103,1015,60,43,7,0,10,0,0,0,60,1,59,42,7,0,10,0,0,0,19,19,0,0,0,0,0,0,0,0,0,0,0,090,090,1.0000000000000002
361190021031009,36,119,002103,1009,66,60,0,0,4,0,2,0,66,3,63,60,0,0,2,0,1,0,23,23,0,0,0,0,0,0,0,0,0,0,0,090,090,1.0000000000000002
361190014012007,36,119,001401,2007,91,39,21,1,5,0,21,4,91,33,58,29,21,1,5,0,0,2,28,28,0,0,0,0,0,0,0,0,0,0,0,090,090,1.0
361190024053013,36,119,002405,3013,18,4,2,0,1,0,3,8,18,10,8,4,1,0,1,0,0,2,2,2,0,0,0,0,0,0,0,0,0,0,0,090,090,1.0
361190024053016,36,119,002405,3016,0,0,0,0,0,0,0,0,0,0,0,0,0,0,0,0,0,0,0,0,0,0,0,0,0,0,0,0,0,0,0,090,090,0.9999999999999996
361190024011001,36,119,002401,1001,694,334,187,1,29,0,89,54,694,180,514,309,162,0,29,0,0,14,386,374,12,0,0,0,0,0,0,0,0,0,0,090,090,0.9999999999999996
361190024051006,36,119,002405,1006,89,53,3,0,2,0,24,7,89,27,62,53,3,0,2,0,3,1,42,38,4,0,0,0,0,0,0,0,0,0,0,090,090,0.9999999999999999
361190024042000,36,119,002404,2000,53,29,4,0,10,0,7,3,53,15,38,25,1,0,10,0,0,2,23,23,0,0,0,0,0,0,0,0,0,0,0,090,090,1.0
361190024042005,36,119,002404,2005,53,11,1,0,2,0,33,6,53,18,35,11,1,0,2,0,15,6,18,6,12,0,0,0,0,0,0,0,0,0,0,090,090,1.0
361190024043002,36,119,002404,3002,269,93,54,0,15,0,72,35,269,116,153,78,54,0,15,0,2,4,112,112,0,0,0,0,0,0,0,0,0,0,0,090,090,1.0000000000000002
361190024043003,36,119,002404,3003,117,41,23,0,21,0,9,23,117,30,87,41,12,0,21,0,0,13,42,42,0,0,0,0,0,0,0,0,0,0,0,090,090,1.0000000000000004
361190024043004,36,119,002404,3004,103,37,0,0,8,0,23,35,103,53,50,35,0,0,8,0,0,7,29,28,1,0,0,0,0,0,0,0,0,0,0,090,090,1.0
361190024034014,36,119,002403,4014,40,16,7,0,0,0,8,9,40,11,29,16,6,0,0,0,2,5,12,12,0,0,0,0,0,0,0,0,0,0,0,090,090,1.0
361190015043001,36,119,001504,3001,94,52,3,0,16,0,8,15,94,22,72,48,3,0,16,0,0,5,34,34,0,0,0,0,0,0,0,0,0,0,0,089,089,1.0000000000000002
361190024034016,36,119,002403,4016,38,15,7,0,4,0,7,5,38,7,31,13,6,0,4,0,7,1,10,10,0,0,0,0,0,0,0,0,0,0,0,090,090,1.0
361190020003000,36,119,002000,3000,0,0,0,0,0,0,0,0,0,0,0,0,0,0,0,0,0,0,0,0,0,0,0,0,0,0,0,0,0,0,0,090,090,1.0000000000000002
361190003001001,36,119,000300,1001,0,0,0,0,0,0,0,0,0,0,0,0,0,0,0,0,0,0,0,0,0,0,0,0,0,0,0,0,0,0,0,090,090,0.9999999999999997
361190021031005,36,119,002103,1005,77,62,2,0,7,0,0,6,77,5,72,62,2,0,7,0,0,1,24,24,0,0,0,0,0,0,0,0,0,0,0,090,090,1.0000000000000002
361190021051001,36,119,002105,1001,45,29,0,0,6,0,9,1,45,13,32,25,0,0,6,0,0,1,10,10,0,0,0,0,0,0,0,0,0,0,0,090,090,1.0000000000000002
361190021051002,36,119,002105,1002,20,9,3,0,6,0,0,2,20,1,19,9,3,0,6,0,0,1,3,3,0,0,0,0,0,0,0,0,0,0,0,090,090,1.0000000000000002
361190021051007,36,119,002105,1007,136,94,4,0,20,0,13,5,136,21,115,91,2,0,20,0,1,1,35,35,0,9,0,0,0,0,0,9,0,0,9,090,090,1.0
361190014021003,36,119,001402,1003,57,44,0,0,5,0,0,8,57,9,48,41,0,0,3,0,0,4,20,20,0,0,0,0,0,0,0,0,0,0,0,090,090,1.0
361190014011004,36,119,001401,1004,70,48,3,0,0,0,11,8,70,25,45,40,3,0,0,0,0,2,22,22,0,0,0,0,0,0,0,0,0,0,0,090,090,0.9999999999999999
361190014013009,36,119,001401,3009,109,72,9,0,7,0,11,10,109,26,83,65,8,0,7,0,0,3,36,36,0,0,0,0,0,0,0,0,0,0,0,090,090,1.0
361190014013003,36,119,001401,3003,117,88,9,0,0,0,14,6,117,30,87,81,4,0,0,0,0,2,38,33,5,0,0,0,0,0,0,0,0,0,0,090,090,1.0
361190014022007,36,119,001402,2007,118,75,9,0,5,0,8,21,118,30,88,75,3,0,5,0,0,5,34,34,0,0,0,0,0,0,0,0,0,0,0,090,090,1.0
361190014034005,36,119,001403,4005,30,20,3,0,0,0,1,6,30,5,25,19,3,0,0,0,1,2,5,5,0,15,0,0,0,0,0,15,0,0,15,089,089,0.9999999999999998
361190024053009,36,119,002405,3009,119,47,18,0,0,0,43,11,119,49,70,47,18,0,0,0,1,4,56,47,9,0,0,0,0,0,0,0,0,0,0,090,090,1.0000000000000002
361190014013010,36,119,001401,3010,128,65,8,0,26,0,9,20,128,36,92,57,8,0,26,0,0,1,35,35,0,0,0,0,0,0,0,0,0,0,0,090,090,0.9999999999999999
361190013022003,36,119,001302,2003,258,47,49,2,28,0,87,45,258,141,117,42,42,1,28,0,2,2,109,97,12,0,0,0,0,0,0,0,0,0,0,089,089,0.9999999999999998
361190020004021,36,119,002000,4021,0,0,0,0,0,0,0,0,0,0,0,0,0,0,0,0,0,0,0,0,0,0,0,0,0,0,0,0,0,0,0,090,090,1.0000000000000022
361190014012002,36,119,001401,2002,59,15,10,0,6,0,7,21,59,27,32,14,10,0,6,0,0,2,24,24,0,0,0,0,0,0,0,0,0,0,0,090,090,1.0
361190014012008,36,119,001401,2008,82,31,19,1,0,0,19,12,82,48,34,16,17,0,0,0,0,1,38,38,0,0,0,0,0,0,0,0,0,0,0,090,090,0.9999999999999998
361190014012009,36,119,001401,2009,108,47,10,2,2,0,33,14,108,57,51,38,9,1,2,0,0,1,40,40,0,0,0,0,0,0,0,0,0,0,0,090,090,1.0000000000000002
361190024053008,36,119,002405,3008,227,117,32,0,14,0,53,11,227,82,145,103,23,0,14,0,0,5,116,116,0,0,0,0,0,0,0,0,0,0,0,090,090,1.0
361190024053004,36,119,002405,3004,155,95,4,0,2,0,34,20,155,58,97,85,2,0,2,0,5,3,65,65,0,0,0,0,0,0,0,0,0,0,0,090,090,1.0000000000000004
361190024053018,36,119,002405,3018,59,48,2,0,3,0,2,4,59,6,53,47,2,0,3,0,0,1,33,33,0,0,0,0,0,0,0,0,0,0,0,090,090,1.0000000000000002
361190024042010,36,119,002404,2010,50,26,4,0,5,0,14,1,50,16,34,26,3,0,5,0,0,0,30,29,1,0,0,0,0,0,0,0,0,0,0,090,090,0.9999999999999999
361190024053017,36,119,002405,3017,57,48,0,0,3,0,1,5,57,11,46,43,0,0,3,0,0,0,21,19,2,0,0,0,0,0,0,0,0,0,0,090,090,1.0
361190024053011,36,119,002405,3011,46,22,9,2,0,0,8,5,46,17,29,22,5,0,0,0,0,2,17,17,0,0,0,0,0,0,0,0,0,0,0,090,090,0.9999999999999998
361190024042011,36,119,002404,2011,104,46,10,4,11,0,25,8,104,40,64,42,10,0,11,0,0,1,51,51,0,0,0,0,0,0,0,0,0,0,0,090,090,1.0
361190024042012,36,119,002404,2012,118,65,15,0,0,0,20,18,118,37,81,61,14,0,0,0,2,4,52,48,4,0,0,0,0,0,0,0,0,0,0,090,090,1.0
361190024051003,36,119,002405,1003,0,0,0,0,0,0,0,0,0,0,0,0,0,0,0,0,0,0,0,0,0,0,0,0,0,0,0,0,0,0,0,090,090,1.0
361190024051008,36,119,002405,1008,28,9,10,0,1,0,0,8,28,16,12,8,3,0,1,0,0,0,6,6,0,0,0,0,0,0,0,0,0,0,0,090,090,1.0
361190024051007,36,119,002405,1007,100,64,3,0,6,0,13,14,100,27,73,64,0,0,6,0,0,3,42,29,13,0,0,0,0,0,0,0,0,0,0,090,090,1.0
361190024051011,36,119,002405,1011,52,34,2,0,0,1,6,9,52,13,39,33,2,0,0,0,0,4,19,15,4,0,0,0,0,0,0,0,0,0,0,090,090,1.0
361190024041001,36,119,002404,1001,0,0,0,0,0,0,0,0,0,0,0,0,0,0,0,0,0,0,0,0,0,0,0,0,0,0,0,0,0,0,0,090,090,1.0
361190024053001,36,119,002405,3001,63,24,1,0,22,0,7,9,63,22,41,14,0,0,22,0,2,3,25,25,0,0,0,0,0,0,0,0,0,0,0,090,090,1.0
361190024053002,36,119,002405,3002,71,12,1,0,28,0,19,11,71,32,39,10,1,0,28,0,0,0,24,24,0,0,0,0,0,0,0,0,0,0,0,090,090,1.0000000000000002
361190013011014,36,119,001301,1014,95,39,9,0,17,0,13,17,95,34,61,39,2,0,17,0,0,3,28,28,0,0,0,0,0,0,0,0,0,0,0,090,090,1.0000000000000002
361190009001000,36,119,000900,1000,62,26,15,0,5,0,9,7,62,13,49,26,15,0,5,0,0,3,18,18,0,0,0,0,0,0,0,0,0,0,0,090,090,0.9999999999999996
361190002053000,36,119,000205,3000,179,12,37,5,18,0,58,49,179,124,55,5,29,0,18,0,2,1,61,49,12,0,0,0,0,0,0,0,0,0,0,089,089,1.0000000000000002
361190002021004,36,119,000202,1004,62,14,4,0,4,0,26,14,62,40,22,11,4,0,4,0,0,3,19,7,12,0,0,0,0,0,0,0,0,0,0,089,089,1.0000000000000002
361190002023009,36,119,000202,3009,135,27,23,0,7,0,55,23,135,81,54,19,16,0,7,0,3,9,55,55,0,0,0,0,0,0,0,0,0,0,0,089,089,1.0000000000000002
361190002023007,36,119,000202,3007,457,116,129,6,10,0,125,71,457,233,224,89,117,0,10,0,0,8,198,193,5,0,0,0,0,0,0,0,0,0,0,089,089,0.9999999999999999
361190002033000,36,119,000203,3000,651,160,123,4,31,0,200,133,651,403,248,117,88,0,31,0,6,6,286,271,15,18,0,0,0,0,0,18,0,0,18,089,089,0.9999999999999999
361190002051001,36,119,000205,1001,440,43,143,6,14,0,168,66,440,269,171,22,120,0,13,0,3,13,194,193,1,0,0,0,0,0,0,0,0,0,0,089,089,1.0000000000000002
361190002051004,36,119,000205,1004,309,27,46,16,15,1,155,49,309,233,76,10,38,0,15,0,0,13,107,105,2,0,0,0,0,0,0,0,0,0,0,089,089,1.0000000000000002
361190002052001,36,119,000205,2001,312,31,115,9,6,0,118,33,312,201,111,10,91,2,6,0,0,2,120,105,15,0,0,0,0,0,0,0,0,0,0,089,089,1.0
361190002052000,36,119,000205,2000,672,98,95,9,13,1,315,141,672,504,168,42,89,0,13,0,13,11,299,286,13,0,0,0,0,0,0,0,0,0,0,089,089,0.9999999999999998
361190002033001,36,119,000203,3001,333,96,59,0,24,0,112,42,333,180,153,80,42,0,24,0,0,7,167,166,1,0,0,0,0,0,0,0,0,0,0,089,089,1.0000000000000002
361190002031005,36,119,000203,1005,62,34,6,1,4,0,3,14,62,11,51,34,3,0,4,0,1,9,13,0,13,0,0,0,0,0,0,0,0,0,0,089,089,1.0000000000000002
361190002031006,36,119,000203,1006,56,32,3,0,4,0,8,9,56,13,43,28,3,0,4,0,4,4,10,10,0,0,0,0,0,0,0,0,0,0,0,089,089,1.0
361190013051007,36,119,001305,1007,366,17,77,9,0,0,216,47,366,306,60,3,54,0,0,0,0,3,122,119,3,0,0,0,0,0,0,0,0,0,0,089,089,1.0000000000000002
361190002031000,36,119,000203,1000,135,26,29,0,0,0,54,26,135,84,51,26,24,0,0,0,0,1,53,52,1,0,0,0,0,0,0,0,0,0,0,089,089,1.0
361190002031004,36,119,000203,1004,70,22,0,0,5,0,36,7,70,39,31,19,0,0,5,0,6,1,21,21,0,0,0,0,0,0,0,0,0,0,0,089,089,1.0000000000000002
361190013052001,36,119,001305,2001,461,29,82,8,0,0,262,80,461,359,102,15,68,1,0,0,7,11,185,182,3,0,0,0,0,0,0,0,0,0,0,089,089,1.0000000000000002
361190013051001,36,119,001305,1001,129,19,11,4,20,0,60,15,129,95,34,5,7,0,19,0,0,3,31,24,7,0,0,0,0,0,0,0,0,0,0,089,089,1.0000000000000002
361190013051003,36,119,001305,1003,118,15,15,15,0,0,35,38,118,88,30,12,10,0,0,0,0,8,26,26,0,0,0,0,0,0,0,0,0,0,0,089,089,1.0
361190013013005,36,119,001301,3005,259,63,102,4,4,1,57,28,259,89,170,58,100,1,3,0,3,5,89,89,0,0,0,0,0,0,0,0,0,0,0,090,090,1.0000000000000002
361190013052002,36,119,001305,2002,646,89,199,2,28,0,220,108,646,366,280,43,178,2,28,0,7,22,267,247,20,0,0,0,0,0,0,0,0,0,0,089,089,1.0000000000000004
361190013051005,36,119,001305,1005,82,3,40,4,1,0,17,17,82,39,43,3,33,3,1,0,0,3,26,26,0,0,0,0,0,0,0,0,0,0,0,089,089,1.0
361190013042000,36,119,001304,2000,1228,112,238,10,41,0,658,169,1228,925,303,74,157,1,41,0,18,12,459,452,7,0,0,0,0,0,0,0,0,0,0,089,089,1.0
361190013041001,36,119,001304,1001,442,57,43,2,53,0,218,69,442,289,153,45,37,0,53,0,8,10,151,151,0,0,0,0,0,0,0,0,0,0,0,089,089,0.9999999999999997
361190012001001,36,119,001200,1001,231,3,53,19,14,0,128,14,231,164,67,0,52,0,14,0,0,1,65,57,8,0,0,0,0,0,0,0,0,0,0,090,090,1.0
361190011011005,36,119,001101,1005,505,45,55,3,14,0,314,74,505,437,68,9,37,0,14,0,1,7,139,129,10,0,0,0,0,0,0,0,0,0,0,090,090,1.0
361190012001000,36,119,001200,1000,175,21,18,4,23,0,83,26,175,123,52,13,15,0,23,0,0,1,53,51,2,0,0,0,0,0,0,0,0,0,0,090,090,1.0000000000000002
361190012001003,36,119,001200,1003,617,76,28,54,2,0,400,57,617,563,54,23,28,0,2,0,0,1,192,157,35,0,0,0,0,0,0,0,0,0,0,090,090,1.0
361190012001002,36,119,001200,1002,608,53,172,28,4,0,301,50,608,438,170,9,148,0,4,0,0,9,178,172,6,0,0,0,0,0,0,0,0,0,0,090,090,1.0
361190013012018,36,119,001301,2018,0,0,0,0,0,0,0,0,0,0,0,0,0,0,0,0,0,0,0,0,0,0,0,0,0,0,0,0,0,0,0,090,090,1.0000000000000002
361190022042000,36,119,002204,2000,12,6,0,0,0,0,0,6,12,6,6,6,0,0,0,0,0,0,1,1,0,0,0,0,0,0,0,0,0,0,0,090,090,1.0000000000000002
361190005012007,36,119,000501,2007,255,29,147,2,1,0,51,25,255,97,158,15,132,0,1,0,2,8,91,88,3,0,0,0,0,0,0,0,0,0,0,090,090,1.0000000000000002
361190008011003,36,119,000801,1003,0,0,0,0,0,0,0,0,0,0,0,0,0,0,0,0,0,0,0,0,0,0,0,0,0,0,0,0,0,0,0,090,090,1.0
361190015021000,36,119,001502,1000,0,0,0,0,0,0,0,0,0,0,0,0,0,0,0,0,0,0,0,0,0,0,0,0,0,0,0,0,0,0,0,089,089,1.0000000000000002
361190015051005,36,119,001505,1005,0,0,0,0,0,0,0,0,0,0,0,0,0,0,0,0,0,0,0,0,0,0,0,0,0,0,0,0,0,0,0,089,089,1.0000000000000002
361190021071009,36,119,002107,1009,0,0,0,0,0,0,0,0,0,0,0,0,0,0,0,0,0,0,0,0,0,0,0,0,0,0,0,0,0,0,0,090,090,0.9999999999999998
361190023001021,36,119,002300,1021,70,45,11,0,0,0,10,4,70,18,52,39,11,0,0,0,1,1,1,1,0,49,0,0,0,0,0,49,0,0,49,090,090,0.9999999999999997
361190011022007,36,119,001102,2007,62,10,13,4,8,0,15,12,62,25,37,10,13,2,8,0,0,4,12,12,0,0,0,0,0,0,0,0,0,0,0,090,090,0.9999999999999999
361190022012014,36,119,002201,2014,0,0,0,0,0,0,0,0,0,0,0,0,0,0,0,0,0,0,0,0,0,0,0,0,0,0,0,0,0,0,0,090,090,1.0000000000000007
361190013011001,36,119,001301,1001,0,0,0,0,0,0,0,0,0,0,0,0,0,0,0,0,0,0,0,0,0,0,0,0,0,0,0,0,0,0,0,090,090,1.000000000000001
361190014022001,36,119,001402,2001,41,23,0,0,0,0,7,11,41,19,22,21,0,0,0,0,1,0,14,14,0,0,0,0,0,0,0,0,0,0,0,090,090,1.0000000000000002
361190015032005,36,119,001503,2005,138,113,3,0,3,0,4,15,138,15,123,113,3,0,3,0,0,4,82,80,2,0,0,0,0,0,0,0,0,0,0,089,089,1.0
361190011012004,36,119,001101,2004,0,0,0,0,0,0,0,0,0,0,0,0,0,0,0,0,0,0,0,0,0,0,0,0,0,0,0,0,0,0,0,090,090,1.0
361190022011027,36,119,002201,1027,0,0,0,0,0,0,0,0,0,0,0,0,0,0,0,0,0,0,0,0,0,0,0,0,0,0,0,0,0,0,0,090,090,0.9999999999999997
361190020003009,36,119,002000,3009,0,0,0,0,0,0,0,0,0,0,0,0,0,0,0,0,0,0,0,0,0,0,0,0,0,0,0,0,0,0,0,090,090,1.0000000000000002
361190013013000,36,119,001301,3000,729,101,36,19,26,0,421,126,729,623,106,58,17,0,26,0,0,5,275,257,18,0,0,0,0,0,0,0,0,0,0,090,090,0.9999999999999999
361190004042002,36,119,000404,2002,131,13,47,0,1,0,30,40,131,75,56,2,47,0,1,0,2,4,56,56,0,0,0,0,0,0,0,0,0,0,0,089,089,1.0
361190022012004,36,119,002201,2004,240,174,9,0,16,0,19,22,240,42,198,169,9,0,16,0,0,4,157,157,0,0,0,0,0,0,0,0,0,0,0,090,090,0.9999999999999998
361190022012005,36,119,002201,2005,230,160,6,0,38,0,8,18,230,26,204,155,6,0,38,0,0,5,75,75,0,0,0,0,0,0,0,0,0,0,0,090,090,0.9999999999999998
361190022012006,36,119,002201,2006,95,62,3,2,10,0,10,8,95,16,79,62,2,2,10,0,3,0,30,23,7,0,0,0,0,0,0,0,0,0,0,090,090,0.9999999999999999
361190021042005,36,119,002104,2005,20,5,0,0,10,0,0,5,20,4,16,5,0,0,10,0,0,1,3,3,0,0,0,0,0,0,0,0,0,0,0,090,090,1.0
361190005012012,36,119,000501,2012,306,22,117,2,13,0,122,30,306,193,113,4,90,0,13,0,4,2,81,81,0,0,0,0,0,0,0,0,0,0,0,090,090,0.9999999999999994
361190018002000,36,119,001800,2000,150,14,68,1,11,0,32,24,150,70,80,9,55,0,10,0,0,6,48,48,0,0,0,0,0,0,0,0,0,0,0,090,090,1.000000000000001
361190001032002,36,119,000103,2002,2121,146,1213,18,122,0,461,161,2121,790,1331,37,1126,4,122,0,6,36,842,813,29,0,0,0,0,0,0,0,0,0,0,089,089,1.0000000000000002
361190022041014,36,119,002204,1014,0,0,0,0,0,0,0,0,0,0,0,0,0,0,0,0,0,0,0,0,0,0,0,0,0,0,0,0,0,0,0,090,090,1.0000000000000013
361190020002000,36,119,002000,2000,398,198,24,1,84,0,42,49,398,92,306,185,23,0,84,0,3,11,138,127,11,6,0,0,0,0,0,6,0,0,6,090,090,1.0000000000000002
361190020002004,36,119,002000,2004,163,117,0,5,17,0,10,14,163,31,132,112,0,0,17,0,3,0,53,53,0,0,0,0,0,0,0,0,0,0,0,090,090,0.9999999999999998
361190020001008,36,119,002000,1008,61,45,0,0,0,0,13,3,61,21,40,40,0,0,0,0,0,0,22,22,0,0,0,0,0,0,0,0,0,0,0,090,090,1.0
361190021042036,36,119,002104,2036,44,12,10,2,3,0,9,8,44,18,26,12,10,0,1,0,0,3,5,0,5,0,0,0,0,0,0,0,0,0,0,090,090,1.0000000000000002
361190021013002,36,119,002101,3002,108,64,1,1,13,0,17,12,108,32,76,61,1,0,13,0,0,1,29,24,5,0,0,0,0,0,0,0,0,0,0,090,090,1.0
361190021071007,36,119,002107,1007,243,35,79,0,76,0,36,17,243,59,184,32,75,0,76,0,1,0,123,123,0,0,0,0,0,0,0,0,0,0,0,090,090,0.9999999999999996
361190021062002,36,119,002106,2002,91,16,29,0,22,0,13,11,91,36,55,10,22,0,22,0,0,1,34,31,3,0,0,0,0,0,0,0,0,0,0,090,090,0.9999999999999997
361190021042013,36,119,002104,2013,78,15,21,0,2,0,34,6,78,47,31,8,21,0,2,0,0,0,25,25,0,0,0,0,0,0,0,0,0,0,0,090,090,1.0
361190021042035,36,119,002104,2035,29,6,0,3,0,0,6,14,29,14,15,6,0,0,0,0,1,8,3,3,0,0,0,0,0,0,0,0,0,0,0,090,090,1.0
361190021042017,36,119,002104,2017,33,22,3,0,5,0,0,3,33,3,30,22,3,0,5,0,0,0,12,12,0,0,0,0,0,0,0,0,0,0,0,090,090,0.9999999999999999
361190009001003,36,119,000900,1003,0,0,0,0,0,0,0,0,0,0,0,0,0,0,0,0,0,0,0,0,0,0,0,0,0,0,0,0,0,0,0,092,090,1.0
361190009001002,36,119,000900,1002,29,4,9,0,7,0,4,5,29,15,14,2,4,0,7,0,1,0,12,10,2,0,0,0,0,0,0,0,0,0,0,092,090,1.0
361190009001004,36,119,000900,1004,66,17,15,0,10,0,20,4,66,25,41,17,14,0,10,0,0,0,23,23,0,0,0,0,0,0,0,0,0,0,0,090,090,1.0
361190019001001,36,119,001900,1001,78,46,13,0,9,0,2,8,78,6,72,45,12,0,9,0,0,6,32,32,0,0,0,0,0,0,0,0,0,0,0,090,090,1.0
361190019001015,36,119,001900,1015,70,38,1,6,11,0,11,3,70,17,53,38,1,0,11,0,1,2,20,20,0,0,0,0,0,0,0,0,0,0,0,090,090,1.0
361190009001006,36,119,000900,1006,127,80,14,0,18,0,10,5,127,17,110,77,11,0,18,0,0,4,41,41,0,0,0,0,0,0,0,0,0,0,0,090,090,1.0000000000000004
361190019001011,36,119,001900,1011,63,39,9,2,0,2,4,7,63,14,49,39,8,0,0,0,0,2,18,18,0,0,0,0,0,0,0,0,0,0,0,090,090,1.0
361190019001013,36,119,001900,1013,30,9,1,0,6,0,0,14,30,10,20,9,1,0,5,0,0,5,6,6,0,0,0,0,0,0,0,0,0,0,0,090,090,0.9999999999999999
361190019001014,36,119,001900,1014,128,58,27,0,5,0,14,24,128,38,90,55,27,0,5,0,0,3,45,44,1,0,0,0,0,0,0,0,0,0,0,090,090,1.0
361190018001006,36,119,001800,1006,243,20,151,0,13,0,45,14,243,68,175,3,145,0,13,0,11,3,80,79,1,0,0,0,0,0,0,0,0,0,0,090,090,1.0000000000000002
361190019001008,36,119,001900,1008,59,27,9,0,5,0,5,13,59,18,41,24,8,0,5,0,0,4,19,19,0,0,0,0,0,0,0,0,0,0,0,090,090,1.0000000000000002
361190013011005,36,119,001301,1005,0,0,0,0,0,0,0,0,0,0,0,0,0,0,0,0,0,0,0,0,0,0,0,0,0,0,0,0,0,0,0,090,090,0.9999999999999998
361190013011002,36,119,001301,1002,0,0,0,0,0,0,0,0,0,0,0,0,0,0,0,0,0,0,0,0,0,0,0,0,0,0,0,0,0,0,0,090,090,1.0000000000000009
361190024033001,36,119,002403,3001,96,52,6,0,3,0,13,22,96,36,60,47,6,0,3,0,0,4,41,39,2,0,0,0,0,0,0,0,0,0,0,090,090,1.0
361190024031002,36,119,002403,1002,391,134,103,4,11,0,90,49,391,144,247,124,94,0,11,0,8,10,217,217,0,9,0,0,0,0,0,9,0,0,9,090,090,1.0000000000000002
361190022011033,36,119,002201,1033,24,16,5,0,0,0,2,1,24,5,19,14,5,0,0,0,0,0,11,11,0,0,0,0,0,0,0,0,0,0,0,090,090,0.9999999999999998
361190015021006,36,119,001502,1006,0,0,0,0,0,0,0,0,0,0,0,0,0,0,0,0,0,0,0,0,0,0,0,0,0,0,0,0,0,0,0,089,089,0.9999999999999997
361190021071008,36,119,002107,1008,19,1,7,0,8,0,1,2,19,3,16,1,7,0,8,0,0,0,12,12,0,0,0,0,0,0,0,0,0,0,0,090,090,1.0000000000000002
361190015032009,36,119,001503,2009,74,41,0,0,3,0,14,16,74,31,43,36,0,0,3,0,0,4,27,27,0,0,0,0,0,0,0,0,0,0,0,089,089,0.9999999999999998
361190015023006,36,119,001502,3006,139,96,1,0,4,0,24,14,139,37,102,92,1,0,4,0,0,5,57,57,0,0,0,0,0,0,0,0,0,0,0,089,089,0.9999999999999996
361190015043012,36,119,001504,3012,33,8,4,1,4,0,6,10,33,16,17,4,4,1,4,0,0,4,6,5,1,0,0,0,0,0,0,0,0,0,0,089,089,0.9999999999999999
361190022011007,36,119,002201,1007,62,52,3,0,4,0,3,0,62,3,59,52,3,0,4,0,0,0,17,17,0,0,0,0,0,0,0,0,0,0,0,090,090,1.0
361190021041015,36,119,002104,1015,31,14,0,0,16,0,1,0,31,1,30,14,0,0,16,0,0,0,7,7,0,0,0,0,0,0,0,0,0,0,0,090,090,1.0000000000000002
361190004033001,36,119,000403,3001,0,0,0,0,0,0,0,0,0,0,0,0,0,0,0,0,0,0,0,0,0,0,0,0,0,0,0,0,0,0,0,089,089,0.9999999999999993
361190009002001,36,119,000900,2001,39,28,5,0,0,0,6,0,39,6,33,28,5,0,0,0,0,0,20,17,3,0,0,0,0,0,0,0,0,0,0,092,092,0.9999999999999998
361190008011000,36,119,000801,1000,0,0,0,0,0,0,0,0,0,0,0,0,0,0,0,0,0,0,0,0,0,0,0,0,0,0,0,0,0,0,0,090,090,0.9999999999999999
361190009002005,36,119,000900,2005,0,0,0,0,0,0,0,0,0,0,0,0,0,0,0,0,0,0,0,0,0,0,0,0,0,0,0,0,0,0,0,092,092,1.0
361190022024008,36,119,002202,4008,111,65,9,0,13,0,11,13,111,22,89,65,8,0,13,0,1,2,32,29,3,0,0,0,0,0,0,0,0,0,0,090,090,0.9999999999999997
361190022043004,36,119,002204,3004,39,30,0,0,0,0,2,7,39,15,24,23,0,0,0,0,0,1,9,9,0,0,0,0,0,0,0,0,0,0,0,090,090,1.0
361190022044006,36,119,002204,4006,21,17,3,0,1,0,0,0,21,1,20,17,2,0,1,0,0,0,8,8,0,0,0,0,0,0,0,0,0,0,0,090,090,0.9999999999999998
361190022022006,36,119,002202,2006,20,9,6,0,3,0,0,2,20,9,11,5,3,0,3,0,0,0,6,6,0,0,0,0,0,0,0,0,0,0,0,090,090,1.0000000000000002
361190022011018,36,119,002201,1018,15,13,0,0,0,0,2,0,15,2,13,13,0,0,0,0,0,0,7,7,0,0,0,0,0,0,0,0,0,0,0,090,090,1.0
361190022012020,36,119,002201,2020,21,8,3,0,5,0,5,0,21,1,20,8,3,0,5,0,4,0,5,5,0,0,0,0,0,0,0,0,0,0,0,090,090,0.9999999999999998
361190021033005,36,119,002103,3005,58,43,0,0,2,0,2,11,58,12,46,43,0,0,2,0,0,1,17,17,0,0,0,0,0,0,0,0,0,0,0,090,090,1.0000000000000004
361190021033014,36,119,002103,3014,19,17,0,0,0,0,0,2,19,5,14,14,0,0,0,0,0,0,5,5,0,0,0,0,0,0,0,0,0,0,0,090,090,0.9999999999999998
361190021033018,36,119,002103,3018,61,55,0,0,0,0,0,6,61,3,58,55,0,0,0,0,0,3,16,16,0,0,0,0,0,0,0,0,0,0,0,090,090,1.0
361190021033024,36,119,002103,3024,0,0,0,0,0,0,0,0,0,0,0,0,0,0,0,0,0,0,0,0,0,0,0,0,0,0,0,0,0,0,0,090,090,1.0
361190006012003,36,119,000601,2003,139,7,32,4,0,0,64,32,139,103,36,1,28,1,0,0,0,6,30,30,0,0,0,0,0,0,0,0,0,0,0,090,090,1.0
361190005011000,36,119,000501,1000,177,16,30,1,24,0,76,30,177,120,57,7,26,0,24,0,0,0,64,64,0,0,0,0,0,0,0,0,0,0,0,090,090,1.0
361190021032009,36,119,002103,2009,8,3,0,0,2,0,0,3,8,3,5,3,0,0,2,0,0,0,1,1,0,0,0,0,0,0,0,0,0,0,0,090,090,0.9999999999999991
361190020004027,36,119,002000,4027,98,72,2,0,5,0,4,15,98,22,76,68,2,0,5,0,0,1,32,32,0,0,0,0,0,0,0,0,0,0,0,090,090,0.9999999999999997
361190022022003,36,119,002202,2003,320,281,10,0,11,0,7,11,320,24,296,272,9,0,11,0,0,4,214,210,4,0,0,0,0,0,0,0,0,0,0,090,090,0.9999999999999997
361190022041005,36,119,002204,1005,19,17,0,0,0,0,0,2,19,4,15,13,0,0,0,0,0,2,3,3,0,0,0,0,0,0,0,0,0,0,0,090,090,1.0
361190022041010,36,119,002204,1010,4,2,0,0,0,0,1,1,4,2,2,1,0,0,0,0,1,0,1,1,0,0,0,0,0,0,0,0,0,0,0,090,090,1.0000000000000002
361190019001010,36,119,001900,1010,89,53,6,0,3,0,19,8,89,29,60,48,6,0,3,0,2,1,32,32,0,0,0,0,0,0,0,0,0,0,0,090,090,0.9999999999999998
361190018001002,36,119,001800,1002,70,6,32,3,8,0,7,14,70,22,48,6,29,0,8,0,1,4,22,22,0,0,0,0,0,0,0,0,0,0,0,090,090,0.9999999999999998
361190020004002,36,119,002000,4002,0,0,0,0,0,0,0,0,0,0,0,0,0,0,0,0,0,0,0,0,0,0,0,0,0,0,0,0,0,0,0,090,090,0.999999999999998
361190021011004,36,119,002101,1004,77,44,3,0,13,0,9,8,77,14,63,43,3,0,13,0,4,0,28,28,0,0,0,0,0,0,0,0,0,0,0,090,090,0.9999999999999998
361190020004004,36,119,002000,4004,0,0,0,0,0,0,0,0,0,0,0,0,0,0,0,0,0,0,0,0,0,0,0,0,0,0,0,0,0,0,0,090,090,1.0
361190022031001,36,119,002203,1001,422,260,29,3,51,0,27,52,422,87,335,240,29,1,51,0,0,14,279,275,4,0,0,0,0,0,0,0,0,0,0,090,090,0.9999999999999999
361190022024014,36,119,002202,4014,60,53,2,0,2,0,0,3,60,2,58,53,2,0,2,0,0,1,21,21,0,0,0,0,0,0,0,0,0,0,0,090,090,1.0
361190022021003,36,119,002202,1003,37,24,4,0,0,0,1,8,37,8,29,18,4,0,0,0,1,6,7,7,0,0,0,0,0,0,0,0,0,0,0,090,090,1.0000000000000002
361190022044005,36,119,002204,4005,71,55,4,0,8,0,3,1,71,3,68,55,4,0,8,0,0,1,40,39,1,0,0,0,0,0,0,0,0,0,0,090,090,1.0000000000000007
361190022024020,36,119,002202,4020,85,76,0,0,6,0,0,3,85,3,82,76,0,0,6,0,0,0,33,29,4,0,0,0,0,0,0,0,0,0,0,090,090,1.0
361190022042012,36,119,002204,2012,109,88,6,0,13,0,0,2,109,11,98,78,6,0,13,0,0,1,0,0,0,109,0,0,0,0,0,109,109,0,0,090,090,1.0
361190022012012,36,119,002201,2012,49,32,7,0,8,0,2,0,49,7,42,27,7,0,8,0,0,0,15,15,0,0,0,0,0,0,0,0,0,0,0,090,090,0.9999999999999999
361190022023019,36,119,002202,3019,139,126,5,0,1,0,1,6,139,8,131,121,5,0,1,0,1,3,82,80,2,0,0,0,0,0,0,0,0,0,0,090,090,1.0
361190009003008,36,119,000900,3008,127,81,6,0,2,0,13,25,127,45,82,73,6,0,2,0,0,1,51,49,2,0,0,0,0,0,0,0,0,0,0,092,092,1.0
361190008022002,36,119,000802,2002,81,44,7,2,5,0,12,11,81,22,59,44,7,0,5,0,1,2,26,21,5,0,0,0,0,0,0,0,0,0,0,092,090,1.0
361190019001002,36,119,001900,1002,87,61,1,1,1,0,14,9,87,25,62,56,1,0,1,0,0,4,31,25,6,0,0,0,0,0,0,0,0,0,0,090,090,1.0000000000000002
361190021052013,36,119,002105,2013,31,22,0,0,4,0,0,5,31,5,26,20,0,0,4,0,0,2,7,7,0,0,0,0,0,0,0,0,0,0,0,090,090,1.0
361190021031016,36,119,002103,1016,33,24,0,0,0,0,0,9,33,8,25,23,0,0,0,0,0,2,11,11,0,0,0,0,0,0,0,0,0,0,0,090,090,0.9999999999999998
361190024053003,36,119,002405,3003,82,36,11,0,9,1,20,5,82,28,54,36,9,0,9,0,0,0,39,37,2,0,0,0,0,0,0,0,0,0,0,090,090,1.0
361190003002002,36,119,000300,2002,65,1,30,4,1,0,12,17,65,23,42,0,27,3,1,0,1,10,41,41,0,0,0,0,0,0,0,0,0,0,0,090,090,0.9999999999999999
361190001011000,36,119,000101,1000,99,2,36,0,7,0,29,25,99,58,41,2,28,0,7,0,0,4,33,33,0,0,0,0,0,0,0,0,0,0,0,089,089,1.0
361190001033004,36,119,000103,3004,22,0,1,0,0,0,7,14,22,14,8,0,1,0,0,0,0,7,11,10,1,0,0,0,0,0,0,0,0,0,0,089,089,0.9999999999999999
361190001033003,36,119,000103,3003,133,12,63,4,2,0,34,18,133,67,66,7,54,1,2,0,0,2,36,36,0,0,0,0,0,0,0,0,0,0,0,089,089,1.0
361190001011002,36,119,000101,1002,102,9,25,2,1,0,42,23,102,78,24,4,14,0,1,0,4,1,37,36,1,0,0,0,0,0,0,0,0,0,0,089,089,1.0000000000000002
361190001012001,36,119,000101,2001,75,6,6,7,6,0,30,20,75,62,13,5,0,0,6,0,1,1,17,17,0,0,0,0,0,0,0,0,0,0,0,090,090,0.9999999999999997
361190001034005,36,119,000103,4005,0,0,0,0,0,0,0,0,0,0,0,0,0,0,0,0,0,0,0,0,0,0,0,0,0,0,0,0,0,0,0,089,089,0.9999999999999994
361190002022000,36,119,000202,2000,81,16,11,0,23,0,25,6,81,34,47,10,9,0,23,0,4,1,25,17,8,0,0,0,0,0,0,0,0,0,0,089,089,1.0
361190002021000,36,119,000202,1000,85,25,19,0,2,0,23,16,85,39,46,17,15,0,2,0,0,12,38,38,0,0,0,0,0,0,0,0,0,0,0,089,089,1.0000000000000002
361190001011003,36,119,000101,1003,1499,109,526,26,19,0,616,203,1499,917,582,52,485,1,19,0,7,18,600,587,13,0,0,0,0,0,0,0,0,0,0,089,089,1.0
361190014034002,36,119,001403,4002,0,0,0,0,0,0,0,0,0,0,0,0,0,0,0,0,0,0,0,0,0,0,0,0,0,0,0,0,0,0,0,089,089,1.0
361190022012000,36,119,002201,2000,1,1,0,0,0,0,0,0,1,0,1,1,0,0,0,0,0,0,1,1,0,0,0,0,0,0,0,0,0,0,0,090,090,1.0000000000000002
361190021044001,36,119,002104,4001,494,221,67,0,21,0,119,66,494,205,289,195,67,0,21,0,2,4,276,272,4,0,0,0,0,0,0,0,0,0,0,090,090,1.0000000000000002
361190013011024,36,119,001301,1024,25,2,0,0,2,0,14,7,25,19,6,2,0,0,2,0,0,2,4,4,0,0,0,0,0,0,0,0,0,0,0,089,089,1.0
361190014033001,36,119,001403,3001,21,7,0,0,3,0,5,6,21,9,12,7,0,0,3,0,0,2,7,7,0,0,0,0,0,0,0,0,0,0,0,089,089,0.9999999999999998
361190008013000,36,119,000801,3000,205,93,46,1,6,0,34,25,205,62,143,89,44,1,5,0,0,4,92,92,0,0,0,0,0,0,0,0,0,0,0,090,090,1.0000000000000004
361190016002001,36,119,001600,2001,158,58,18,0,1,0,54,27,158,85,73,52,18,0,1,0,0,2,72,72,0,0,0,0,0,0,0,0,0,0,0,090,090,1.0000000000000002
361190005012006,36,119,000501,2006,140,10,56,4,2,0,34,34,140,78,62,3,56,0,1,0,0,2,56,47,9,0,0,0,0,0,0,0,0,0,0,090,090,0.9999999999999993
361190006012004,36,119,000601,2004,273,41,56,16,3,1,117,39,273,201,72,20,43,0,3,0,1,5,72,70,2,0,0,0,0,0,0,0,0,0,0,090,090,1.0
361190020004012,36,119,002000,4012,0,0,0,0,0,0,0,0,0,0,0,0,0,0,0,0,0,0,0,0,0,0,0,0,0,0,0,0,0,0,0,090,090,0.9999999999999999
361190015021002,36,119,001502,1002,0,0,0,0,0,0,0,0,0,0,0,0,0,0,0,0,0,0,0,0,0,0,0,0,0,0,0,0,0,0,0,089,089,0.9999999999999999
361190020004018,36,119,002000,4018,0,0,0,0,0,0,0,0,0,0,0,0,0,0,0,0,0,0,0,0,0,0,0,0,0,0,0,0,0,0,0,090,090,1.0000000000000002
361190024051002,36,119,002405,1002,0,0,0,0,0,0,0,0,0,0,0,0,0,0,0,0,0,0,0,0,0,0,0,0,0,0,0,0,0,0,0,090,090,1.0
361190022041016,36,119,002204,1016,7,0,0,2,2,0,0,3,7,5,2,0,0,0,2,0,0,0,1,0,1,0,0,0,0,0,0,0,0,0,0,090,090,1.0
361190014021001,36,119,001402,1001,102,84,3,0,3,0,9,3,102,16,86,80,3,0,3,0,0,0,32,29,3,0,0,0,0,0,0,0,0,0,0,090,090,1.0
361190014021002,36,119,001402,1002,71,46,2,1,2,0,10,10,71,20,51,43,2,0,2,0,1,3,24,22,2,0,0,0,0,0,0,0,0,0,0,090,090,1.0000000000000004
361190014021005,36,119,001402,1005,39,17,8,0,5,0,6,3,39,6,33,17,8,0,5,0,0,3,14,14,0,0,0,0,0,0,0,0,0,0,0,090,090,0.9999999999999999
361190014022008,36,119,001402,2008,106,62,0,0,14,0,23,7,106,26,80,61,0,0,14,0,4,1,35,35,0,0,0,0,0,0,0,0,0,0,0,090,090,1.0000000000000002
361190014021006,36,119,001402,1006,363,249,22,0,34,0,48,10,363,64,299,239,19,0,34,0,5,2,207,207,0,0,0,0,0,0,0,0,0,0,0,090,090,1.0000000000000002
361190014022002,36,119,001402,2002,76,47,6,0,11,0,6,6,76,12,64,45,6,0,9,0,0,4,17,17,0,0,0,0,0,0,0,0,0,0,0,090,090,1.0000000000000002
361190014034003,36,119,001403,4003,0,0,0,0,0,0,0,0,0,0,0,0,0,0,0,0,0,0,0,0,0,0,0,0,0,0,0,0,0,0,0,089,089,1.0
361190014034008,36,119,001403,4008,244,110,29,1,13,0,62,29,244,90,154,102,27,1,12,0,7,5,109,95,14,0,0,0,0,0,0,0,0,0,0,089,089,1.0000000000000002
361190006012006,36,119,000601,2006,167,28,68,1,0,0,44,26,167,98,69,12,53,0,0,0,0,4,71,62,9,0,0,0,0,0,0,0,0,0,0,090,090,1.0000000000000002
361190005012001,36,119,000501,2001,33,8,6,2,0,0,10,7,33,18,15,8,6,0,0,0,1,0,10,10,0,0,0,0,0,0,0,0,0,0,0,090,090,1.0
361190005012010,36,119,000501,2010,72,11,27,4,0,0,18,12,72,36,36,9,24,0,0,0,0,3,28,23,5,0,0,0,0,0,0,0,0,0,0,090,090,1.0
361190003003000,36,119,000300,3000,132,0,9,7,4,0,98,14,132,120,12,0,7,0,4,0,0,1,36,36,0,0,0,0,0,0,0,0,0,0,0,090,090,0.9999999999999998
361190010002006,36,119,001000,2006,108,32,22,1,0,0,49,4,108,71,37,12,21,1,0,0,1,2,54,54,0,0,0,0,0,0,0,0,0,0,0,090,090,0.9999999999999998
361190011011001,36,119,001101,1001,120,21,38,6,0,0,49,6,120,75,45,16,29,0,0,0,0,0,38,37,1,0,0,0,0,0,0,0,0,0,0,090,090,1.0
361190011012001,36,119,001101,2001,170,32,34,2,0,0,83,19,170,132,38,16,22,0,0,0,0,0,51,48,3,0,0,0,0,0,0,0,0,0,0,090,090,1.0
361190011012006,36,119,001101,2006,197,13,36,7,2,1,102,36,197,153,44,5,29,0,2,0,2,6,60,55,5,0,0,0,0,0,0,0,0,0,0,090,090,0.9999999999999999
361190011011002,36,119,001101,1002,468,73,114,11,3,0,206,61,468,328,140,41,92,0,3,0,3,1,148,122,26,0,0,0,0,0,0,0,0,0,0,090,090,1.0000000000000002
361190011012007,36,119,001101,2007,180,37,42,3,0,0,83,15,180,131,49,2,41,0,0,0,4,2,57,57,0,0,0,0,0,0,0,0,0,0,0,090,090,1.0
361190011011000,36,119,001101,1000,289,38,64,5,0,0,143,39,289,202,87,28,53,0,0,0,3,3,76,66,10,0,0,0,0,0,0,0,0,0,0,090,090,1.0
361190006011000,36,119,000601,1000,0,0,0,0,0,0,0,0,0,0,0,0,0,0,0,0,0,0,0,0,0,0,0,0,0,0,0,0,0,0,0,090,090,1.0
361190005012000,36,119,000501,2000,0,0,0,0,0,0,0,0,0,0,0,0,0,0,0,0,0,0,0,0,0,0,0,0,0,0,0,0,0,0,0,090,090,0.9999999999999998
361190008021004,36,119,000802,1004,0,0,0,0,0,0,0,0,0,0,0,0,0,0,0,0,0,0,0,0,0,0,0,0,0,0,0,0,0,0,0,090,090,0.9999999999999997
361190010002002,36,119,001000,2002,37,5,13,0,0,0,16,3,37,21,16,3,13,0,0,0,0,0,13,10,3,0,0,0,0,0,0,0,0,0,0,090,090,0.9999999999999998
361190016004011,36,119,001600,4011,164,58,26,4,1,0,30,45,164,102,62,33,24,0,1,0,0,4,58,51,7,0,0,0,0,0,0,0,0,0,0,090,090,1.0000000000000002
361190010002009,36,119,001000,2009,57,24,10,0,2,0,8,13,57,21,36,21,10,0,0,0,0,5,16,16,0,0,0,0,0,0,0,0,0,0,0,090,090,1.0
361190010001002,36,119,001000,1002,133,23,46,2,1,0,35,26,133,72,61,15,43,1,1,0,0,1,55,52,3,0,0,0,0,0,0,0,0,0,0,090,090,1.0000000000000002
361190011021001,36,119,001102,1001,272,31,82,6,10,0,118,25,272,164,108,15,79,0,10,0,1,3,92,86,6,0,0,0,0,0,0,0,0,0,0,090,090,0.9999999999999999
361190011021004,36,119,001102,1004,127,60,23,0,0,0,43,1,127,50,77,52,20,0,0,0,4,1,49,49,0,0,0,0,0,0,0,0,0,0,0,090,090,1.0
361190010001000,36,119,001000,1000,240,43,70,7,7,0,87,26,240,123,117,43,64,1,6,0,0,3,89,85,4,0,0,0,0,0,0,0,0,0,0,090,090,0.9999999999999999
361190001032003,36,119,000103,2003,248,34,94,7,0,0,66,47,248,131,117,10,88,0,0,0,11,8,88,80,8,0,0,0,0,0,0,0,0,0,0,089,089,1.0000000000000002
361190001031003,36,119,000103,1003,133,26,61,0,3,1,21,21,133,34,99,19,61,0,3,1,4,11,78,78,0,16,0,0,0,0,0,16,0,0,16,089,089,1.0000000000000002
361190001032004,36,119,000103,2004,121,31,23,0,7,0,48,12,121,63,58,24,20,0,7,0,2,5,34,29,5,0,0,0,0,0,0,0,0,0,0,089,089,1.0
361190024035000,36,119,002403,5000,0,0,0,0,0,0,0,0,0,0,0,0,0,0,0,0,0,0,0,0,0,0,0,0,0,0,0,0,0,0,0,090,090,0.9999999999999998
361190013011017,36,119,001301,1017,54,32,6,0,3,1,5,7,54,15,39,29,4,0,3,0,1,2,18,18,0,0,0,0,0,0,0,0,0,0,0,089,089,1.0000000000000002
361190013021007,36,119,001302,1007,352,42,92,9,12,5,122,70,352,229,123,18,78,2,12,0,3,10,101,101,0,0,0,0,0,0,0,0,0,0,0,089,089,1.0
361190013022000,36,119,001302,2000,141,67,15,4,5,0,22,28,141,40,101,65,15,2,5,0,9,5,89,88,1,0,0,0,0,0,0,0,0,0,0,089,089,1.0
361190013023002,36,119,001302,3002,391,67,85,8,45,0,135,51,391,211,180,50,80,0,45,0,2,3,165,156,9,0,0,0,0,0,0,0,0,0,0,089,089,1.0
361190013022001,36,119,001302,2001,143,45,20,2,12,0,41,23,143,64,79,42,15,1,12,0,6,3,60,54,6,0,0,0,0,0,0,0,0,0,0,089,089,1.0
361190013023000,36,119,001302,3000,393,137,21,6,72,0,108,49,393,187,206,109,17,2,72,0,1,5,148,142,6,0,0,0,0,0,0,0,0,0,0,089,089,0.9999999999999997
361190013011016,36,119,001301,1016,63,36,5,1,6,0,5,10,63,12,51,36,5,0,6,0,0,4,23,23,0,0,0,0,0,0,0,0,0,0,0,089,089,1.0
361190013011025,36,119,001301,1025,46,34,3,0,1,0,2,6,46,7,39,33,3,0,1,0,0,2,21,21,0,0,0,0,0,0,0,0,0,0,0,089,089,1.0
361190014032004,36,119,001403,2004,51,9,6,0,6,0,16,14,51,34,17,5,2,0,6,0,2,2,6,0,6,0,0,0,0,0,0,0,0,0,0,089,089,1.0000000000000002
361190014014002,36,119,001401,4002,21,5,1,0,4,0,6,5,21,7,14,4,1,0,3,0,3,3,5,1,4,0,0,0,0,0,0,0,0,0,0,090,090,1.0000000000000002
361190024022003,36,119,002402,2003,1049,465,181,2,63,0,189,149,1049,367,682,392,161,1,62,0,21,45,628,589,39,0,0,0,0,0,0,0,0,0,0,090,090,0.9999999999999998
361190008011002,36,119,000801,1002,1048,606,79,7,50,0,179,127,1048,341,707,561,79,5,50,0,2,10,550,525,25,0,0,0,0,0,0,0,0,0,0,090,090,0.9999999999999997
361190008011004,36,119,000801,1004,330,149,64,3,22,0,40,52,330,101,229,134,59,0,22,0,4,10,169,160,9,0,0,0,0,0,0,0,0,0,0,090,090,1.0000000000000002
361190008011001,36,119,000801,1001,0,0,0,0,0,0,0,0,0,0,0,0,0,0,0,0,0,0,0,0,0,0,0,0,0,0,0,0,0,0,0,090,090,1.0000000000000002
361190008015002,36,119,000801,5002,221,120,18,1,24,0,38,20,221,62,159,113,12,1,22,0,3,8,103,102,1,0,0,0,0,0,0,0,0,0,0,090,090,1.0000000000000002
361190007023000,36,119,000702,3000,349,60,120,11,9,0,97,52,349,158,191,53,113,4,8,0,0,13,155,139,16,0,0,0,0,0,0,0,0,0,0,090,090,1.0
361190009002018,36,119,000900,2018,0,0,0,0,0,0,0,0,0,0,0,0,0,0,0,0,0,0,0,0,0,0,0,0,0,0,0,0,0,0,0,092,092,1.0
361190007012007,36,119,000701,2007,151,90,23,0,11,0,22,5,151,34,117,84,21,0,11,0,0,1,52,52,0,0,0,0,0,0,0,0,0,0,0,090,090,1.0000000000000007
361190007012006,36,119,000701,2006,77,36,12,0,0,0,14,15,77,35,42,31,7,0,0,0,0,4,24,24,0,0,0,0,0,0,0,0,0,0,0,090,090,1.0000000000000002
361190007012004,36,119,000701,2004,88,55,7,0,2,0,17,7,88,29,59,50,3,0,2,0,0,4,28,28,0,0,0,0,0,0,0,0,0,0,0,090,090,1.0000000000000002
361190007012003,36,119,000701,2003,74,40,1,0,9,0,10,14,74,24,50,37,1,0,9,0,3,0,22,20,2,0,0,0,0,0,0,0,0,0,0,092,092,1.0
361190008014001,36,119,000801,4001,71,40,17,0,0,0,4,10,71,16,55,40,12,0,0,0,1,2,25,20,5,0,0,0,0,0,0,0,0,0,0,090,090,1.0
361190006022001,36,119,000602,2001,336,108,84,2,32,0,82,28,336,118,218,93,83,1,31,0,0,10,138,128,10,7,0,0,0,0,0,7,0,0,7,090,090,1.0
361190008015001,36,119,000801,5001,757,391,76,1,103,0,106,80,757,213,544,348,76,1,103,0,0,16,353,353,0,0,0,0,0,0,0,0,0,0,0,090,090,0.9999999999999998
361190008012002,36,119,000801,2002,204,88,30,1,17,0,44,24,204,74,130,72,27,0,17,0,9,5,70,59,11,0,0,0,0,0,0,0,0,0,0,090,090,0.9999999999999999
361190022023015,36,119,002202,3015,28,18,4,0,5,0,1,0,28,1,27,18,4,0,5,0,0,0,7,7,0,0,0,0,0,0,0,0,0,0,0,090,090,1.0000000000000002
361190021033012,36,119,002103,3012,44,42,0,0,0,0,0,2,44,1,43,42,0,0,0,0,0,1,15,15,0,0,0,0,0,0,0,0,0,0,0,090,090,1.0
361190021032005,36,119,002103,2005,79,64,2,0,5,0,0,8,79,10,69,62,2,0,5,0,0,0,25,25,0,0,0,0,0,0,0,0,0,0,0,090,090,1.0
361190021032007,36,119,002103,2007,46,38,1,0,6,0,0,1,46,0,46,38,1,0,6,0,0,1,16,16,0,0,0,0,0,0,0,0,0,0,0,090,090,1.0000000000000004
361190021033006,36,119,002103,3006,66,63,0,0,0,0,0,3,66,1,65,63,0,0,0,0,0,2,22,22,0,0,0,0,0,0,0,0,0,0,0,090,090,0.9999999999999998
361190021033028,36,119,002103,3028,0,0,0,0,0,0,0,0,0,0,0,0,0,0,0,0,0,0,0,0,0,0,0,0,0,0,0,0,0,0,0,090,090,0.9999999999999999
361190023001022,36,119,002300,1022,0,0,0,0,0,0,0,0,0,0,0,0,0,0,0,0,0,0,0,0,0,0,0,0,0,0,0,0,0,0,0,090,090,1.0000000000000002
361190014013008,36,119,001401,3008,46,28,0,0,0,0,15,3,46,14,32,28,0,0,0,0,2,2,21,17,4,0,0,0,0,0,0,0,0,0,0,090,090,1.0
361190014022004,36,119,001402,2004,124,93,5,1,12,0,11,2,124,10,114,93,5,0,12,0,2,2,36,32,4,0,0,0,0,0,0,0,0,0,0,090,090,1.0
361190014022009,36,119,001402,2009,31,12,1,0,9,0,1,8,31,4,27,10,1,0,9,0,1,6,9,9,0,0,0,0,0,0,0,0,0,0,0,090,090,0.9999999999999998
361190015033001,36,119,001503,3001,82,63,7,0,1,0,4,7,82,13,69,61,7,0,1,0,0,0,25,25,0,0,0,0,0,0,0,0,0,0,0,089,089,0.9999999999999996
361190015033007,36,119,001503,3007,88,77,5,0,3,0,1,2,88,2,86,77,5,0,3,0,0,1,38,31,7,0,0,0,0,0,0,0,0,0,0,089,089,1.0000000000000002
361190009002010,36,119,000900,2010,13,8,4,0,0,0,0,1,13,6,7,7,0,0,0,0,0,0,2,2,0,0,0,0,0,0,0,0,0,0,0,092,092,0.9999999999999999
361190022043010,36,119,002204,3010,389,295,22,0,61,1,8,2,389,35,354,270,22,0,61,0,0,1,8,0,8,379,0,0,0,0,0,379,379,0,0,090,090,1.0000000000000004
361190024011017,36,119,002401,1017,131,84,22,0,3,0,9,13,131,22,109,83,19,0,3,0,1,3,79,75,4,0,0,0,0,0,0,0,0,0,0,090,090,0.9999999999999997
361190024032003,36,119,002403,2003,46,22,3,0,8,0,4,9,46,13,33,22,1,0,8,0,2,0,17,17,0,0,0,0,0,0,0,0,0,0,0,090,090,1.0000000000000002
361190024033005,36,119,002403,3005,73,42,1,0,6,0,14,10,73,21,52,42,1,0,5,0,0,4,31,31,0,0,0,0,0,0,0,0,0,0,0,090,090,1.0
361190024033002,36,119,002403,3002,56,37,7,2,1,0,0,9,56,8,48,34,7,0,1,0,0,6,14,12,2,0,0,0,0,0,0,0,0,0,0,090,090,0.9999999999999997
361190024033000,36,119,002403,3000,79,55,0,3,2,0,12,7,79,20,59,53,0,0,2,0,1,3,35,32,3,0,0,0,0,0,0,0,0,0,0,090,090,1.0
361190024033003,36,119,002403,3003,54,31,6,0,1,0,8,8,54,17,37,23,6,0,0,0,0,8,25,25,0,0,0,0,0,0,0,0,0,0,0,090,090,1.0
361190024032004,36,119,002403,2004,100,54,5,1,7,0,18,15,100,32,68,52,5,1,7,0,0,3,34,34,0,0,0,0,0,0,0,0,0,0,0,090,090,0.9999999999999998
361190024032000,36,119,002403,2000,68,32,8,0,8,0,6,14,68,20,48,32,8,0,8,0,0,0,15,11,4,0,0,0,0,0,0,0,0,0,0,090,090,1.0
361190024031005,36,119,002403,1005,280,152,39,0,8,0,59,22,280,91,189,147,31,0,8,0,1,2,118,118,0,0,0,0,0,0,0,0,0,0,0,090,090,0.9999999999999993
361190007022000,36,119,000702,2000,0,0,0,0,0,0,0,0,0,0,0,0,0,0,0,0,0,0,0,0,0,0,0,0,0,0,0,0,0,0,0,090,092,1.0000000000000004
361190020001006,36,119,002000,1006,158,92,1,2,13,0,16,34,158,58,100,86,1,0,10,0,0,3,49,42,7,0,0,0,0,0,0,0,0,0,0,090,090,0.9999999999999994
361190020001007,36,119,002000,1007,76,39,1,1,22,0,5,8,76,14,62,39,0,0,22,0,0,1,22,14,8,0,0,0,0,0,0,0,0,0,0,090,090,1.0
361190021013004,36,119,002101,3004,105,53,4,0,30,0,3,15,105,20,85,53,2,0,27,0,0,3,37,37,0,0,0,0,0,0,0,0,0,0,0,090,090,0.9999999999999997
361190021051016,36,119,002105,1016,250,190,19,0,30,0,8,3,250,10,240,188,19,0,30,0,0,3,109,98,11,81,0,0,0,0,0,81,0,0,81,090,090,1.0000000000000007
361190021042011,36,119,002104,2011,65,42,3,0,7,0,7,6,65,16,49,38,3,0,7,0,1,0,22,22,0,0,0,0,0,0,0,0,0,0,0,090,090,1.0000000000000002
361190021042022,36,119,002104,2022,22,7,0,0,8,0,0,7,22,5,17,7,0,0,8,0,0,2,8,8,0,0,0,0,0,0,0,0,0,0,0,090,090,1.0
361190021071006,36,119,002107,1006,103,85,3,0,14,0,0,1,103,5,98,82,2,0,14,0,0,0,36,28,8,0,0,0,0,0,0,0,0,0,0,090,090,1.0
361190014022012,36,119,001402,2012,0,0,0,0,0,0,0,0,0,0,0,0,0,0,0,0,0,0,0,0,0,0,0,0,0,0,0,0,0,0,0,089,089,1.0000000000000002
361190014022013,36,119,001402,2013,0,0,0,0,0,0,0,0,0,0,0,0,0,0,0,0,0,0,0,0,0,0,0,0,0,0,0,0,0,0,0,089,089,0.9999999999999998
361190014022010,36,119,001402,2010,0,0,0,0,0,0,0,0,0,0,0,0,0,0,0,0,0,0,0,0,0,0,0,0,0,0,0,0,0,0,0,089,089,0.9999999999999998
361190014022000,36,119,001402,2000,14,8,0,1,3,0,0,2,14,2,12,8,0,0,3,0,0,1,5,5,0,0,0,0,0,0,0,0,0,0,0,090,090,1.0000000000000002
361190015033000,36,119,001503,3000,28,9,9,0,3,0,2,5,28,9,19,9,6,0,3,0,0,1,10,9,1,0,0,0,0,0,0,0,0,0,0,089,089,0.9999999999999997
361190014034010,36,119,001403,4010,0,0,0,0,0,0,0,0,0,0,0,0,0,0,0,0,0,0,0,0,0,0,0,0,0,0,0,0,0,0,0,089,089,1.0
361190015033002,36,119,001503,3002,53,47,2,0,0,0,2,2,53,4,49,47,2,0,0,0,0,0,16,6,10,0,0,0,0,0,0,0,0,0,0,089,089,0.9999999999999999
361190015032003,36,119,001503,2003,42,21,0,0,3,0,5,13,42,18,24,19,0,0,3,0,2,0,14,14,0,0,0,0,0,0,0,0,0,0,0,089,089,1.0
361190015033004,36,119,001503,3004,99,82,0,0,3,0,3,11,99,15,84,80,0,0,3,0,0,1,30,19,11,0,0,0,0,0,0,0,0,0,0,089,089,1.0
361190015033010,36,119,001503,3010,27,20,1,0,2,0,0,4,27,4,23,20,1,0,2,0,0,0,7,7,0,0,0,0,0,0,0,0,0,0,0,089,089,1.0
361190014012010,36,119,001401,2010,0,0,0,0,0,0,0,0,0,0,0,0,0,0,0,0,0,0,0,0,0,0,0,0,0,0,0,0,0,0,0,090,090,1.0000000000000004
361190014013013,36,119,001401,3013,33,21,3,1,5,0,2,1,33,3,30,20,3,0,5,0,1,1,8,8,0,0,0,0,0,0,0,0,0,0,0,090,090,1.0
361190014012006,36,119,001401,2006,56,21,1,0,10,0,9,15,56,23,33,21,1,0,10,0,0,1,26,21,5,0,0,0,0,0,0,0,0,0,0,090,090,0.9999999999999999
361190014013012,36,119,001401,3012,77,51,0,2,1,0,3,20,77,24,53,42,0,0,1,0,0,10,21,21,0,14,0,0,0,0,0,14,0,0,14,090,090,1.0
361190015033005,36,119,001503,3005,101,71,0,0,11,0,5,14,101,18,83,71,0,0,11,0,0,1,38,38,0,0,0,0,0,0,0,0,0,0,0,089,089,1.0000000000000002
361190015033006,36,119,001503,3006,102,88,0,0,9,0,0,5,102,9,93,84,0,0,9,0,0,0,44,44,0,0,0,0,0,0,0,0,0,0,0,089,089,0.9999999999999998
361190014012011,36,119,001401,2011,0,0,0,0,0,0,0,0,0,0,0,0,0,0,0,0,0,0,0,0,0,0,0,0,0,0,0,0,0,0,0,090,090,1.0000000000000002
361190014011006,36,119,001401,1006,81,55,5,0,8,0,9,4,81,30,51,42,1,0,8,0,0,0,26,11,15,0,0,0,0,0,0,0,0,0,0,090,090,1.0
361190024052001,36,119,002405,2001,99,59,0,0,11,0,15,14,99,22,77,59,0,0,11,0,5,2,42,38,4,0,0,0,0,0,0,0,0,0,0,090,090,0.9999999999999999
361190024052007,36,119,002405,2007,137,65,5,0,12,0,47,8,137,47,90,64,5,0,12,0,8,1,55,52,3,0,0,0,0,0,0,0,0,0,0,090,090,1.0000000000000002
361190014011005,36,119,001401,1005,83,60,0,0,2,0,13,8,83,22,61,58,0,0,2,0,0,1,33,33,0,0,0,0,0,0,0,0,0,0,0,090,090,1.0000000000000002
361190024052006,36,119,002405,2006,208,96,15,0,4,0,74,19,208,108,100,79,15,0,4,0,0,2,74,62,12,0,0,0,0,0,0,0,0,0,0,090,090,0.9999999999999999
361190024052000,36,119,002405,2000,55,28,7,0,1,0,18,1,55,18,37,26,7,0,0,0,4,0,29,27,2,0,0,0,0,0,0,0,0,0,0,090,090,1.0
361190024053006,36,119,002405,3006,37,23,3,0,3,0,7,1,37,9,28,23,2,0,3,0,0,0,17,17,0,0,0,0,0,0,0,0,0,0,0,090,090,1.0
361190024052005,36,119,002405,2005,262,147,35,1,14,0,27,38,262,77,185,138,31,0,12,0,4,0,97,97,0,0,0,0,0,0,0,0,0,0,0,090,090,0.9999999999999999
361190001033000,36,119,000103,3000,0,0,0,0,0,0,0,0,0,0,0,0,0,0,0,0,0,0,0,0,0,0,0,0,0,0,0,0,0,0,0,089,089,1.0000000000000002
361190022044000,36,119,002204,4000,0,0,0,0,0,0,0,0,0,0,0,0,0,0,0,0,0,0,0,0,0,0,0,0,0,0,0,0,0,0,0,090,090,1.0000000000000002
361190021051010,36,119,002105,1010,0,0,0,0,0,0,0,0,0,0,0,0,0,0,0,0,0,0,0,0,0,0,0,0,0,0,0,0,0,0,0,090,090,0.9999999999999998
361190021061001,36,119,002106,1001,1106,225,398,4,221,0,197,61,1106,296,810,199,366,0,221,0,6,18,424,408,16,0,0,0,0,0,0,0,0,0,0,090,090,1.0000000000000004
361190024051001,36,119,002405,1001,0,0,0,0,0,0,0,0,0,0,0,0,0,0,0,0,0,0,0,0,0,0,0,0,0,0,0,0,0,0,0,090,090,0.9999999999999998
361190024042006,36,119,002404,2006,104,41,13,0,17,0,13,20,104,32,72,41,13,0,17,0,0,1,29,29,0,0,0,0,0,0,0,0,0,0,0,090,090,0.9999999999999998
361190015043003,36,119,001504,3003,0,0,0,0,0,0,0,0,0,0,0,0,0,0,0,0,0,0,0,0,0,0,0,0,0,0,0,0,0,0,0,089,089,1.0000000000000004
361190024034015,36,119,002403,4015,59,25,12,0,14,0,1,7,59,7,52,25,8,0,14,0,0,5,15,15,0,0,0,0,0,0,0,0,0,0,0,090,090,1.0
361190015051002,36,119,001505,1002,0,0,0,0,0,0,0,0,0,0,0,0,0,0,0,0,0,0,0,0,0,0,0,0,0,0,0,0,0,0,0,089,089,0.999999999999999
361190021052006,36,119,002105,2006,23,17,0,0,1,0,3,2,23,5,18,17,0,0,1,0,0,0,7,7,0,0,0,0,0,0,0,0,0,0,0,090,090,1.0
361190014014005,36,119,001401,4005,94,48,9,0,2,0,27,8,94,35,59,45,7,0,2,0,2,3,38,38,0,0,0,0,0,0,0,0,0,0,0,090,090,1.0
361190024041002,36,119,002404,1002,0,0,0,0,0,0,0,0,0,0,0,0,0,0,0,0,0,0,0,0,0,0,0,0,0,0,0,0,0,0,0,090,090,1.0
361190024031010,36,119,002403,1010,0,0,0,0,0,0,0,0,0,0,0,0,0,0,0,0,0,0,0,0,0,0,0,0,0,0,0,0,0,0,0,090,090,1.0000000000000002
361190009001014,36,119,000900,1014,0,0,0,0,0,0,0,0,0,0,0,0,0,0,0,0,0,0,0,0,0,0,0,0,0,0,0,0,0,0,0,092,092,0.9999999999999996
361190008022005,36,119,000802,2005,76,46,8,1,4,0,6,11,76,20,56,43,3,1,4,0,2,3,30,27,3,0,0,0,0,0,0,0,0,0,0,092,090,1.0000000000000002
361190021052016,36,119,002105,2016,43,36,0,0,3,0,1,3,43,8,35,28,0,0,3,0,1,3,10,10,0,0,0,0,0,0,0,0,0,0,0,090,090,0.9999999999999999
361190021052007,36,119,002105,2007,47,24,0,0,13,0,5,5,47,9,38,24,0,0,13,0,0,1,13,13,0,0,0,0,0,0,0,0,0,0,0,090,090,0.9999999999999993
361190024053005,36,119,002405,3005,84,35,2,0,22,0,12,13,84,24,60,35,2,0,22,0,0,1,34,31,3,0,0,0,0,0,0,0,0,0,0,090,090,1.0000000000000002
361190024053012,36,119,002405,3012,0,0,0,0,0,0,0,0,0,0,0,0,0,0,0,0,0,0,0,0,0,0,0,0,0,0,0,0,0,0,0,090,090,1.0000000000000004
361190024041000,36,119,002404,1000,0,0,0,0,0,0,0,0,0,0,0,0,0,0,0,0,0,0,0,0,0,0,0,0,0,0,0,0,0,0,0,090,090,0.9999999999999998
361190015023003,36,119,001502,3003,153,93,11,0,19,0,10,20,153,23,130,91,11,0,19,0,1,8,60,60,0,0,0,0,0,0,0,0,0,0,0,089,089,1.0
361190015023001,36,119,001502,3001,150,122,9,1,4,0,8,6,150,14,136,120,9,1,2,0,0,4,51,46,5,0,0,0,0,0,0,0,0,0,0,089,089,1.0000000000000002
361190024034005,36,119,002403,4005,96,32,15,0,2,0,24,23,96,47,49,30,10,0,2,0,0,7,31,24,7,0,0,0,0,0,0,0,0,0,0,090,090,1.0
361190015051006,36,119,001505,1006,291,161,32,2,14,0,47,35,291,94,197,139,29,0,13,0,6,10,195,191,4,0,0,0,0,0,0,0,0,0,0,089,089,0.9999999999999998
361190021032019,36,119,002103,2019,24,17,2,0,2,0,0,3,24,3,21,17,2,0,2,0,0,0,10,10,0,0,0,0,0,0,0,0,0,0,0,090,090,1.0000000000000002
361190015022002,36,119,001502,2002,76,51,5,0,4,0,7,9,76,18,58,47,5,0,4,0,0,2,27,27,0,0,0,0,0,0,0,0,0,0,0,089,089,1.0
361190007011003,36,119,000701,1003,33,12,12,0,2,0,4,3,33,8,25,12,11,0,2,0,0,0,15,15,0,0,0,0,0,0,0,0,0,0,0,089,089,1.0000000000000002
361190017011005,36,119,001701,1005,0,0,0,0,0,0,0,0,0,0,0,0,0,0,0,0,0,0,0,0,0,0,0,0,0,0,0,0,0,0,0,090,090,1.0000000000000007
361190022022001,36,119,002202,2001,0,0,0,0,0,0,0,0,0,0,0,0,0,0,0,0,0,0,0,0,0,0,0,0,0,0,0,0,0,0,0,090,090,1.0
361190006021005,36,119,000602,1005,379,22,83,18,3,0,192,61,379,290,89,6,69,0,3,0,0,11,150,145,5,0,0,0,0,0,0,0,0,0,0,090,090,0.9999999999999999
361190006022000,36,119,000602,2000,282,101,58,1,5,0,69,48,282,123,159,87,57,0,4,0,0,11,95,92,3,0,0,0,0,0,0,0,0,0,0,090,090,1.0
361190015031007,36,119,001503,1007,14,10,0,0,0,0,4,0,14,4,10,10,0,0,0,0,0,0,6,6,0,0,0,0,0,0,0,0,0,0,0,089,089,1.0000000000000002
361190021013007,36,119,002101,3007,22,8,5,0,7,0,0,2,22,2,20,8,4,0,7,0,0,1,9,0,9,0,0,0,0,0,0,0,0,0,0,090,090,0.9999999999999997
361190001012004,36,119,000101,2004,0,0,0,0,0,0,0,0,0,0,0,0,0,0,0,0,0,0,0,0,0,0,0,0,0,0,0,0,0,0,0,090,090,1.0000000000000002
361190008032003,36,119,000803,2003,113,58,4,1,20,0,11,19,113,25,88,58,2,0,20,0,3,5,38,38,0,0,0,0,0,0,0,0,0,0,0,090,090,0.9999999999999999
361190007021001,36,119,000702,1001,1444,950,136,4,105,0,96,153,1444,246,1198,909,126,0,105,0,15,43,929,852,77,0,0,0,0,0,0,0,0,0,0,092,092,1.0000000000000004
361190007021002,36,119,000702,1002,0,0,0,0,0,0,0,0,0,0,0,0,0,0,0,0,0,0,0,0,0,0,0,0,0,0,0,0,0,0,0,092,092,1.0
361190017012001,36,119,001701,2001,75,11,1,0,19,0,18,26,75,37,38,11,1,0,19,0,2,5,20,15,5,0,0,0,0,0,0,0,0,0,0,090,090,1.0000000000000002
361190017012004,36,119,001701,2004,97,37,19,1,8,0,19,13,97,23,74,37,19,0,8,0,7,3,29,28,1,7,0,0,0,0,0,7,0,0,7,090,090,0.9999999999999998
361190016003005,36,119,001600,3005,27,4,2,0,0,0,9,12,27,19,8,4,2,0,0,0,0,2,4,0,4,0,0,0,0,0,0,0,0,0,0,090,090,1.0
361190017014007,36,119,001701,4007,137,82,11,0,8,0,5,31,137,34,103,71,11,0,8,0,0,13,42,37,5,0,0,0,0,0,0,0,0,0,0,090,090,1.0
361190017013007,36,119,001701,3007,0,0,0,0,0,0,0,0,0,0,0,0,0,0,0,0,0,0,0,0,0,0,0,0,0,0,0,0,0,0,0,090,090,1.0
361190016004000,36,119,001600,4000,52,46,0,0,2,0,3,1,52,10,42,40,0,0,2,0,0,0,20,20,0,0,0,0,0,0,0,0,0,0,0,090,090,1.0000000000000002
361190016004006,36,119,001600,4006,149,59,18,2,8,0,36,26,149,82,67,45,13,0,8,0,0,1,52,52,0,0,0,0,0,0,0,0,0,0,0,090,090,1.0000000000000002
361190011022000,36,119,001102,2000,46,12,19,0,0,0,7,8,46,16,30,9,16,0,0,0,0,5,8,8,0,0,0,0,0,0,0,0,0,0,0,090,090,1.0
361190015032004,36,119,001503,2004,120,108,3,0,3,0,3,3,120,10,110,105,2,0,3,0,0,0,59,59,0,0,0,0,0,0,0,0,0,0,0,089,089,1.0000000000000002
361190024051004,36,119,002405,1004,0,0,0,0,0,0,0,0,0,0,0,0,0,0,0,0,0,0,0,0,0,0,0,0,0,0,0,0,0,0,0,090,090,1.0000000000000002
361190002053002,36,119,000205,3002,299,26,78,2,11,0,120,62,299,194,105,16,64,0,10,0,7,8,123,117,6,0,0,0,0,0,0,0,0,0,0,089,089,1.0
361190002031002,36,119,000203,1002,70,49,2,0,2,0,8,9,70,15,55,49,0,0,0,0,1,5,19,8,11,0,0,0,0,0,0,0,0,0,0,089,089,1.0000000000000002
361190013041000,36,119,001304,1000,1169,114,276,36,65,0,523,155,1169,770,399,80,236,0,58,0,18,7,387,356,31,0,0,0,0,0,0,0,0,0,0,089,089,0.999999999999999
361190012003001,36,119,001200,3001,186,15,75,6,2,0,74,14,186,93,93,14,73,2,2,0,0,2,55,55,0,0,0,0,0,0,0,0,0,0,0,090,090,1.0
361190022011025,36,119,002201,1025,0,0,0,0,0,0,0,0,0,0,0,0,0,0,0,0,0,0,0,0,0,0,0,0,0,0,0,0,0,0,0,090,090,0.9999999999999997
361190015032002,36,119,001503,2002,144,114,6,0,16,0,5,3,144,19,125,103,6,0,16,0,0,0,70,69,1,0,0,0,0,0,0,0,0,0,0,089,089,1.0000000000000002
361190015032001,36,119,001503,2001,106,67,15,0,0,0,15,9,106,27,79,64,14,0,0,0,0,1,36,34,2,0,0,0,0,0,0,0,0,0,0,089,089,1.0
361190015032006,36,119,001503,2006,132,88,24,0,7,0,10,3,132,24,108,88,12,0,7,0,1,0,80,80,0,0,0,0,0,0,0,0,0,0,0,089,089,1.0
361190015031004,36,119,001503,1004,127,93,14,0,4,0,11,5,127,24,103,91,8,0,4,0,0,0,54,47,7,0,0,0,0,0,0,0,0,0,0,089,089,1.0000000000000002
361190009003014,36,119,000900,3014,35,22,4,0,0,0,5,4,35,14,21,16,4,0,0,0,0,1,8,8,0,0,0,0,0,0,0,0,0,0,0,092,090,1.0
361190019001005,36,119,001900,1005,164,80,13,0,29,0,26,16,164,41,123,76,8,0,29,0,3,7,58,58,0,0,0,0,0,0,0,0,0,0,0,090,090,1.0000000000000002
361190021042009,36,119,002104,2009,54,35,4,0,5,0,2,8,54,10,44,35,4,0,5,0,0,0,17,17,0,0,0,0,0,0,0,0,0,0,0,090,090,1.0000000000000002
361190021042010,36,119,002104,2010,111,69,9,0,21,0,3,9,111,14,97,67,9,0,21,0,0,0,39,39,0,0,0,0,0,0,0,0,0,0,0,090,090,0.9999999999999999
361190023001013,36,119,002300,1013,278,156,19,0,20,0,58,25,278,90,188,151,17,0,17,0,2,1,98,98,0,0,0,0,0,0,0,0,0,0,0,090,090,1.0000000000000004
361190023001014,36,119,002300,1014,46,13,7,0,5,0,9,12,46,27,19,9,4,0,5,0,0,1,22,22,0,0,0,0,0,0,0,0,0,0,0,090,090,0.9999999999999999
361190008032010,36,119,000803,2010,46,24,3,4,2,0,11,2,46,16,30,22,3,0,2,0,3,0,14,5,9,7,0,0,0,0,0,7,0,0,7,090,090,1.0
361190001034000,36,119,000103,4000,452,44,84,15,7,0,242,60,452,351,101,15,76,0,7,0,0,3,144,129,15,0,0,0,0,0,0,0,0,0,0,089,089,1.0000000000000004
361190001034002,36,119,000103,4002,216,21,77,3,1,0,75,39,216,135,81,8,68,0,1,0,0,4,76,65,11,0,0,0,0,0,0,0,0,0,0,089,089,0.9999999999999998
361190024021000,36,119,002402,1000,0,0,0,0,0,0,0,0,0,0,0,0,0,0,0,0,0,0,0,0,0,0,0,0,0,0,0,0,0,0,0,090,090,0.9999999999999999
361190002042003,36,119,000204,2003,0,0,0,0,0,0,0,0,0,0,0,0,0,0,0,0,0,0,0,0,0,0,0,0,0,0,0,0,0,0,0,089,089,1.0
361190020004028,36,119,002000,4028,0,0,0,0,0,0,0,0,0,0,0,0,0,0,0,0,0,0,0,0,0,0,0,0,0,0,0,0,0,0,0,090,090,1.0
361190023001020,36,119,002300,1020,0,0,0,0,0,0,0,0,0,0,0,0,0,0,0,0,0,0,0,0,0,0,0,0,0,0,0,0,0,0,0,090,090,1.000000000000001
361190013011007,36,119,001301,1007,0,0,0,0,0,0,0,0,0,0,0,0,0,0,0,0,0,0,0,0,0,0,0,0,0,0,0,0,0,0,0,089,089,1.0
361190013011003,36,119,001301,1003,0,0,0,0,0,0,0,0,0,0,0,0,0,0,0,0,0,0,0,0,0,0,0,0,0,0,0,0,0,0,0,090,090,1.0000000000000002
361190008022010,36,119,000802,2010,0,0,0,0,0,0,0,0,0,0,0,0,0,0,0,0,0,0,0,0,0,0,0,0,0,0,0,0,0,0,0,092,090,1.0
361190021032008,36,119,002103,2008,67,61,0,0,0,0,1,5,67,5,62,61,0,0,0,0,0,1,22,22,0,0,0,0,0,0,0,0,0,0,0,090,090,0.9999999999999998
361190021033007,36,119,002103,3007,60,56,0,0,0,0,1,3,60,4,56,55,0,0,0,0,1,0,14,14,0,0,0,0,0,0,0,0,0,0,0,090,090,1.0
361190021031012,36,119,002103,1012,25,16,0,0,0,0,5,4,25,9,16,16,0,0,0,0,0,0,6,1,5,0,0,0,0,0,0,0,0,0,0,090,090,1.0
361190021033019,36,119,002103,3019,41,41,0,0,0,0,0,0,41,0,41,41,0,0,0,0,0,0,14,10,4,0,0,0,0,0,0,0,0,0,0,090,090,1.0
361190021031008,36,119,002103,1008,0,0,0,0,0,0,0,0,0,0,0,0,0,0,0,0,0,0,0,0,0,0,0,0,0,0,0,0,0,0,0,090,090,1.0000000000000009
361190021033025,36,119,002103,3025,0,0,0,0,0,0,0,0,0,0,0,0,0,0,0,0,0,0,0,0,0,0,0,0,0,0,0,0,0,0,0,090,090,0.9999999999999996
361190014031003,36,119,001403,1003,207,107,25,1,8,0,29,37,207,74,133,102,19,0,4,0,1,7,78,78,0,0,0,0,0,0,0,0,0,0,0,090,090,0.9999999999999992
361190014034006,36,119,001403,4006,198,124,10,2,2,0,47,13,198,75,123,110,8,2,2,0,0,1,93,93,0,0,0,0,0,0,0,0,0,0,0,089,089,0.9999999999999999
361190014033002,36,119,001403,3002,336,199,27,0,22,3,48,37,336,106,230,181,24,0,22,0,0,3,127,117,10,0,0,0,0,0,0,0,0,0,0,089,089,1.0000000000000004
361190014033003,36,119,001403,3003,210,132,10,0,17,0,22,29,210,61,149,123,7,0,14,0,0,5,75,75,0,0,0,0,0,0,0,0,0,0,0,089,089,0.9999999999999997
361190008012004,36,119,000801,2004,54,32,9,2,3,0,0,8,54,5,49,31,8,2,3,0,0,5,11,11,0,0,0,0,0,0,0,0,0,0,0,090,090,1.0000000000000002
361190008012005,36,119,000801,2005,55,36,2,0,5,0,0,12,55,12,43,34,2,0,5,0,0,2,20,20,0,0,0,0,0,0,0,0,0,0,0,090,090,1.0
361190008022008,36,119,000802,2008,41,26,3,0,2,0,2,8,41,6,35,26,1,0,2,0,0,6,9,9,0,0,0,0,0,0,0,0,0,0,0,090,090,1.0000000000000002
361190008013001,36,119,000801,3001,529,233,77,7,51,0,114,47,529,213,316,197,65,0,50,0,0,4,180,170,10,0,0,0,0,0,0,0,0,0,0,090,090,0.9999999999999997
361190008022013,36,119,000802,2013,0,0,0,0,0,0,0,0,0,0,0,0,0,0,0,0,0,0,0,0,0,0,0,0,0,0,0,0,0,0,0,090,090,0.9999999999999999
361190008022012,36,119,000802,2012,20,1,2,5,0,0,4,8,20,14,6,1,0,1,0,0,0,4,4,2,2,0,0,0,0,0,0,0,0,0,0,090,090,1.0000000000000002
361190016002006,36,119,001600,2006,137,73,9,0,7,0,34,14,137,53,84,65,8,0,7,0,4,0,53,39,14,0,0,0,0,0,0,0,0,0,0,090,090,1.0
361190016002000,36,119,001600,2000,112,46,21,0,10,0,7,28,112,39,73,35,19,0,10,0,2,7,42,40,2,9,0,0,0,0,0,9,0,0,9,090,090,1.0
361190016003001,36,119,001600,3001,58,12,15,0,2,0,14,15,58,30,28,10,15,0,1,0,0,2,19,19,0,0,0,0,0,0,0,0,0,0,0,090,090,1.0000000000000002
361190016001004,36,119,001600,1004,167,63,60,0,9,0,19,16,167,43,124,60,54,0,9,0,0,1,55,55,0,0,0,0,0,0,0,0,0,0,0,090,090,0.9999999999999998
361190016001005,36,119,001600,1005,85,37,18,0,1,0,15,14,85,24,61,37,17,0,1,0,1,5,36,36,0,0,0,0,0,0,0,0,0,0,0,090,090,1.0000000000000002
361190016001001,36,119,001600,1001,50,11,18,2,0,0,9,10,50,33,17,5,10,2,0,0,0,0,12,7,5,0,0,0,0,0,0,0,0,0,0,090,090,1.0
361190017014003,36,119,001701,4003,70,25,4,1,0,0,34,6,70,47,23,22,0,0,0,0,0,1,38,38,0,0,0,0,0,0,0,0,0,0,0,090,090,0.9999999999999998
361190016002004,36,119,001600,2004,172,60,14,0,0,0,71,27,172,112,60,48,10,0,0,0,0,2,68,56,12,0,0,0,0,0,0,0,0,0,0,090,090,1.0000000000000002
361190016003002,36,119,001600,3002,25,1,6,1,1,0,6,10,25,17,8,1,3,1,1,0,0,2,6,6,0,0,0,0,0,0,0,0,0,0,0,090,090,1.0
361190016003003,36,119,001600,3003,120,27,10,0,3,0,50,30,120,83,37,21,10,0,3,0,1,2,51,51,0,0,0,0,0,0,0,0,0,0,0,090,090,1.0000000000000002
361190016003010,36,119,001600,3010,64,8,7,1,14,0,21,13,64,39,25,4,6,0,14,0,0,1,21,17,4,0,0,0,0,0,0,0,0,0,0,090,090,1.0
361190016001006,36,119,001600,1006,100,39,9,5,3,0,25,19,100,47,53,34,8,0,3,0,0,8,50,50,0,0,0,0,0,0,0,0,0,0,0,090,090,1.0
361190018002003,36,119,001800,2003,115,18,27,1,3,0,49,17,115,74,41,5,27,0,3,0,0,6,36,36,0,0,0,0,0,0,0,0,0,0,0,090,090,1.0000000000000002
361190018002005,36,119,001800,2005,93,26,31,0,4,0,25,7,93,36,57,24,31,0,2,0,0,0,28,28,0,0,0,0,0,0,0,0,0,0,0,090,090,1.0000000000000002
361190017012002,36,119,001701,2002,84,41,1,0,0,0,24,18,84,38,46,39,1,0,0,0,4,2,30,30,0,0,0,0,0,0,0,0,0,0,0,090,090,1.0
361190017012000,36,119,001701,2000,29,15,2,0,3,0,2,7,29,6,23,15,2,0,3,0,1,2,18,18,0,0,0,0,0,0,0,0,0,0,0,090,090,1.0
361190017014005,36,119,001701,4005,82,34,9,0,10,0,11,18,82,27,55,32,9,0,8,0,1,5,32,32,0,0,0,0,0,0,0,0,0,0,0,090,090,1.0
361190017012006,36,119,001701,2006,79,54,4,0,3,0,13,5,79,21,58,52,2,0,3,0,0,1,32,32,0,0,0,0,0,0,0,0,0,0,0,090,090,1.0
361190017014006,36,119,001701,4006,70,33,4,0,9,0,7,17,70,24,46,33,0,0,9,0,0,4,29,26,3,0,0,0,0,0,0,0,0,0,0,090,090,1.0
361190017014004,36,119,001701,4004,213,82,20,4,8,0,75,24,213,109,104,73,20,1,8,0,0,2,98,98,0,0,0,0,0,0,0,0,0,0,0,090,090,0.9999999999999999
361190016003004,36,119,001600,3004,164,66,21,0,10,0,40,27,164,66,98,63,19,0,10,0,1,5,76,75,1,0,0,0,0,0,0,0,0,0,0,090,090,0.9999999999999999
361190016003007,36,119,001600,3007,258,89,34,8,10,0,68,49,258,152,106,68,24,0,10,0,0,4,95,94,1,0,0,0,0,0,0,0,0,0,0,090,090,1.0000000000000002
361190017014008,36,119,001701,4008,193,91,8,4,5,0,39,46,193,84,109,91,8,1,5,0,0,4,75,69,6,0,0,0,0,0,0,0,0,0,0,090,090,1.0
361190017014011,36,119,001701,4011,187,79,13,0,1,1,70,23,187,96,91,67,13,0,1,1,6,3,69,65,4,0,0,0,0,0,0,0,0,0,0,090,090,0.9999999999999998
361190017013002,36,119,001701,3002,74,64,0,0,1,0,1,8,74,9,65,60,0,0,1,0,0,4,29,29,0,0,0,0,0,0,0,0,0,0,0,090,090,1.0
361190017012007,36,119,001701,2007,90,31,9,3,26,0,10,11,90,24,66,31,6,0,25,0,4,0,32,32,0,0,0,0,0,0,0,0,0,0,0,090,090,1.0
361190017011004,36,119,001701,1004,103,49,28,0,0,0,18,8,103,30,73,44,28,0,0,0,0,1,47,47,0,0,0,0,0,0,0,0,0,0,0,090,090,1.0000000000000002
361190017014009,36,119,001701,4009,32,5,1,5,1,0,9,11,32,20,12,3,0,0,1,0,3,5,7,7,0,0,0,0,0,0,0,0,0,0,0,090,090,1.0000000000000002
361190017011002,36,119,001701,1002,112,74,2,0,5,0,19,12,112,35,77,70,2,0,5,0,0,0,46,46,0,0,0,0,0,0,0,0,0,0,0,090,090,1.0
361190017013006,36,119,001701,3006,81,41,13,0,11,0,11,5,81,14,67,41,13,0,11,0,0,2,36,36,0,0,0,0,0,0,0,0,0,0,0,090,090,1.0
361190017013010,36,119,001701,3010,116,54,8,5,0,0,33,16,116,62,54,45,8,0,0,0,0,1,43,43,0,0,0,0,0,0,0,0,0,0,0,090,090,1.0
361190016004007,36,119,001600,4007,37,12,4,0,5,0,8,8,37,20,17,12,0,0,5,0,0,0,7,7,0,0,0,0,0,0,0,0,0,0,0,090,090,1.0000000000000002
361190016004003,36,119,001600,4003,0,0,0,0,0,0,0,0,0,0,0,0,0,0,0,0,0,0,0,0,0,0,0,0,0,0,0,0,0,0,0,090,090,0.9999999999999998
361190023002001,36,119,002300,2001,85,19,41,0,0,0,20,5,85,40,45,4,41,0,0,0,0,0,30,30,0,0,0,0,0,0,0,0,0,0,0,090,090,1.0000000000000002
361190022031004,36,119,002203,1004,320,227,30,0,9,0,29,25,320,61,259,220,21,0,8,0,2,8,244,218,26,0,0,0,0,0,0,0,0,0,0,090,090,0.9999999999999996
361190022031002,36,119,002203,1002,122,75,6,1,7,0,14,19,122,36,86,67,5,1,7,0,0,6,70,70,0,0,0,0,0,0,0,0,0,0,0,090,090,1.0000000000000002
361190022024004,36,119,002202,4004,186,155,7,0,17,0,1,6,186,7,179,151,7,0,17,0,1,3,75,67,8,0,0,0,0,0,0,0,0,0,0,090,090,1.0000000000000002
361190022044003,36,119,002204,4003,92,70,2,0,4,0,3,13,92,15,77,70,2,0,4,0,0,1,65,60,5,0,0,0,0,0,0,0,0,0,0,090,090,1.0000000000000004
361190021043003,36,119,002104,3003,615,201,139,1,59,0,154,61,615,240,375,186,123,0,59,0,5,2,341,333,8,0,0,0,0,0,0,0,0,0,0,090,090,1.0
361190021043001,36,119,002104,3001,0,0,0,0,0,0,0,0,0,0,0,0,0,0,0,0,0,0,0,0,0,0,0,0,0,0,0,0,0,0,0,090,090,1.0
361190022031000,36,119,002203,1000,781,411,114,2,68,0,114,72,781,209,572,381,103,2,68,0,12,6,570,524,46,0,0,0,0,0,0,0,0,0,0,090,090,0.9999999999999998
361190014031001,36,119,001403,1001,157,80,2,0,0,0,49,26,157,77,80,73,2,0,0,0,3,2,58,55,3,0,0,0,0,0,0,0,0,0,0,090,090,1.0
361190013011008,36,119,001301,1008,163,43,4,5,37,0,46,28,163,86,77,35,4,0,37,0,1,0,59,50,9,0,0,0,0,0,0,0,0,0,0,089,089,1.0000000000000004
361190014032001,36,119,001403,2001,212,110,26,2,8,0,44,22,212,78,134,107,19,0,8,0,0,0,123,123,0,0,0,0,0,0,0,0,0,0,0,089,089,1.0000000000000002
361190014032003,36,119,001403,2003,156,72,16,3,13,0,38,14,156,52,104,66,15,3,13,0,0,7,60,56,4,0,0,0,0,0,0,0,0,0,0,089,089,1.0000000000000002
361190014034009,36,119,001403,4009,0,0,0,0,0,0,0,0,0,0,0,0,0,0,0,0,0,0,0,0,0,0,0,0,0,0,0,0,0,0,0,089,089,1.0
361190013013003,36,119,001301,3003,34,12,3,0,0,0,6,13,34,13,21,11,2,0,0,0,0,8,10,10,0,0,0,0,0,0,0,0,0,0,0,090,090,1.0000000000000002
361190002023010,36,119,000202,3010,159,36,60,0,6,0,27,30,159,52,107,35,57,0,6,0,1,8,87,86,1,0,0,0,0,0,0,0,0,0,0,089,089,1.0
361190002051003,36,119,000205,1003,248,21,48,9,15,1,117,37,248,173,75,10,30,3,15,0,8,9,72,67,5,0,0,0,0,0,0,0,0,0,0,089,089,1.0
361190002033003,36,119,000203,3003,41,17,6,0,4,0,3,11,41,23,18,11,3,0,0,0,0,4,11,10,1,0,0,0,0,0,0,0,0,0,0,089,089,1.0
361190013051006,36,119,001305,1006,492,67,57,20,6,0,231,111,492,384,108,53,40,3,6,0,0,6,152,141,11,0,0,0,0,0,0,0,0,0,0,089,089,1.0
361190013021000,36,119,001302,1000,287,33,56,8,2,2,130,56,287,206,81,20,53,0,2,0,2,4,94,94,0,0,0,0,0,0,0,0,0,0,0,089,089,1.0
361190013041003,36,119,001304,1003,158,30,33,0,16,0,44,35,158,71,87,24,33,0,14,0,5,11,32,24,8,0,0,0,0,0,0,0,0,0,0,089,089,0.9999999999999999
361190011023002,36,119,001102,3002,461,77,143,6,0,0,170,65,461,266,195,62,123,1,0,0,0,9,151,126,25,0,0,0,0,0,0,0,0,0,0,090,090,1.0000000000000004
361190012003003,36,119,001200,3003,334,141,30,2,24,0,100,37,334,156,178,123,25,2,24,0,2,2,115,115,0,0,0,0,0,0,0,0,0,0,0,090,090,1.0
361190011022009,36,119,001102,2009,54,23,12,4,0,0,12,3,54,29,25,22,2,1,0,0,0,0,11,0,11,0,0,0,0,0,0,0,0,0,0,090,090,1.0
361190013012006,36,119,001301,2006,23,13,7,0,1,0,2,0,23,2,21,12,7,0,1,0,1,0,10,10,0,0,0,0,0,0,0,0,0,0,0,090,090,0.9999999999999998
361190002042001,36,119,000204,2001,398,41,84,0,13,0,199,61,398,276,122,22,73,0,13,0,9,5,134,117,17,0,0,0,0,0,0,0,0,0,0,089,089,1.0000000000000002
361190002042002,36,119,000204,2002,681,80,150,17,32,0,291,111,681,477,204,22,132,4,32,0,2,12,339,324,15,0,0,0,0,0,0,0,0,0,0,089,089,1.0000000000000002
361190001012000,36,119,000101,2000,396,23,53,23,6,0,230,61,396,330,66,4,48,1,6,0,5,2,112,94,18,0,0,0,0,0,0,0,0,0,0,090,090,1.0000000000000002
361190012002008,36,119,001200,2008,129,17,17,3,0,0,65,27,129,99,30,3,16,0,0,0,1,10,35,35,0,0,0,0,0,0,0,0,0,0,0,090,090,0.9999999999999999
361190011012008,36,119,001101,2008,349,34,53,2,4,0,211,45,349,301,48,8,37,0,3,0,0,0,93,93,0,0,0,0,0,0,0,0,0,0,0,090,090,1.0
361190014014001,36,119,001401,4001,0,0,0,0,0,0,0,0,0,0,0,0,0,0,0,0,0,0,0,0,0,0,0,0,0,0,0,0,0,0,0,090,090,0.9999999999999998
361190014014003,36,119,001401,4003,493,281,50,9,72,0,50,31,493,90,403,263,49,1,72,0,6,12,208,206,2,7,0,0,0,0,0,7,0,0,7,090,090,0.9999999999999996
361190014013004,36,119,001401,3004,63,28,5,2,10,0,8,10,63,21,42,26,5,0,10,0,1,0,22,22,0,0,0,0,0,0,0,0,0,0,0,090,090,1.0
361190014011003,36,119,001401,1003,138,99,3,0,2,0,21,13,138,35,103,99,3,0,0,0,0,1,53,53,0,0,0,0,0,0,0,0,0,0,0,090,090,0.9999999999999999
361190014011001,36,119,001401,1001,178,135,5,0,6,0,17,15,178,28,150,134,1,0,6,0,0,9,57,57,0,0,0,0,0,0,0,0,0,0,0,090,090,0.9999999999999998
361190014011002,36,119,001401,1002,82,60,0,1,9,0,0,12,82,14,68,56,0,1,9,0,0,2,25,16,9,0,0,0,0,0,0,0,0,0,0,090,090,1.0000000000000007
361190014011010,36,119,001401,1010,86,38,0,0,20,0,16,12,86,32,54,29,0,0,20,0,0,5,26,26,0,0,0,0,0,0,0,0,0,0,0,090,090,1.0
361190014014006,36,119,001401,4006,127,65,14,1,1,0,24,22,127,47,80,63,14,1,1,0,0,1,54,51,3,0,0,0,0,0,0,0,0,0,0,090,090,0.9999999999999998
361190014011008,36,119,001401,1008,29,17,4,1,0,0,0,7,29,7,22,17,4,1,0,0,0,0,8,8,0,0,0,0,0,0,0,0,0,0,0,090,090,0.9999999999999999
361190014014004,36,119,001401,4004,13,4,0,0,1,0,5,3,13,7,6,4,0,0,1,0,0,1,7,7,0,0,0,0,0,0,0,0,0,0,0,090,090,0.9999999999999998
361190014014007,36,119,001401,4007,148,118,6,2,3,0,7,12,148,17,131,116,4,0,3,0,3,5,59,59,0,0,0,0,0,0,0,0,0,0,0,090,090,1.0
361190007021000,36,119,000702,1000,702,240,133,6,42,0,213,68,702,319,383,209,106,5,42,0,11,10,363,336,27,0,0,0,0,0,0,0,0,0,0,092,092,1.0000000000000002
361190005012002,36,119,000501,2002,85,18,10,2,0,0,40,15,85,64,21,10,9,0,0,0,0,2,33,33,0,0,0,0,0,0,0,0,0,0,0,090,090,0.9999999999999998
361190011011003,36,119,001101,1003,335,44,80,4,11,0,168,28,335,201,134,42,76,0,8,0,1,7,103,93,10,0,0,0,0,0,0,0,0,0,0,090,090,1.0000000000000002
361190010002010,36,119,001000,2010,81,9,30,0,14,0,14,14,81,27,54,8,29,0,14,0,1,2,25,24,1,0,0,0,0,0,0,0,0,0,0,090,090,1.0
361190001033001,36,119,000103,3001,137,11,19,9,4,0,64,30,137,117,20,0,11,0,4,0,2,3,34,34,0,0,0,0,0,0,0,0,0,0,0,089,089,1.0
361190001011004,36,119,000101,1004,359,30,98,1,10,3,167,50,359,258,101,5,73,0,9,0,11,3,119,102,17,0,0,0,0,0,0,0,0,0,0,089,089,1.0
361190008033002,36,119,000803,3002,53,7,13,1,3,1,18,10,53,31,22,7,9,0,3,1,0,2,19,19,0,11,0,0,0,0,0,11,0,0,11,090,090,1.0000000000000002
361190008031006,36,119,000803,1006,337,140,42,5,15,0,79,56,337,170,167,98,35,0,15,0,0,19,114,110,4,0,0,0,0,0,0,0,0,0,0,090,090,1.0000000000000002
361190008021003,36,119,000802,1003,145,20,17,4,15,0,38,51,145,92,53,15,16,0,15,0,7,0,52,52,0,0,0,0,0,0,0,0,0,0,0,090,090,0.9999999999999999
361190014014010,36,119,001401,4010,40,21,1,2,8,0,2,6,40,14,26,16,0,0,8,0,2,0,8,8,0,0,0,0,0,0,0,0,0,0,0,090,090,0.9999999999999998
361190014013000,36,119,001401,3000,114,74,10,0,7,0,6,17,114,28,86,70,4,0,7,0,0,5,43,43,0,0,0,0,0,0,0,0,0,0,0,090,090,1.0
361190014013002,36,119,001401,3002,53,30,2,0,13,0,0,8,53,6,47,30,0,0,13,0,0,4,18,17,1,0,0,0,0,0,0,0,0,0,0,090,090,1.0000000000000002
361190014013005,36,119,001401,3005,108,52,12,0,32,0,7,5,108,18,90,49,9,0,32,0,0,0,28,28,0,0,0,0,0,0,0,0,0,0,0,090,090,1.0
361190014013006,36,119,001401,3006,87,51,2,0,17,0,14,3,87,24,63,46,1,0,16,0,0,0,39,39,0,0,0,0,0,0,0,0,0,0,0,090,090,1.0
361190014013011,36,119,001401,3011,144,74,0,0,42,0,24,4,144,31,113,69,0,0,42,0,0,2,53,51,2,0,0,0,0,0,0,0,0,0,0,090,090,1.0000000000000002
361190014011009,36,119,001401,1009,44,33,1,0,2,0,1,7,44,13,31,28,0,0,2,0,0,1,16,16,0,0,0,0,0,0,0,0,0,0,0,090,090,0.9999999999999997
361190014014008,36,119,001401,4008,130,55,7,5,5,0,27,31,130,66,64,52,4,0,5,0,2,1,42,41,1,0,0,0,0,0,0,0,0,0,0,090,090,1.0000000000000002
361190014014009,36,119,001401,4009,44,27,5,1,5,0,2,4,44,4,40,27,5,0,5,0,2,1,20,17,3,0,0,0,0,0,0,0,0,0,0,090,090,1.0
361190024053010,36,119,002405,3010,76,56,0,0,3,0,9,8,76,11,65,53,0,0,3,0,5,4,33,26,7,0,0,0,0,0,0,0,0,0,0,090,090,0.9999999999999998
361190014012000,36,119,001401,2000,106,79,10,0,7,0,8,2,106,12,94,79,8,0,7,0,0,0,69,69,0,0,0,0,0,0,0,0,0,0,0,090,090,0.9999999999999997
361190014012004,36,119,001401,2004,93,49,0,0,3,0,28,13,93,44,49,45,0,0,3,0,0,1,34,32,2,0,0,0,0,0,0,0,0,0,0,090,090,1.0000000000000002
361190014022005,36,119,001402,2005,85,59,4,0,0,0,11,11,85,31,54,50,4,0,0,0,0,0,33,33,0,0,0,0,0,0,0,0,0,0,0,090,090,1.0000000000000002
361190014021012,36,119,001402,1012,86,62,2,0,14,0,2,6,86,11,75,58,2,0,14,0,0,1,27,27,0,0,0,0,0,0,0,0,0,0,0,090,090,1.0
361190014022003,36,119,001402,2003,188,141,5,2,18,0,4,18,188,24,164,141,3,0,18,0,0,2,71,71,0,0,0,0,0,0,0,0,0,0,0,090,090,1.0
361190014021011,36,119,001402,1011,92,59,9,0,4,0,4,16,92,15,77,58,9,0,4,0,0,6,28,27,1,0,0,0,0,0,0,0,0,0,0,090,090,1.0
361190001011001,36,119,000101,1001,626,63,146,1,3,0,291,122,626,469,157,15,125,0,3,0,3,11,247,242,5,0,0,0,0,0,0,0,0,0,0,089,089,1.0000000000000002
361190002042004,36,119,000204,2004,0,0,0,0,0,0,0,0,0,0,0,0,0,0,0,0,0,0,0,0,0,0,0,0,0,0,0,0,0,0,0,089,089,0.9999999999999998
361190009002008,36,119,000900,2008,0,0,0,0,0,0,0,0,0,0,0,0,0,0,0,0,0,0,0,0,0,0,0,0,0,0,0,0,0,0,0,092,092,1.0000000000000004
361190013013001,36,119,001301,3001,38,13,7,0,2,3,2,11,38,22,16,8,2,0,2,0,2,2,8,8,0,0,0,0,0,0,0,0,0,0,0,090,090,1.0
361190021011006,36,119,002101,1006,56,26,0,0,7,0,16,7,56,22,34,26,0,0,7,0,1,0,16,14,2,0,0,0,0,0,0,0,0,0,0,090,090,1.0
361190021011002,36,119,002101,1002,68,36,2,0,11,0,7,12,68,27,41,30,0,0,11,0,0,0,18,18,0,0,0,0,0,0,0,0,0,0,0,090,090,0.9999999999999999
361190021011001,36,119,002101,1001,41,18,0,0,8,0,7,8,41,14,27,16,0,0,8,0,0,3,18,18,0,0,0,0,0,0,0,0,0,0,0,090,090,1.0000000000000002
361190021011000,36,119,002101,1000,952,431,187,4,119,0,140,71,952,253,699,386,186,0,119,0,5,3,540,530,10,0,0,0,0,0,0,0,0,0,0,090,090,0.9999999999999999
361190004012005,36,119,000401,2005,144,55,28,4,13,3,19,22,144,47,97,42,24,0,13,3,4,11,100,94,6,0,0,0,0,0,0,0,0,0,0,089,089,1.0000000000000002
361190021031000,36,119,002103,1000,0,0,0,0,0,0,0,0,0,0,0,0,0,0,0,0,0,0,0,0,0,0,0,0,0,0,0,0,0,0,0,090,090,0.9999999999999997
361190021041009,36,119,002104,1009,52,38,0,0,7,0,0,7,52,11,41,33,0,0,7,0,0,1,14,14,0,0,0,0,0,0,0,0,0,0,0,090,090,1.0
361190021041010,36,119,002104,1010,38,35,0,0,0,0,1,2,38,5,33,33,0,0,0,0,0,0,18,18,0,0,0,0,0,0,0,0,0,0,0,090,090,1.0000000000000002
361190021033013,36,119,002103,3013,33,29,0,0,0,0,2,2,33,3,30,29,0,0,0,0,0,1,11,11,0,0,0,0,0,0,0,0,0,0,0,090,090,1.0
361190021032000,36,119,002103,2000,136,118,0,0,6,0,4,8,136,11,125,117,0,0,6,0,0,2,45,45,0,0,0,0,0,0,0,0,0,0,0,090,090,0.9999999999999998
361190021033009,36,119,002103,3009,115,106,5,0,0,0,3,1,115,2,113,106,5,0,0,0,1,1,45,45,0,0,0,0,0,0,0,0,0,0,0,090,090,1.0
361190021032001,36,119,002103,2001,63,54,0,1,0,0,0,8,63,1,62,54,0,0,0,0,0,8,28,28,0,0,0,0,0,0,0,0,0,0,0,090,090,0.9999999999999998
361190021033010,36,119,002103,3010,39,34,0,0,0,0,2,3,39,2,37,34,0,0,0,0,2,1,12,12,0,0,0,0,0,0,0,0,0,0,0,090,090,1.0
361190021033011,36,119,002103,3011,32,29,0,0,0,0,1,2,32,5,27,27,0,0,0,0,0,0,13,13,0,0,0,0,0,0,0,0,0,0,0,090,090,0.9999999999999999
361190021032003,36,119,002103,2003,115,101,1,0,5,0,0,8,115,4,111,97,1,0,5,0,0,8,36,36,0,0,0,0,0,0,0,0,0,0,0,090,090,1.0
361190021032017,36,119,002103,2017,49,30,3,0,4,0,2,10,49,10,39,29,3,0,4,0,2,1,15,7,8,0,0,0,0,0,0,0,0,0,0,090,090,1.0
361190021032002,36,119,002103,2002,54,52,0,0,0,0,1,1,54,1,53,52,0,0,0,0,0,1,20,20,0,0,0,0,0,0,0,0,0,0,0,090,090,1.0000000000000002
361190021033015,36,119,002103,3015,36,30,0,0,2,0,0,4,36,3,33,30,0,0,1,0,0,2,14,14,0,0,0,0,0,0,0,0,0,0,0,090,090,1.0000000000000002
361190021033017,36,119,002103,3017,52,51,0,0,1,0,0,0,52,6,46,46,0,0,0,0,0,0,16,12,4,0,0,0,0,0,0,0,0,0,0,090,090,1.0
361190021033016,36,119,002103,3016,71,71,0,0,0,0,0,0,71,0,71,71,0,0,0,0,0,0,23,23,0,0,0,0,0,0,0,0,0,0,0,090,090,1.0000000000000002
361190021033022,36,119,002103,3022,71,69,0,0,0,0,0,2,71,1,70,69,0,0,0,0,0,1,28,26,2,0,0,0,0,0,0,0,0,0,0,090,090,1.0
361190021032006,36,119,002103,2006,46,39,4,0,0,0,0,3,46,3,43,39,2,0,0,0,0,2,15,15,0,0,0,0,0,0,0,0,0,0,0,090,090,0.9999999999999999
361190021032015,36,119,002103,2015,44,42,0,0,1,0,0,1,44,6,38,36,0,0,1,0,0,1,13,13,0,0,0,0,0,0,0,0,0,0,0,090,090,1.0000000000000002
361190021032016,36,119,002103,2016,67,63,0,0,1,0,0,3,67,6,61,60,0,0,1,0,0,0,24,17,7,0,0,0,0,0,0,0,0,0,0,090,090,1.0
361190021033021,36,119,002103,3021,84,76,0,0,0,0,2,6,84,11,73,73,0,0,0,0,0,0,28,28,0,0,0,0,0,0,0,0,0,0,0,090,090,1.0
361190011023004,36,119,001102,3004,159,25,43,2,11,0,43,35,159,83,76,17,38,0,11,0,1,9,49,44,5,0,0,0,0,0,0,0,0,0,0,090,090,1.0000000000000002
361190013011010,36,119,001301,1010,50,27,5,0,0,0,13,5,50,21,29,24,3,0,0,0,2,0,18,15,3,0,0,0,0,0,0,0,0,0,0,090,090,1.0
361190013013006,36,119,001301,3006,29,6,5,0,0,0,0,18,29,16,13,6,5,0,0,0,0,2,2,2,0,0,0,0,0,0,0,0,0,0,0,090,090,1.0000000000000002
361190013012007,36,119,001301,2007,112,43,15,0,22,0,25,7,112,30,82,41,15,0,22,0,2,2,29,27,2,0,0,0,0,0,0,0,0,0,0,090,090,0.9999999999999999
361190013011012,36,119,001301,1012,71,40,11,0,5,0,10,5,71,17,54,40,9,0,5,0,0,0,26,26,0,0,0,0,0,0,0,0,0,0,0,090,090,1.0
361190013011011,36,119,001301,1011,108,34,11,0,22,0,33,8,108,36,72,33,11,0,22,0,4,2,40,39,1,0,0,0,0,0,0,0,0,0,0,090,090,1.0000000000000002
361190013013007,36,119,001301,3007,197,50,31,0,14,0,69,33,197,107,90,41,31,0,14,0,0,4,73,73,0,0,0,0,0,0,0,0,0,0,0,090,090,1.0000000000000004
361190013013008,36,119,001301,3008,287,41,30,9,4,0,140,63,287,224,63,27,26,0,4,0,3,3,109,91,18,0,0,0,0,0,0,0,0,0,0,090,090,0.9999999999999993
361190013021002,36,119,001302,1002,262,49,55,18,23,0,94,23,262,158,104,31,50,0,22,0,0,1,89,83,6,0,0,0,0,0,0,0,0,0,0,089,089,1.0000000000000002
361190013021003,36,119,001302,1003,276,36,68,0,5,0,117,50,276,157,119,35,62,0,4,0,7,11,114,103,11,0,0,0,0,0,0,0,0,0,0,089,089,1.0000000000000002
361190013021004,36,119,001302,1004,249,49,34,0,9,0,95,62,249,169,80,34,22,0,8,0,10,6,113,113,0,0,0,0,0,0,0,0,0,0,0,089,089,0.9999999999999998
361190013012021,36,119,001301,2021,52,26,6,0,9,0,1,10,52,6,46,26,6,0,9,0,1,4,22,21,1,0,0,0,0,0,0,0,0,0,0,090,090,1.0000000000000004
361190013011019,36,119,001301,1019,36,15,6,0,7,0,0,8,36,4,32,15,6,0,7,0,0,4,12,12,0,0,0,0,0,0,0,0,0,0,0,089,089,0.9999999999999999
361190013011018,36,119,001301,1018,29,12,4,0,0,0,6,7,29,17,12,11,1,0,0,0,0,0,10,6,4,0,0,0,0,0,0,0,0,0,0,089,089,1.0000000000000002
361190013011021,36,119,001301,1021,60,18,9,0,9,0,20,4,60,20,40,18,9,0,9,0,0,4,15,15,0,0,0,0,0,0,0,0,0,0,0,089,089,1.0000000000000002
361190014012001,36,119,001401,2001,74,29,11,0,1,0,21,12,74,32,42,29,6,0,1,0,2,4,23,23,0,0,0,0,0,0,0,0,0,0,0,090,090,1.0
361190024041008,36,119,002404,1008,53,27,0,0,0,0,14,12,53,21,32,27,0,0,0,0,0,5,22,15,7,0,0,0,0,0,0,0,0,0,0,090,090,1.0
361190022011032,36,119,002201,1032,0,0,0,0,0,0,0,0,0,0,0,0,0,0,0,0,0,0,0,0,0,0,0,0,0,0,0,0,0,0,0,090,090,1.0000000000000002
361190024032002,36,119,002403,2002,172,97,22,0,1,0,22,30,172,56,116,97,15,0,0,0,0,4,52,48,4,4,0,0,0,0,0,4,0,0,4,090,090,0.9999999999999998
361190021032013,36,119,002103,2013,113,99,2,0,3,0,2,7,113,15,98,92,2,0,3,0,0,1,39,39,0,0,0,0,0,0,0,0,0,0,0,090,090,1.0000000000000007
361190022011029,36,119,002201,1029,25,18,0,0,0,0,2,5,25,8,17,17,0,0,0,0,0,0,9,9,0,0,0,0,0,0,0,0,0,0,0,090,090,0.9999999999999998
